1,2,8,7.49399,455.024,99.0394,8,455.024,93.1516,7.49399,455.024,99.0394,8,455.024,93.1516,8,455.024,93.1516,8,455.024,93.1516,8,455.024,93.1516
1,2,9,7.49399,455.024,99.0394,9,455.024,85.9702,7.49399,455.024,99.0394,9,455.024,85.9702,9,455.024,85.9702,9,455.024,85.9702,9,455.024,85.9702
1,2,10,7.49399,455.024,99.0394,10,455.024,81.8328,7.49399,455.024,99.0394,10,455.024,81.8328,10,455.024,81.8328,10,455.024,81.8328,10,455.024,81.8328
1,2,11,7.49399,455.024,99.0394,11,455.024,79.3907,7.49399,455.024,99.0394,11,455.024,79.3907,11,455.024,79.3907,11,455.024,79.3907,11,455.024,79.3907
1,2,12,7.49399,455.024,99.0394,11.912,455.024,78.4986,7.49399,455.024,99.0394,11.912,455.024,78.4986,11.912,455.024,78.4986,11.912,455.024,78.4986,11.912,455.024,78.4986
1,2,13,7.49399,455.024,99.0394,11.912,455.024,78.4986,7.49399,455.024,99.0394,11.912,455.024,78.4986,11.912,455.024,78.4986,11.912,455.024,78.4986,11.912,455.024,78.4986
1,2,14,7.49399,455.024,99.0394,11.912,455.024,78.4986,7.49399,455.024,99.0394,11.912,455.024,78.4986,11.912,455.024,78.4986,11.912,455.024,78.4986,11.912,455.024,78.4986
1,2,15,7.49399,455.024,99.0394,11.912,455.024,78.4986,7.49399,455.024,99.0394,11.912,455.024,78.4986,11.912,455.024,78.4986,11.912,455.024,78.4986,11.912,455.024,78.4986
1,2,16,7.49399,455.024,99.0394,11.912,455.024,78.4986,7.49399,455.024,99.0394,11.912,455.024,78.4986,11.912,455.024,78.4986,11.912,455.024,78.4986,11.912,455.024,78.4986
1,2,17,7.49399,455.024,99.0394,11.912,455.024,78.4986,7.49399,455.024,99.0394,11.912,455.024,78.4986,11.912,455.024,78.4986,11.912,455.024,78.4986,11.912,455.024,78.4986
1,3,15,14.1807,931.079,194.875,15,931.079,185.033,14.1995,930.186,194.65,15,930.186,185.006,15,930.186,185.006,15,930.186,185.006,15,930.186,185.006
1,3,16,15.0819,895.682,192.551,16,895.682,181.838,15.1728,893.958,192.003,16,893.958,182.2,16,895.682,181.838,16,895.682,181.838,16,895.682,181.838
1,3,17,15.0819,895.682,192.551,17,895.682,173.564,15.1728,893.958,192.003,17,893.958,173.713,17,895.682,173.564,17,895.682,173.564,17,895.682,173.564
1,3,18,15.0819,895.682,192.551,18,895.682,167.488,15.1728,893.958,192.003,18,893.958,167.515,18,895.682,167.488,18,895.682,167.488,18,895.682,167.488
1,3,19,15.0819,895.682,192.551,19,895.682,162.916,15.1728,893.958,192.003,19,893.958,162.859,19,893.958,162.859,19,893.958,162.859,19,893.958,162.859
1,3,20,15.0819,895.682,192.551,20,895.682,159.465,15.1728,893.958,192.003,20,893.958,159.349,20,893.958,159.349,20,893.958,159.349,20,893.958,159.349
1,3,21,15.0819,895.682,192.551,21,895.682,156.851,15.1728,893.958,192.003,21,893.958,156.695,21,893.958,156.695,21,893.958,156.695,21,893.958,156.695
1,3,22,15.0819,895.682,192.551,22,895.682,154.861,15.1728,893.958,192.003,22,893.958,154.68,22,893.958,154.68,22,893.958,154.68,22,893.958,154.68
1,3,23,15.0819,895.682,192.551,23,895.682,153.745,15.1728,893.958,192.003,23,893.958,153.508,23,893.958,153.508,23,893.958,153.508,23,893.958,153.508
1,3,24,15.0819,895.682,192.551,23.4571,895.682,153.61,15.1728,893.958,192.003,23.5128,893.958,153.343,23.5128,893.958,153.343,23.5128,893.958,153.343,23.5128,893.958,153.343
1,3,25,15.0819,895.682,192.551,23.4571,895.682,153.61,15.1728,893.958,192.003,23.5128,893.958,153.343,23.5128,893.958,153.343,23.5128,893.958,153.343,23.5128,893.958,153.343
1,6,21,20.2898,1125.34,249.284,21,1125.34,240.613,20.3083,1125.29,249.235,21,1125.29,240.762,21,1125.34,240.613,21,1125.34,240.613,21,1125.34,240.613
1,6,22,20.2898,1125.34,249.284,22,1125.34,231.488,20.3083,1125.29,249.235,22,1125.29,231.584,22,1125.34,231.488,22,1125.34,231.488,22,1125.34,231.488
1,6,23,20.2898,1125.34,249.284,23,1125.34,224.688,20.3083,1125.29,249.235,23,1125.29,224.75,23,1125.34,224.688,23,1125.34,224.688,23,1125.34,224.688
1,6,24,20.2898,1125.34,249.284,24,1125.34,219.429,20.3083,1125.29,249.235,24,1125.29,219.465,24,1125.34,219.429,24,1125.34,219.429,24,1125.34,219.429
1,6,25,20.2898,1125.34,249.284,25,1125.34,215.324,20.3083,1125.29,249.235,25,1125.29,215.342,25,1125.34,215.324,25,1125.34,215.324,25,1125.34,215.324
1,6,26,20.2898,1125.34,249.284,26,1125.34,212.11,20.3083,1125.29,249.235,26,1125.29,212.114,26,1125.34,212.11,26,1125.34,212.11,26,1125.34,212.11
1,6,27,20.2898,1125.34,249.284,27,1125.34,209.567,20.3083,1125.29,249.235,27,1125.29,209.56,27,1125.29,209.56,27,1125.29,209.56,27,1125.29,209.56
1,6,28,20.2898,1125.34,249.284,28,1125.34,207.546,20.3083,1125.29,249.235,28,1125.29,207.53,28,1125.29,207.53,28,1125.29,207.53,28,1125.29,207.53
1,6,29,20.2898,1125.34,249.284,29,1125.34,206.1,20.3083,1125.29,249.235,29,1125.29,206.069,29,1125.29,206.069,29,1125.29,206.069,29,1125.29,206.069
1,6,30,20.2898,1125.34,249.284,30,1125.34,205.512,20.3083,1125.29,249.235,30,1125.29,205.467,30,1125.29,205.467,30,1125.29,205.467,30,1125.29,205.467
1,7,21,20.2295,1240.17,267.078,21,1240.17,257.425,20.2295,1240.17,267.078,21,1240.17,257.425,21,1240.17,257.425,21,1240.17,257.425,21,1240.17,257.425
1,7,22,20.2295,1240.17,267.078,22,1240.17,247.437,20.2295,1240.17,267.078,22,1240.17,247.437,22,1240.17,247.437,22,1240.17,247.437,22,1240.17,247.437
1,7,23,20.2295,1240.17,267.078,23,1240.17,239.535,20.2295,1240.17,267.078,23,1240.17,239.535,23,1240.17,239.535,23,1240.17,239.535,23,1240.17,239.535
1,10,30,22.2834,1196.85,249.232,30,1196.85,213.994,22.315,1196.84,249.093,30,1196.84,214,30,1205.33,213.219,30,1205.33,213.219,30,1205.33,213.219
2,1,11,10.2503,455.024,80.9208,11,455.024,77.2313,10.2503,455.024,80.9208,11,455.024,77.2313,11,455.024,77.2313,11,455.024,77.2313,11,455.024,77.2313
2,1,12,10.2503,455.024,80.9208,12,455.024,74.9144,10.2503,455.024,80.9208,12,455.024,74.9144,12,455.024,74.9144,12,455.024,74.9144,12,455.024,74.9144
2,1,13,10.2503,455.024,80.9208,13,455.024,73.9914,10.2503,455.024,80.9208,13,455.024,73.9914,13,455.024,73.9914,13,455.024,73.9914,13,455.024,73.9914
2,1,14,10.2503,455.024,80.9208,13.1095,455.024,73.9786,10.2503,455.024,80.9208,13.1095,455.024,73.9786,13.1095,455.024,73.9786,13.1095,455.024,73.9786,13.1095,455.024,73.9786
2,1,15,10.2503,455.024,80.9208,13.1095,455.024,73.9786,10.2503,455.024,80.9208,13.1095,455.024,73.9786,13.1095,455.024,73.9786,13.1095,455.024,73.9786,13.1095,455.024,73.9786
2,1,16,10.2503,455.024,80.9208,13.1095,455.024,73.9786,10.2503,455.024,80.9208,13.1095,455.024,73.9786,13.1095,455.024,73.9786,13.1095,455.024,73.9786,13.1095,455.024,73.9786
2,1,17,10.2503,455.024,80.9208,13.1095,455.024,73.9786,10.2503,455.024,80.9208,13.1095,455.024,73.9786,13.1095,455.024,73.9786,13.1095,455.024,73.9786,13.1095,455.024,73.9786
2,1,18,10.2503,455.024,80.9208,13.1095,455.024,73.9786,10.2503,455.024,80.9208,13.1095,455.024,73.9786,13.1095,455.024,73.9786,13.1095,455.024,73.9786,13.1095,455.024,73.9786
2,1,19,10.2503,455.024,80.9208,13.1095,455.024,73.9786,10.2503,455.024,80.9208,13.1095,455.024,73.9786,13.1095,455.024,73.9786,13.1095,455.024,73.9786,13.1095,455.024,73.9786
2,1,20,10.2503,455.024,80.9208,13.1095,455.024,73.9786,10.2503,455.024,80.9208,13.1095,455.024,73.9786,13.1095,455.024,73.9786,13.1095,455.024,73.9786,13.1095,455.024,73.9786
2,3,8,7.58788,440.659,93.5119,8,440.659,88.6884,7.67883,438.934,92.9635,8,438.934,89.0755,8,440.659,88.6884,8,440.659,88.6884,8,440.659,88.6884
2,3,9,7.58788,440.659,93.5119,9,440.659,81.5206,7.67883,438.934,92.9635,9,438.934,81.5445,9,440.659,81.5206,9,440.659,81.5206,9,440.659,81.5206
2,3,10,7.58788,440.659,93.5119,10,440.659,77.6457,7.67883,438.934,92.9635,10,438.934,77.5218,10,438.934,77.5218,10,438.934,77.5218,10,438.934,77.5218
2,3,11,7.58788,440.659,93.5119,11,440.659,75.5004,7.67883,438.934,92.9635,11,438.934,75.3071,11,438.934,75.3071,11,438.934,75.3071,11,438.934,75.3071
2,3,12,7.58788,440.659,93.5119,11.5451,440.659,75.1115,7.67883,438.934,92.9635,11.6008,438.934,74.8444,11.6008,438.934,74.8444,11.6008,438.934,74.8444,11.6008,438.934,74.8444
2,3,13,7.58788,440.659,93.5119,11.5451,440.659,75.1115,7.67883,438.934,92.9635,11.6008,438.934,74.8444,11.6008,438.934,74.8444,11.6008,438.934,74.8444,11.6008,438.934,74.8444
2,3,14,7.58788,440.659,93.5119,11.5451,440.659,75.1115,7.67883,438.934,92.9635,11.6008,438.934,74.8444,11.6008,438.934,74.8444,11.6008,438.934,74.8444,11.6008,438.934,74.8444
2,3,15,7.58788,440.659,93.5119,11.5451,440.659,75.1115,7.67883,438.934,92.9635,11.6008,438.934,74.8444,11.6008,438.934,74.8444,11.6008,438.934,74.8444,11.6008,438.934,74.8444
2,3,16,7.58788,440.659,93.5119,11.5451,440.659,75.1115,7.67883,438.934,92.9635,11.6008,438.934,74.8444,11.6008,438.934,74.8444,11.6008,438.934,74.8444,11.6008,438.934,74.8444
2,3,17,7.58788,440.659,93.5119,11.5451,440.659,75.1115,7.67883,438.934,92.9635,11.6008,438.934,74.8444,11.6008,438.934,74.8444,11.6008,438.934,74.8444,11.6008,438.934,74.8444
2,6,13,12.7959,670.313,150.245,13,670.313,147.621,12.8143,670.266,150.196,13,670.266,147.792,13,670.313,147.621,13,670.313,147.621,13,670.313,147.621
2,6,14,12.7959,670.313,150.245,14,670.313,138.839,12.8143,670.266,150.196,14,670.266,138.912,14,670.313,138.839,14,670.313,138.839,14,670.313,138.839
2,6,15,12.7959,670.313,150.245,15,670.313,133.622,12.8143,670.266,150.196,15,670.266,133.65,15,670.313,133.622,15,670.313,133.622,15,670.313,133.622
2,6,16,12.7959,670.313,150.245,16,670.313,130.322,12.8143,670.266,150.196,16,670.266,130.322,16.0144,670.266,130.284,15.996,670.313,130.332,15.996,670.313,130.332
2,6,17,12.7959,670.313,150.245,17,670.313,128.158,12.8143,670.266,150.196,17,670.266,128.142,17,670.266,128.142,17,670.266,128.142,17,670.266,128.142
2,6,18,12.7959,670.313,150.245,18,670.313,127.062,12.8143,670.266,150.196,18,670.266,127.022,18,670.266,127.022,18,670.266,127.022,18,670.266,127.022
2,6,19,12.7959,670.313,150.245,18.2847,670.313,126.991,12.8143,670.266,150.196,18.3018,670.266,126.944,18.298,670.266,126.943,18.298,670.266,126.943,18.298,670.266,126.943
2,6,20,12.7959,670.313,150.245,18.2847,670.313,126.991,12.8143,670.266,150.196,18.3018,670.266,126.944,18.298,670.266,126.943,18.298,670.266,126.943,18.298,670.266,126.943
2,6,21,12.7959,670.313,150.245,18.2847,670.313,126.991,12.8143,670.266,150.196,18.3018,670.266,126.944,18.298,670.266,126.943,18.298,670.266,126.943,18.298,670.266,126.943
2,6,22,12.7959,670.313,150.245,18.2847,670.313,126.991,12.8143,670.266,150.196,18.3018,670.266,126.944,18.298,670.266,126.943,18.298,670.266,126.943,18.298,670.266,126.943
2,7,13,12.7355,785.146,168.038,13,785.146,164.569,12.7355,785.146,168.038,13,785.146,164.569,13,785.146,164.569,13,785.146,164.569,13,785.146,164.569
2,7,14,12.7355,785.146,168.038,14,785.146,154.365,12.7355,785.146,168.038,14,785.146,154.365,14,785.146,154.365,14,785.146,154.365,14,785.146,154.365
2,7,15,12.7355,785.146,168.038,15,785.146,147.222,12.7355,785.146,168.038,15,785.146,147.222,15,785.146,147.222,15,785.146,147.222,15,785.146,147.222
2,7,16,12.7355,785.146,168.038,16,785.146,142.036,12.7355,785.146,168.038,16,785.146,142.036,16,785.146,142.036,16,785.146,142.036,16,785.146,142.036
2,7,17,12.7355,785.146,168.038,17,785.146,138.235,12.7355,785.146,168.038,17,785.146,138.235,17,785.146,138.235,17,785.146,138.235,17,785.146,138.235
2,7,18,12.7355,785.146,168.038,18,785.146,135.434,12.7355,785.146,168.038,18,785.146,135.434,18,785.146,135.434,18,785.146,135.434,18,785.146,135.434
2,7,19,12.7355,785.146,168.038,19,785.146,133.36,12.7355,785.146,168.038,19,785.146,133.36,19,785.146,133.36,19,785.146,133.36,19,785.146,133.36
2,7,20,12.7355,785.146,168.038,20,785.146,132.261,12.7355,785.146,168.038,20,785.146,132.261,20,785.146,132.261,20,785.146,132.261,20,785.146,132.261
2,7,21,12.7355,785.146,168.038,20.238,785.146,132.207,12.7355,785.146,168.038,20.238,785.146,132.207,20.238,785.146,132.207,20.238,785.146,132.207,20.238,785.146,132.207
2,7,22,12.7355,785.146,168.038,20.238,785.146,132.207,12.7355,785.146,168.038,20.238,785.146,132.207,20.238,785.146,132.207,20.238,785.146,132.207,20.238,785.146,132.207
2,8,20,19.9563,996.765,192.932,20,996.765,192.393,19.9563,996.765,192.932,20,996.765,192.393,20,996.765,192.393,20,996.765,192.393,20,996.765,192.393
2,8,21,19.9563,996.765,192.932,21,996.765,185.625,19.9563,996.765,192.932,21,996.765,185.625,21,996.765,185.625,21,996.765,185.625,21,996.765,185.625
3,1,20,19.3848,935.749,177.082,20,935.749,171.824,19.8846,893.958,165.918,20,893.958,164.76,20,894.099,164.586,20,894.099,164.586,20,894.099,164.586
3,1,21,19.3848,935.749,177.082,21,935.749,167.069,19.8846,893.958,165.918,21,893.958,159.263,21,894.099,159.121,21,894.099,159.122,21,894.099,159.122
3,1,22,19.3848,935.749,177.082,22,935.749,163.751,19.8846,893.958,165.918,22,893.958,155.947,22,894.099,155.811,22,894.099,155.811,22,894.099,155.811
3,1,23,19.3848,935.749,177.082,23,935.749,161.326,19.8846,893.958,165.918,23,893.958,153.683,23,894.099,153.549,23,894.099,153.549,23,894.099,153.549
3,1,24,19.3848,935.749,177.082,24,935.749,159.535,19.8846,893.958,165.918,24,893.958,152.108,24,894.099,151.975,24,894.099,151.975,24,894.099,151.975
3,1,25,19.3848,935.749,177.082,25,935.749,158.264,19.8846,893.958,165.918,25,893.958,151.163,25,894.099,151.032,25,894.099,151.032,25,894.099,151.032
3,1,26,19.3848,935.749,177.082,26,935.749,157.615,19.8846,893.958,165.918,25.6813,893.958,150.953,25.6625,894.099,150.828,25.6625,894.099,150.828,25.6625,894.099,150.828
3,1,27,19.3848,935.749,177.082,26.2951,935.749,157.572,19.8846,893.958,165.918,25.6813,893.958,150.953,25.6625,894.099,150.828,25.6625,894.099,150.828,25.6625,894.099,150.828
3,1,28,19.3848,935.749,177.082,26.2951,935.749,157.572,19.8846,893.958,165.918,25.6813,893.958,150.953,25.6625,894.099,150.828,25.6625,894.099,150.828,25.6625,894.099,150.828
3,1,29,19.3848,935.749,177.082,26.2951,935.749,157.572,19.8846,893.958,165.918,25.6813,893.958,150.953,25.6625,894.099,150.828,25.6625,894.099,150.828,25.6625,894.099,150.828
3,2,10,9.62462,439.076,84.9,10,439.076,82.1361,9.63426,438.934,84.9975,10,438.934,82.2857,10,439.076,82.1361,10,439.076,82.1361,10,439.076,82.1361
3,2,11,9.62462,439.076,84.9,11,439.076,78.7159,9.63426,438.934,84.9975,11,438.934,78.8511,11,439.076,78.7159,11,439.076,78.7159,11,439.076,78.7159
3,2,12,9.62462,439.076,84.9,12,439.076,77.1386,9.63426,438.934,84.9975,12,438.934,77.2709,12,439.076,77.1386,12,439.076,77.1386,12,439.076,77.1386
3,2,13,9.62462,439.076,84.9,12.5625,439.076,76.8497,9.63426,438.934,84.9975,12.5717,438.934,76.9747,12.5529,439.076,76.8491,12.5529,439.076,76.8491,12.5529,439.076,76.8491
3,2,14,9.62462,439.076,84.9,12.5625,439.076,76.8497,9.63426,438.934,84.9975,12.5717,438.934,76.9747,12.5529,439.076,76.8491,12.5529,439.076,76.8491,12.5529,439.076,76.8491
3,2,15,9.62462,439.076,84.9,12.5625,439.076,76.8497,9.63426,438.934,84.9975,12.5717,438.934,76.9747,12.5529,439.076,76.8491,12.5529,439.076,76.8491,12.5529,439.076,76.8491
3,2,16,9.62462,439.076,84.9,12.5625,439.076,76.8497,9.63426,438.934,84.9975,12.5717,438.934,76.9747,12.5529,439.076,76.8491,12.5529,439.076,76.8491,12.5529,439.076,76.8491
3,2,17,9.62462,439.076,84.9,12.5625,439.076,76.8497,9.63426,438.934,84.9975,12.5717,438.934,76.9747,12.5529,439.076,76.8491,12.5529,439.076,76.8491,12.5529,439.076,76.8491
3,2,18,9.62462,439.076,84.9,12.5625,439.076,76.8497,9.63426,438.934,84.9975,12.5717,438.934,76.9747,12.5529,439.076,76.8491,12.5529,439.076,76.8491,12.5529,439.076,76.8491
3,2,19,9.62462,439.076,84.9,12.5625,439.076,76.8497,9.63426,438.934,84.9975,12.5717,438.934,76.9747,12.5529,439.076,76.8491,12.5529,439.076,76.8491,12.5529,439.076,76.8491
3,6,12,11.6857,535.326,114.683,12,535.326,111.16,11.7042,535.279,114.634,12,535.279,111.28,12,535.326,111.16,12,535.326,111.16,12,535.326,111.16
3,6,13,11.6857,535.326,114.683,13,535.326,105.426,11.7042,535.279,114.634,13,535.279,105.444,13,535.326,105.426,13,535.326,105.427,13,535.326,105.427
3,6,14,11.6857,535.326,114.683,14,535.326,102.861,11.7042,535.279,114.634,14,535.279,102.846,14,535.279,102.846,14,535.279,102.846,14,535.279,102.846
3,6,15,11.6857,535.326,114.683,15,535.326,101.747,11.7042,535.279,114.634,15,535.279,101.706,15,535.279,101.706,15,535.279,101.706,15,535.279,101.706
3,6,16,11.6857,535.326,114.683,15.3227,535.326,101.672,11.7042,535.279,114.634,15.3398,535.279,101.625,15.3264,535.279,101.624,15.3264,535.279,101.624,15.3264,535.279,101.624
3,6,17,11.6857,535.326,114.683,15.3227,535.326,101.672,11.7042,535.279,114.634,15.3398,535.279,101.625,15.3264,535.279,101.624,15.3264,535.279,101.624,15.3264,535.279,101.624
3,6,18,11.6857,535.326,114.683,15.3227,535.326,101.672,11.7042,535.279,114.634,15.3398,535.279,101.625,15.3264,535.279,101.624,15.3264,535.279,101.624,15.3264,535.279,101.624
3,6,19,11.6857,535.326,114.683,15.3227,535.326,101.672,11.7042,535.279,114.634,15.3398,535.279,101.625,15.3264,535.279,101.624,15.3264,535.279,101.624,15.3264,535.279,101.624
3,6,20,11.6857,535.326,114.683,15.3227,535.326,101.672,11.7042,535.279,114.634,15.3398,535.279,101.625,15.3264,535.279,101.624,15.3264,535.279,101.624,15.3264,535.279,101.624
3,6,21,11.6857,535.326,114.683,15.3227,535.326,101.672,11.7042,535.279,114.634,15.3398,535.279,101.625,15.3264,535.279,101.624,15.3264,535.279,101.624,15.3264,535.279,101.624
3,7,10,8.6173,539.582,112.664,10,539.582,99.5605,9.11698,529.707,110.027,10,529.707,100.745,10,537.99,98.7928,10,537.99,98.7929,10,537.99,98.7929
3,7,11,8.6173,539.582,112.664,11,539.582,94.412,9.11698,529.707,110.027,11,529.707,94.6778,11,537.99,93.6676,11,537.99,93.6676,11,537.99,93.6676
3,7,12,8.6173,539.582,112.664,12,539.582,91.1184,9.11698,529.707,110.027,12,529.707,91.0829,12,537.99,90.4037,12,537.99,90.4037,12,537.99,90.4037
3,7,13,8.6173,539.582,112.664,13,539.582,88.9858,9.11698,529.707,110.027,13,529.707,88.8829,13,537.99,88.3003,13,537.99,88.3003,13,537.99,88.3003
3,7,14,8.6173,539.582,112.664,13.9494,539.582,88.2368,9.11698,529.707,110.027,13.9162,529.707,88.1673,14,537.99,87.5395,14,537.99,87.5395,14,537.99,87.5395
3,7,15,8.6173,539.582,112.664,13.9494,539.582,88.2368,9.11698,529.707,110.027,13.9162,529.707,88.1673,14.0009,537.99,87.5395,14.0009,537.99,87.5395,14.0009,537.99,87.5395
3,7,16,8.6173,539.582,112.664,13.9494,539.582,88.2368,9.11698,529.707,110.027,13.9162,529.707,88.1673,14.0009,537.99,87.5395,14.0009,537.99,87.5395,14.0009,537.99,87.5395
3,7,17,8.6173,539.582,112.664,13.9494,539.582,88.2368,9.11698,529.707,110.027,13.9162,529.707,88.1673,14.0009,537.99,87.5395,14.0009,537.99,87.5395,14.0009,537.99,87.5395
3,7,18,8.6173,539.582,112.664,13.9494,539.582,88.2368,9.11698,529.707,110.027,13.9162,529.707,88.1673,14.0009,537.99,87.5395,14.0009,537.99,87.5395,14.0009,537.99,87.5395
3,8,25,24.2438,1246.49,248.775,25,1246.49,241.189,24.2622,1246.44,248.726,25,1246.44,241.292,25,1246.49,241.189,25,1246.49,241.189,25,1246.49,241.189
3,8,26,24.2438,1246.49,248.775,26,1246.49,234.203,24.2622,1246.44,248.726,26,1246.44,234.266,26,1246.49,234.203,26,1246.49,234.203,26,1246.49,234.203
3,8,27,24.2438,1246.49,248.775,27,1246.49,228.835,24.2622,1246.44,248.726,27,1246.44,228.874,27,1246.49,228.835,27,1246.49,228.835,27,1246.49,228.835
6,1,24,20.5431,1168.24,237.136,24,1168.24,209.583,23.2442,1125.29,213.599,24,1125.29,206.612,24,1125.48,206.421,24,1125.48,206.421,24,1125.48,206.421
6,1,25,20.5431,1168.24,237.136,25,1168.24,205.401,23.2442,1125.29,213.599,25,1125.29,201.056,25,1125.48,200.881,25,1125.48,200.881,25,1125.48,200.881
6,1,26,20.5431,1168.24,237.136,26,1168.24,202.084,23.2442,1125.29,213.599,26,1125.29,197.14,26,1125.48,196.97,26,1125.48,196.97,26,1125.48,196.97
6,1,27,20.5431,1168.24,237.136,27,1168.24,199.408,23.2442,1125.29,213.599,27,1125.29,194.223,27,1125.48,194.054,27,1125.48,194.054,27,1125.48,194.054
6,1,28,20.5431,1168.24,237.136,28,1168.24,197.24,23.2442,1125.29,213.599,28,1125.29,191.993,28,1125.48,191.826,28,1125.48,191.826,28,1125.48,191.826
6,1,29,20.5431,1168.24,237.136,29,1168.24,195.494,23.2442,1125.29,213.599,29,1125.29,190.277,29,1125.48,190.111,29,1125.48,190.111,29,1125.48,190.111
6,1,30,20.5431,1168.24,237.136,30,1168.24,194.276,23.2442,1125.29,213.599,30,1125.29,189.053,30,1125.48,188.889,30,1125.48,188.889,30,1125.48,188.889
6,2,13,12.9824,670.454,132.575,13,670.454,132.296,12.9938,670.266,132.678,13,670.266,132.573,13,670.454,132.296,13,670.454,132.296,13,670.454,132.296
6,2,14,12.9824,670.454,132.575,14,670.454,124.09,12.9938,670.266,132.678,14,670.266,124.272,14,670.454,124.09,14,670.454,124.091,14,670.454,124.091
6,2,15,12.9824,670.454,132.575,15,670.454,119.74,12.9938,670.266,132.678,15,670.266,119.91,15,670.454,119.74,15,670.454,119.74,15,670.454,119.74
6,2,16,12.9824,670.454,132.575,16,670.454,117.007,12.9938,670.266,132.678,16,670.266,117.175,16,670.454,117.007,16,670.454,117.007,16,670.454,117.007
6,2,17,12.9824,670.454,132.575,17,670.454,115.203,12.9938,670.266,132.678,17,670.266,115.369,17,670.454,115.203,17,670.454,115.203,17,670.454,115.203
6,2,18,12.9824,670.454,132.575,18,670.454,114.282,12.9938,670.266,132.678,18,670.266,114.442,18,670.454,114.282,18,670.454,114.282,18,670.454,114.282
6,2,19,12.9824,670.454,132.575,18.3178,670.454,114.212,12.9938,670.266,132.678,18.3332,670.266,114.366,18.3178,670.454,114.212,18.3178,670.454,114.212,18.3178,670.454,114.212
6,2,20,12.9824,670.454,132.575,18.3178,670.454,114.212,12.9938,670.266,132.678,18.3332,670.266,114.366,18.3178,670.454,114.212,18.3178,670.454,114.212,18.3178,670.454,114.212
6,2,21,12.9824,670.454,132.575,18.3178,670.454,114.212,12.9938,670.266,132.678,18.3332,670.266,114.366,18.3178,670.454,114.212,18.3178,670.454,114.212,18.3178,670.454,114.212
6,2,22,12.9824,670.454,132.575,18.3178,670.454,114.212,12.9938,670.266,132.678,18.3332,670.266,114.366,18.3178,670.454,114.212,18.3178,670.454,114.212,18.3178,670.454,114.212
6,3,10,9.77535,537.05,105.705,10,537.05,102.84,9.86805,535.279,105.162,10,535.279,103.383,10,537.05,102.84,10,537.05,102.84,10,537.05,102.84
7,1,28,26.6206,1302.6,247.652,28,1302.6,238.067,27.2062,1240.17,231.421,28,1240.17,226.123,28,1240.31,225.972,28,1240.31,225.972,28,1240.31,225.972
7,1,29,26.6206,1302.6,247.652,29,1302.6,233.669,27.2062,1240.17,231.421,29,1240.17,221.451,29,1240.31,221.31,29,1240.31,221.31,29,1240.31,221.31
7,1,30,26.6206,1302.6,247.652,30,1302.6,230.226,27.2062,1240.17,231.421,30,1240.17,218.032,30,1240.31,217.895,30,1240.31,217.895,30,1240.31,217.895
7,1,31,26.6206,1302.6,247.652,31,1302.6,227.486,27.2062,1240.17,231.421,31,1240.17,215.432,31,1240.31,215.297,31,1240.31,215.297,31,1240.31,215.297
7,1,32,26.6206,1302.6,247.652,32,1302.6,225.288,27.2062,1240.17,231.421,32,1240.17,213.433,32,1240.31,213.299,32,1240.31,213.299,32,1240.31,213.299
7,1,33,26.6206,1302.6,247.652,33,1302.6,223.519,27.2062,1240.17,231.421,33,1240.17,211.896,33,1240.31,211.762,33,1240.31,211.762,33,1240.31,211.762
7,1,34,26.6206,1302.6,247.652,34,1302.6,222.125,27.2062,1240.17,231.421,34,1240.17,210.858,34,1240.31,210.727,34,1240.31,210.727,34,1240.31,210.727
7,1,35,26.6206,1302.6,247.652,35,1302.6,221.201,27.2062,1240.17,231.421,35,1240.17,210.427,35,1240.31,210.301,35,1240.31,210.301,35,1240.31,210.301
7,1,36,26.6206,1302.6,247.652,36,1302.6,220.811,27.2062,1240.17,231.421,35.1339,1240.17,210.418,35.1156,1240.31,210.292,35.1156,1240.31,210.292,35.1156,1240.31,210.292
7,2,17,16.8604,805.93,155.47,17,805.93,154.287,16.9558,785.146,150.5,17,785.146,150.132,17,785.288,149.959,17,785.288,149.959,17,785.288,149.959
7,2,18,16.8604,805.93,155.47,18,805.93,148.613,16.9558,785.146,150.5,18,785.146,144.344,18,785.288,144.201,18,785.288,144.201,18,785.288,144.201
7,2,19,16.8604,805.93,155.47,19,805.93,145.053,16.9558,785.146,150.5,19,785.146,140.834,19,785.288,140.697,19,785.288,140.697,19,785.288,140.697
7,2,20,16.8604,805.93,155.47,20,805.93,142.663,16.9558,785.146,150.5,20,785.146,138.541,20,785.288,138.406,20,785.288,138.406,20,785.288,138.406
7,2,21,16.8604,805.93,155.47,21,805.93,141.023,16.9558,785.146,150.5,21,785.146,137.027,21,785.288,136.894,21,785.288,136.894,21,785.288,136.894
7,2,22,16.8604,805.93,155.47,22,805.93,140.166,16.9558,785.146,150.5,22,785.146,136.439,22,785.288,136.314,22,785.288,136.314,22,785.288,136.314
7,2,23,16.8604,805.93,155.47,22.34,805.93,140.084,16.9558,785.146,150.5,22.0243,785.146,136.439,22.0061,785.288,136.314,22.0061,785.288,136.314,22.0061,785.288,136.314
7,2,24,16.8604,805.93,155.47,22.34,805.93,140.084,16.9558,785.146,150.5,22.0243,785.146,136.439,22.0061,785.288,136.314,22.0061,785.288,136.314,22.0061,785.288,136.314
7,2,25,16.8604,805.93,155.47,22.34,805.93,140.084,16.9558,785.146,150.5,22.0243,785.146,136.439,22.0061,785.288,136.314,22.0061,785.288,136.314,22.0061,785.288,136.314
7,2,26,16.8604,805.93,155.47,22.34,805.93,140.084,16.9558,785.146,150.5,22.0243,785.146,136.439,22.0061,785.288,136.314,22.0061,785.288,136.314,22.0061,785.288,136.314
7,3,12,11.2053,558.661,108.132,12,558.661,102.213,11.3074,529.707,101.557,12,529.707,96.6231,12,529.707,96.6231,12,529.707,96.6231,12,529.707,96.6231
7,3,13,11.2053,558.661,108.132,13,558.661,98.2528,11.3074,529.707,101.557,13,529.707,92.9062,13.3852,537.515,91.7076,12.7878,529.707,93.5027,12.7878,529.707,93.5027
7,3,14,11.2053,558.661,108.132,14,558.661,95.9986,11.3074,529.707,101.557,14,529.707,90.9525,14,537.52,90.2492,14,537.52,90.2492,14,537.52,90.2492
7,3,15,11.2053,558.661,108.132,15,558.661,94.9254,11.3074,529.707,101.557,14.7015,529.707,90.4591,15,537.52,88.9836,15,537.52,88.9836,15,537.52,88.9836
7,3,16,11.2053,558.661,108.132,15.1211,558.661,94.9073,11.3074,529.707,101.557,14.7015,529.707,90.4591,15.7404,537.71,88.6952,15.7404,537.71,88.6952,15.7404,537.71,88.6952
7,3,17,11.2053,558.661,108.132,15.1211,558.661,94.9073,11.3074,529.707,101.557,14.7015,529.707,90.4591,15.7404,537.71,88.6952,15.7404,537.71,88.6952,15.7404,537.71,88.6952
7,3,18,11.2053,558.661,108.132,15.1211,558.661,94.9073,11.3074,529.707,101.557,14.7015,529.707,90.4591,15.7404,537.71,88.6952,15.7404,537.71,88.6952,15.7404,537.71,88.6952
7,3,19,11.2053,558.661,108.132,15.1211,558.661,94.9073,11.3074,529.707,101.557,14.7015,529.707,90.4591,15.7404,537.71,88.6952,15.7404,537.71,88.6952,15.7404,537.71,88.6952
8,1,12,11.5353,712.694,144.95,12,712.694,139.169,11.5353,712.694,144.95,12,712.694,139.169,12,712.694,139.169,12,712.694,139.169,12,712.694,139.169
8,1,13,11.5353,712.694,144.95,13,712.694,130.325,11.5353,712.694,144.95,13,712.694,130.325,13,712.694,130.325,13,712.694,130.325,13,712.694,130.325
8,1,14,11.5353,712.694,144.95,14,712.694,124.378,11.5353,712.694,144.95,14,712.694,124.378,14,712.694,124.378,14,712.694,124.378,14,712.694,124.378
8,1,15,11.5353,712.694,144.95,15,712.694,120.203,11.5353,712.694,144.95,15,712.694,120.203,15,712.694,120.203,15,712.694,120.203,15,712.694,120.203
8,1,16,11.5353,712.694,144.95,16,712.694,117.235,11.5353,712.694,144.95,16,712.694,117.235,16,712.694,117.235,16,712.694,117.235,16,712.694,117.235
8,1,17,11.5353,712.694,144.95,17,712.694,115.105,11.5353,712.694,144.95,17,712.694,115.105,17,712.694,115.105,17,712.694,115.105,17,712.694,115.105
8,1,18,11.5353,712.694,144.95,18,712.694,113.817,11.5353,712.694,144.95,18,712.694,113.817,18,712.694,113.817,18,712.694,113.817,18,712.694,113.817
8,1,19,11.5353,712.694,144.95,18.7528,712.694,113.524,11.5353,712.694,144.95,18.7528,712.694,113.524,18.7528,712.694,113.524,18.7528,712.694,113.524,18.7528,712.694,113.524
8,1,20,11.5353,712.694,144.95,18.7528,712.694,113.524,11.5353,712.694,144.95,18.7528,712.694,113.524,18.7528,712.694,113.524,18.7528,712.694,113.524,18.7528,712.694,113.524
8,1,21,11.5353,712.694,144.95,18.7528,712.694,113.524,11.5353,712.694,144.95,18.7528,712.694,113.524,18.7528,712.694,113.524,18.7528,712.694,113.524,18.7528,712.694,113.524
8,2,17,16.3615,996.765,213.527,17,996.765,205.452,16.3615,996.765,213.527,17,996.765,205.452,17,996.765,205.452,17,996.765,205.452,17,996.765,205.452
8,2,18,16.3615,996.765,213.527,18,996.765,195.747,16.3615,996.765,213.527,18,996.765,195.747,18,996.765,195.747,18,996.765,195.747,18,996.765,195.747
8,2,19,16.3615,996.765,213.527,19,996.765,188.45,16.3615,996.765,213.527,19,996.765,188.45,19,996.765,188.45,19,996.765,188.45,19,996.765,188.45
8,2,20,16.3615,996.765,213.527,20,996.765,182.773,16.3615,996.765,213.527,20,996.765,182.773,20,996.765,182.773,20,996.765,182.773,20,996.765,182.773
8,2,21,16.3615,996.765,213.527,21,996.765,178.311,16.3615,996.765,213.527,21,996.765,178.311,21,996.765,178.311,21,996.765,178.311,21,996.765,178.311
8,2,22,16.3615,996.765,213.527,22,996.765,174.798,16.3615,996.765,213.527,22,996.765,174.798,22,996.765,174.798,22,996.765,174.798,22,996.765,174.798
8,2,23,16.3615,996.765,213.527,23,996.765,172.029,16.3615,996.765,213.527,23,996.765,172.029,23,996.765,172.029,23,996.765,172.029,23,996.765,172.029
8,2,24,16.3615,996.765,213.527,24,996.765,169.842,16.3615,996.765,213.527,24,996.765,169.842,24,996.765,169.842,24,996.765,169.842,24,996.765,169.842
8,2,25,16.3615,996.765,213.527,25,996.765,168.174,16.3615,996.765,213.527,25,996.765,168.174,25,996.765,168.174,25,996.765,168.174,25,996.765,168.174
8,2,26,16.3615,996.765,213.527,26,996.765,167.343,16.3615,996.765,213.527,26,996.765,167.343,26,996.765,167.343,26,996.765,167.343,26,996.765,167.343
9,1,16,15.0228,873.464,177.731,16,873.464,166.777,15.0228,873.464,177.731,16,873.464,166.777,16,873.464,166.777,16,873.464,166.777,16,873.464,166.777
9,1,17,15.0228,873.464,177.731,17,873.464,159.381,15.0228,873.464,177.731,17,873.464,159.381,17,873.464,159.381,17,873.464,159.381,17,873.464,159.381
9,1,18,15.0228,873.464,177.731,18,873.464,154.187,15.0228,873.464,177.731,18,873.464,154.187,18,873.464,154.187,18,873.464,154.187,18,873.464,154.187
9,1,19,15.0228,873.464,177.731,19,873.464,150.385,15.0228,873.464,177.731,19,873.464,150.385,19,873.464,150.385,19,873.464,150.385,19,873.464,150.385
9,1,20,15.0228,873.464,177.731,20,873.464,147.55,15.0228,873.464,177.731,20,873.464,147.55,20,873.464,147.55,20,873.464,147.55,20,873.464,147.55
9,1,21,15.0228,873.464,177.731,21,873.464,145.412,15.0228,873.464,177.731,21,873.464,145.412,21,873.464,145.412,21,873.464,145.412,21,873.464,145.412
9,1,22,15.0228,873.464,177.731,22,873.464,143.896,15.0228,873.464,177.731,22,873.464,143.896,22,873.465,143.895,22,873.465,143.895,22,873.465,143.895
9,1,23,15.0228,873.464,177.731,23,873.464,143.161,15.0228,873.464,177.731,23,873.464,143.161,23,881.946,142.893,23,881.946,142.893,23,881.946,142.893
9,1,24,15.0228,873.464,177.731,23.5257,873.464,143.053,15.0228,873.464,177.731,23.5257,873.464,143.053,24,881.946,142.223,24,881.946,142.223,24,881.946,142.223
9,1,25,15.0228,873.464,177.731,23.5257,873.464,143.053,15.0228,873.464,177.731,23.5257,873.464,143.053,24.6198,881.946,142.089,24.6198,881.946,142.089,24.6198,881.946,142.089
9,2,14,13.9324,851.413,176.845,14,851.413,175.905,13.9324,851.413,176.845,14,851.413,175.905,14,851.413,175.905,14,851.413,175.905,14,851.413,175.905
9,2,15,13.9324,851.413,176.845,15,851.413,164.824,13.9324,851.413,176.845,15,851.413,164.824,15,851.413,164.824,15,851.413,164.824,15,851.413,164.824
9,2,16,13.9324,851.413,176.845,16,851.413,157.035,13.9324,851.413,176.845,16,851.413,157.035,16,851.413,157.035,16,851.413,157.035,16,851.413,157.035
9,2,17,13.9324,851.413,176.845,17,851.413,151.324,13.9324,851.413,176.845,17,851.413,151.324,17,851.413,151.324,17,851.413,151.324,17,851.413,151.324
9,2,18,13.9324,851.413,176.845,18,851.413,147.057,13.9324,851.413,176.845,18,851.413,147.057,18,851.413,147.057,18,851.413,147.057,18,851.413,147.057
9,13,10,6.91337,401.171,79.5365,10,401.171,66.5413,6.91337,401.171,79.5365,10,401.171,66.5413,10,401.171,66.5413,10,401.171,66.5413,10,401.171,66.5413
10,1,22,21.4492,1197.26,235.473,22,1197.26,228.595,21.4613,1196.84,235.411,22,1196.84,228.666,22,1197.26,228.595,22,1197.26,228.595,22,1197.26,228.595
10,1,23,21.4492,1197.26,235.473,23,1197.26,219.481,21.4613,1196.84,235.411,23,1196.84,219.511,23,1197.26,219.481,23,1197.26,219.481,23,1197.26,219.481
10,1,24,21.4492,1197.26,235.473,24,1197.26,212.946,21.4613,1196.84,235.411,24,1196.84,212.954,24,1197.26,212.946,24,1197.26,212.947,24,1197.26,212.947
10,1,25,21.4492,1197.26,235.473,25,1197.26,207.937,21.4613,1196.84,235.411,25,1196.84,207.929,25,1196.9,207.917,25,1196.9,207.917,25,1196.9,207.917
10,1,26,21.4492,1197.26,235.473,26,1197.26,203.988,21.4613,1196.84,235.411,26,1196.84,203.971,26,1196.9,203.946,26,1196.9,203.946,26,1196.9,203.946
10,1,27,21.4492,1197.26,235.473,27,1197.26,200.845,21.4613,1196.84,235.411,27,1196.84,200.825,27,1198.29,200.79,27,1198.29,200.79,27,1198.29,200.79
10,1,28,21.4492,1197.26,235.473,28,1197.26,198.318,21.4613,1196.84,235.411,28,1196.84,198.298,28,1198.29,198.242,28,1198.29,198.242,28,1198.29,198.242
10,1,29,21.4492,1197.26,235.473,29,1197.26,196.275,21.4613,1196.84,235.411,29,1196.84,196.257,29,1198.29,196.186,29,1198.29,196.186,29,1198.29,196.186
12,1,16,15.1656,922.612,194.819,16,922.612,184.738,15.184,922.453,194.755,16,922.453,184.864,16,922.612,184.738,16,922.612,184.738,16,922.612,184.738
12,1,17,15.1656,922.612,194.819,17,922.612,175.997,15.184,922.453,194.755,17,922.453,176.07,17,922.612,175.997,17,922.612,175.997,17,922.612,175.997
12,1,18,15.1656,922.612,194.819,18,922.612,169.505,15.184,922.453,194.755,18,922.453,169.545,18,922.612,169.505,18,922.612,169.505,18,922.612,169.505
12,1,19,15.1656,922.612,194.819,19,922.612,164.535,15.184,922.453,194.755,19,922.453,164.555,19,922.612,164.535,19,922.612,164.535,19,922.612,164.535
12,1,20,15.1656,922.612,194.819,20,922.612,160.71,15.184,922.453,194.755,20,922.453,160.714,20,922.612,160.71,20,922.612,160.71,20,922.612,160.71
12,1,21,15.1656,922.612,194.819,21,922.612,157.758,15.184,922.453,194.755,21,922.453,157.751,21,922.453,157.751,21,922.453,157.751,21,922.453,157.751
12,1,22,15.1656,922.612,194.819,22,922.612,155.47,15.184,922.453,194.755,22,922.453,155.456,22,922.453,155.456,22,922.453,155.456,22,922.453,155.456
12,1,23,15.1656,922.612,194.819,23,922.612,153.719,15.184,922.453,194.755,23,922.453,153.697,23,922.454,153.696,23,922.454,153.696,23,922.454,153.696
12,1,24,15.1656,922.612,194.819,24,922.612,152.739,15.184,922.453,194.755,24,922.453,152.708,24,922.454,152.703,24,922.454,152.703,24,922.454,152.703
12,1,25,15.1656,922.612,194.819,25,922.612,152.41,15.184,922.453,194.755,25,922.453,152.372,25,922.454,152.36,25,922.454,152.36,25,922.454,152.36
12,2,19,18.9676,1171.71,249.414,19,1171.71,248.906,18.986,1171.55,249.349,19,1171.55,249.117,19,1171.71,248.906,19,1171.71,248.906,19,1171.71,248.906
12,2,20,18.9676,1171.71,249.414,20,1171.71,236.863,18.986,1171.55,249.349,20,1171.55,236.991,20,1171.71,236.863,20,1171.71,236.863,20,1171.71,236.863
13,1,20,19.8236,1205.27,248.207,20,1205.27,245.75,19.9142,1137.71,232.674,20,1137.71,231.423,20,1137.71,231.423,20,1137.71,231.423,20,1137.71,231.423
13,1,21,19.8236,1205.27,248.207,21,1205.27,234.695,19.9142,1137.71,232.674,21,1137.71,220.269,21,1137.71,220.269,21,1137.71,220.269,21,1137.71,220.269
13,1,22,19.8236,1205.27,248.207,22,1205.27,226.444,19.9142,1137.71,232.674,22,1137.71,212.351,22,1137.71,212.351,22,1137.71,212.351,22,1137.71,212.351
13,1,23,19.8236,1205.27,248.207,23,1205.27,219.889,19.9142,1137.71,232.674,23,1137.71,206.326,23,1137.71,206.326,23,1137.71,206.326,23,1137.71,206.326
13,1,24,19.8236,1205.27,248.207,24,1205.27,214.549,19.9142,1137.71,232.674,24,1137.71,201.575,24,1137.71,201.575,24,1137.71,201.575,24,1137.71,201.575
13,1,25,19.8236,1205.27,248.207,25,1205.27,210.174,19.9142,1137.71,232.674,25,1137.71,197.798,25,1137.71,197.798,25,1137.71,197.798,25,1137.71,197.798
13,1,26,19.8236,1205.27,248.207,26,1205.27,206.583,19.9142,1137.71,232.674,26,1137.71,194.783,26,1137.71,194.783,26,1137.71,194.783,26,1137.71,194.783
13,1,27,19.8236,1205.27,248.207,27,1205.27,203.626,19.9142,1137.71,232.674,27,1137.71,192.361,27,1137.71,192.361,27,1137.71,192.361,27,1137.71,192.361
14,1,24,23.9703,1338.04,266.717,24,1338.04,266.249,23.9703,1338.04,266.717,24,1338.04,266.249,24,1338.04,266.249,24,1338.04,266.249,24,1338.04,266.249
14,1,25,23.9703,1338.04,266.717,25,1338.04,254.755,23.9703,1338.04,266.717,25,1338.04,254.755,25,1338.04,254.755,25,1338.04,254.755,25,1338.04,254.755
14,1,26,23.9703,1338.04,266.717,26,1338.04,246.582,23.9703,1338.04,266.717,26,1338.04,246.582,26,1338.04,246.582,26,1338.04,246.582,26,1338.04,246.582
14,1,27,23.9703,1338.04,266.717,27,1338.04,240.366,23.9703,1338.04,266.717,27,1338.04,240.366,27,1338.04,240.366,27,1338.04,240.366,27,1338.04,240.366
14,1,28,23.9703,1338.04,266.717,28,1338.04,235.455,23.9703,1338.04,266.717,28,1338.04,235.455,28,1338.09,235.442,28,1338.09,235.442,28,1338.09,235.442
14,1,29,23.9703,1338.04,266.717,29,1338.04,231.509,23.9703,1338.04,266.717,29,1338.04,231.509,29,1338.09,231.485,29,1338.09,231.485,29,1338.09,231.485
14,1,30,23.9703,1338.04,266.717,30,1338.04,228.321,23.9703,1338.04,266.717,30,1338.04,228.321,30,1338.09,228.288,30,1338.09,228.288,30,1338.09,228.288
16,1,20,19.3576,1200.53,252.962,20,1200.53,244.694,19.3761,1200.35,252.903,20,1200.35,244.85,20,1200.53,244.694,20,1200.53,244.694,20,1200.53,244.694
16,1,21,19.3576,1200.53,252.962,21,1200.53,234.422,19.3761,1200.35,252.903,21,1200.35,234.53,21,1200.53,234.422,21,1200.53,234.422,21,1200.53,234.422
16,17,10,8.17658,528.872,111.991,10,528.872,96.1485,8.17658,528.872,111.991,10,528.872,96.1485,10,528.872,96.1485,10,528.872,96.1486,10,528.872,96.1486
17,1,23,22.1258,1359.21,284.499,23,1359.21,273.519,22.1285,1354.21,282.802,23,1354.21,271.805,23,1354.21,271.805,23,1354.21,271.805,23,1354.21,271.805
19,1,34,33.1918,1904.36,381.695,34,1904.36,371.598,33.3224,1896.28,384.149,34,1896.28,375.434,34,1901.93,371.202,34,1901.93,371.202,34,1901.93,371.202
19,1,35,33.1918,1904.36,381.695,35,1904.36,361.75,33.3224,1896.28,384.149,35,1896.28,365.21,35,1901.93,361.309,35,1901.93,361.309,35,1901.93,361.309
19,1,36,33.1918,1904.36,381.695,36,1904.36,353.838,33.3224,1896.28,384.149,36,1896.28,357.067,36,1901.93,353.392,36,1901.93,353.392,36,1901.93,353.392
19,1,37,33.1918,1904.36,381.695,37,1904.36,347.214,33.3224,1896.28,384.149,37,1896.28,350.331,37,1901.93,346.796,37,1901.93,346.796,37,1901.93,346.796
20,1,22,21.3788,1385.93,291.048,22,1385.93,283.008,21.3788,1385.93,291.048,22,1385.93,283.008,22,1385.93,283.008,22,1385.93,283.008,22,1385.93,283.008
20,1,23,21.3788,1385.93,291.048,23,1385.93,272.166,21.3788,1385.93,291.048,23,1385.93,272.166,23,1385.93,272.166,23,1385.93,272.166,23,1385.93,272.166
20,1,24,21.3788,1385.93,291.048,24,1385.93,263.297,21.3788,1385.93,291.048,24,1385.93,263.297,24,1385.93,263.297,24,1385.93,263.297,24,1385.93,263.297
20,1,25,21.3788,1385.93,291.048,25,1385.93,255.93,21.3788,1385.93,291.048,25,1385.93,255.93,25,1385.93,255.93,25,1385.93,255.93,25,1385.93,255.93
20,1,26,21.3788,1385.93,291.048,26,1385.93,249.726,21.3788,1385.93,291.048,26,1385.93,249.726,26,1385.93,249.726,26,1385.93,249.726,26,1385.93,249.726
20,1,27,21.3788,1385.93,291.048,27,1385.93,244.464,21.3788,1385.93,291.048,27,1385.93,244.464,27,1385.93,244.464,27,1385.93,244.464,27,1385.93,244.464
20,21,10,6.2756,417.521,89.2139,10,417.521,68.561,6.2756,417.521,89.2139,10,417.521,68.561,10,417.521,68.561,10,417.521,68.561,10,417.521,68.561
21,1,26,25.821,1601.22,335.171,26,1601.22,332.644,25.834,1598.48,334.042,26,1598.48,331.684,26,1598.48,331.684,26,1598.48,331.684,26,1598.48,331.684
21,1,27,25.821,1601.22,335.171,27,1601.22,320.699,25.834,1598.48,334.042,27,1598.48,319.709,27,1598.48,319.709,27,1598.48,319.709,27,1598.48,319.709
21,1,28,25.821,1601.22,335.171,28,1601.22,310.936,25.834,1598.48,334.042,28,1598.48,309.944,28,1598.48,309.944,28,1598.48,309.944,28,1598.48,309.944
21,1,29,25.821,1601.22,335.171,29,1601.22,302.836,25.834,1598.48,334.042,29,1598.48,301.878,29,1598.48,301.878,29,1598.48,301.878,29,1598.48,301.878
23,1,37,36.664,2142.29,434.812,37,2142.29,430.24,36.7589,2136.64,438.083,37,2136.64,434.69,37,2142.29,430.24,37,2142.29,430.24,37,2142.29,430.24
23,1,38,36.664,2142.29,434.812,38,2142.29,418.68,36.7589,2136.64,438.083,38,2136.64,422.81,38,2142.29,418.68,38,2142.29,418.68,38,2142.29,418.68
23,1,39,36.664,2142.29,434.812,39,2142.29,409.155,36.7589,2136.64,438.083,39,2136.64,413.038,39,2142.29,409.155,39,2142.29,409.155,39,2142.29,409.155
23,1,40,36.664,2142.29,434.812,40,2142.29,401.164,36.7589,2136.64,438.083,40,2136.64,404.865,40,2142.29,401.164,40,2142.29,401.164,40,2142.29,401.164
25,1,26,25.3032,1649.5,346.55,26,1649.5,337.5,25.3032,1649.5,346.55,26,1649.5,337.5,26,1649.5,337.5,26,1649.5,337.5,26,1649.5,337.5
25,1,27,25.3032,1649.5,346.55,27,1649.5,326.363,25.3032,1649.5,346.55,27,1649.5,326.363,27,1649.5,326.363,27,1649.5,326.363,27,1649.5,326.363
25,1,28,25.3032,1649.5,346.55,28,1649.5,316.932,25.3032,1649.5,346.55,28,1649.5,316.932,28,1649.5,316.932,28,1649.5,316.932,28,1649.5,316.932
25,1,29,25.3032,1649.5,346.55,29,1649.5,308.893,25.3032,1649.5,346.55,29,1649.5,308.893,29,1649.5,308.893,29,1649.5,308.893,29,1649.5,308.893
25,26,10,6.2691,409.013,85.3906,10,409.013,65.5808,6.26913,408.936,85.3927,10,408.936,65.5959,10,409.071,65.5005,10,409.071,65.5005,10,409.071,65.5005
26,1,30,29.4518,1848.82,388.308,30,1848.82,381.01,29.4648,1846.08,387.179,30,1846.08,380.038,30,1846.08,380.038,30,1846.08,380.038,30,1846.08,380.038
26,1,31,29.4518,1848.82,388.308,31,1848.82,369.559,29.4648,1846.08,387.179,31,1846.08,368.568,31,1846.08,368.568,31,1846.08,368.568,31,1846.08,368.568
26,1,32,29.4518,1848.82,388.308,32,1848.82,359.864,29.4648,1846.08,387.179,32,1846.08,358.871,32,1846.08,358.871,32,1846.08,358.871,32,1846.08,358.871
26,1,33,29.4518,1848.82,388.308,33,1848.82,351.568,29.4648,1846.08,387.179,33,1846.08,350.601,33,1846.08,350.601,33,1846.08,350.601,33,1846.08,350.601
29,1,31,30.782,2000.6,422.005,31,2000.6,418.973,30.7939,2000.54,421.772,31,2000.54,418.899,31,2000.54,418.899,31,2000.54,418.899,31,2000.54,418.899
29,1,32,30.782,2000.6,422.005,32,2000.6,406.638,30.7939,2000.54,421.772,32,2000.54,406.547,32,2000.54,406.547,32,2000.54,406.547,32,2000.54,406.547
29,1,33,30.782,2000.6,422.005,33,2000.6,395.932,30.7939,2000.54,421.772,33,2000.54,395.831,33,2000.54,395.831,33,2000.54,395.831,33,2000.54,395.831
29,1,34,30.782,2000.6,422.005,34,2000.6,386.605,30.7939,2000.54,421.772,34,2000.54,386.498,34,2000.54,386.498,34,2000.54,386.498,34,2000.54,386.498
30,1,33,32.0411,2075.01,434.465,33,2075.01,422.101,32.6587,2055.74,432.606,33,2055.74,427.903,33,2075.01,422.101,33,2075.01,422.101,33,2075.01,422.101
30,1,34,32.0411,2075.01,434.465,34,2075.01,410.922,32.6587,2055.74,432.606,34,2055.74,415.784,34,2075.01,410.922,34,2075.01,410.922,34,2075.01,410.922
30,1,35,32.0411,2075.01,434.465,35,2075.01,401.146,32.6587,2055.74,432.606,35,2055.74,405.313,35,2075.01,401.146,35,2075.01,401.146,35,2075.01,401.146
31,1,39,38.1588,2440.66,506.926,39,2440.66,495.916,38.8055,2396.02,495.023,39,2396.02,492.272,39,2399.29,491.282,39,2399.29,491.282,39,2399.29,491.282
31,1,40,38.1588,2440.66,506.926,40,2440.66,484.39,38.8055,2396.02,495.023,40,2396.02,479.908,40,2399.29,479.237,40,2399.29,479.237,40,2399.29,479.237
31,1,41,38.1588,2440.66,506.926,41,2440.66,474.196,38.8055,2396.02,495.023,41,2396.02,469.214,41,2399.29,468.786,41,2399.29,468.786,41,2399.29,468.786
32,1,45,43.9783,2692.86,553.588,45,2692.86,540.469,44.6303,2677.51,546.225,45,2677.51,541.157,45,2692.17,539.737,45,2692.17,539.738,45,2692.17,539.738
32,1,46,43.9783,2692.86,553.588,46,2692.86,529.534,44.6303,2677.51,546.225,46,2677.51,529.153,46.0516,2685.98,527.875,45.891,2684.53,529.621,45.891,2684.53,529.621
33,1,39,36.7353,2413.75,508.447,39,2413.75,481.144,38.1993,2386.64,502.552,39,2386.64,491.985,39,2387.42,473.203,39,2387.42,473.203,39,2387.42,473.203
33,1,40,36.7353,2413.75,508.447,40,2413.75,471.18,38.1993,2386.64,502.552,40,2386.64,480.369,40,2387.42,463.153,40,2387.42,463.153,40,2387.42,463.153
33,1,41,36.7353,2413.75,508.447,41,2413.75,462.254,38.1993,2386.64,502.552,41,2386.64,470.106,41,2387.42,454.228,41,2387.42,454.228,41,2387.42,454.228
39,1,53,48.7246,3096.98,647.183,53,3096.98,599.214,52.1209,3010.2,614.803,53,3010.2,603.217,53.4973,3044.05,579.104,52.6548,3053.13,586.859,52.6548,3053.13,586.859
39,1,54,48.7246,3096.98,647.183,54,3096.98,590.531,52.1209,3010.2,614.803,54,3010.2,591.65,54,3044.05,574.602,54,3044.05,574.602,54,3044.05,574.602
