17015,2081,32,31.6777,32,31.8183,32,32
17015,2081,33,31.6777,33,31.8183,33,33
17015,2081,34,31.6777,34,31.8183,34,34
17015,2081,35,31.6777,35,31.8183,35,35
17015,2081,36,31.6777,36,31.8183,36,36
17015,2081,37,31.6777,37,31.8183,37,37
17015,2081,38,31.6777,38,31.8183,38,38
17015,2081,39,31.6777,39,31.8183,39,39
17015,2081,40,31.6777,40,31.8183,40,40
17015,22743,26,25.315,26,25.4442,26,26
17015,22743,27,25.315,27,25.4442,27,27
17015,22743,28,25.315,28,25.4442,28,28
17015,22743,29,25.315,29,25.4442,29,29
17015,22743,30,25.315,30,25.4442,30,30
17015,22743,31,25.315,31,25.4442,31,31
17015,22743,32,25.315,32,25.4442,32,32
17015,22743,33,25.315,33,25.4442,33,33
17015,22743,34,25.315,34,25.4442,34,34
17015,22743,35,25.315,35,25.4442,35,35
17015,22743,36,25.315,36,25.4442,36,36
17015,22743,37,25.315,37,25.4442,37,37
17015,22743,38,25.315,38,25.4442,38,38
17015,22743,39,25.315,39,25.4442,39,39
17015,22743,40,25.315,40,25.4442,40,40
17015,27915,28,27.4649,28,27.7536,28,28
17015,27915,29,27.4649,29,27.7536,29,29
17015,27915,30,27.4649,30,27.7536,30,30
17015,27915,31,27.4649,31,27.7536,31,31
17015,27915,32,27.4649,32,27.7536,32,32
17015,27915,33,27.4649,33,27.7536,33,33
17015,27915,34,27.4649,34,27.7536,34,34
17015,27915,35,27.4649,35,27.7536,35,35
17015,27915,36,27.4649,36,27.7536,36,36
17015,27915,37,27.4649,37,27.7536,37,37
17015,27915,38,27.4649,38,27.7536,38,38
17015,27915,39,27.4649,39,27.7536,39,39
17015,27915,40,27.4649,40,27.7536,40,40
17015,2988,36,35.3015,36,35.4307,36,36
17015,2988,37,35.3015,37,35.4307,37,37
17015,2988,38,35.3015,38,35.4307,38,38
17015,2988,39,35.3015,39,35.4307,39,39
17015,2988,40,35.3015,40,35.4307,40,40
17015,48760,25,23.9751,25,24.0459,25,25
17015,48760,26,23.9751,26,24.0459,26,26
17015,63521,37,36.7859,37,36.9151,37,37
17015,63521,38,36.7859,38,36.9151,38,38
17015,63521,39,36.7859,39,36.9151,39,39
17015,63521,40,36.7859,40,36.9151,40,40
17015,74369,20,19.6368,20,19.6403,20,20
17015,74369,21,19.6368,21,19.6403,21,21
17015,74369,22,19.6368,22,19.6403,22,22
17015,74369,23,19.6368,23,19.6403,23,23
17015,74369,24,19.6368,24,19.6403,24,24
17015,74369,25,19.6368,25,19.6403,25,25
17015,74369,26,19.6368,26,19.6403,26,26
17015,74369,27,19.6368,27,19.6403,27,27
17015,74369,28,19.6368,28,19.6403,28,28
17015,74369,29,19.6368,29,19.6403,29,29
17015,74369,30,19.6368,30,19.6403,30,30
17015,74369,31,19.6368,31,19.6403,31,31
17015,74369,32,19.6368,32,19.6403,32,32
17015,74369,33,19.6368,33,19.6403,33,33
17015,74369,34,19.6368,34,19.6403,34,34
17015,74369,35,19.6368,35,19.6403,35,35
17015,74369,36,19.6368,36,19.6403,36,36
17015,74369,37,19.6368,37,19.6403,37,37
17015,74369,38,19.6368,38,19.6403,38,38
17015,74369,39,19.6368,39,19.6403,39,39
17015,74369,40,19.6368,40,19.6403,40,40
17015,77697,39,38.2427,39,38.5314,39,39
17015,77697,40,38.2427,40,38.5314,40,40
2081,64605,19,18.524,19,18.936,19,19
2081,64605,20,18.524,20,18.936,20,20
2081,65223,28,27.881,28,27.9556,28,28
2081,65223,29,27.881,29,27.9556,29,29
2081,65223,30,27.881,30,27.9556,30,30
2081,65223,31,27.881,31,27.9556,31,31
2081,65223,32,27.881,32,27.9556,32,32
2081,65223,33,27.881,33,27.9556,33,33
2081,65223,34,27.881,34,27.9556,34,34
2081,65223,35,27.881,35,27.9556,35,35
2081,65223,36,27.881,36,27.9556,36,36
2081,65223,37,27.881,37,27.9556,37,37
2081,65223,38,27.881,38,27.9556,38,38
2081,65223,39,27.881,39,27.9556,39,39
2081,65223,40,27.881,40,27.9556,40,40
2081,74369,16,15.4659,16,15.4688,16,16
2081,74369,17,15.4659,17,15.4688,17,17
2081,74369,18,15.4659,18,15.4688,18,18
2081,74369,19,15.4659,19,15.4688,19,19
2081,74369,20,15.4659,20,15.4688,20,20
2081,74369,21,15.4659,21,15.4688,21,21
2081,74369,22,15.4659,22,15.4688,22,22
2081,74369,23,15.4659,23,15.4688,23,23
2081,74369,24,15.4659,24,15.4688,24,24
2081,74369,25,15.4659,25,15.4688,25,25
2081,74369,26,15.4659,26,15.4688,26,26
2081,74369,27,15.4659,27,15.4688,27,27
2081,74369,28,15.4659,28,15.4688,28,28
2081,74369,29,15.4659,29,15.4688,29,29
2081,74369,30,15.4659,29.4853,15.4688,29.4399,29.4429
2081,74369,31,15.4659,29.4853,15.4688,29.4399,29.4429
2081,74369,32,15.4659,29.4853,15.4688,29.4399,29.4429
2081,74369,33,15.4659,29.4853,15.4688,29.4399,29.4429
2081,74369,34,15.4659,29.4853,15.4688,29.4399,29.4429
2081,74369,35,15.4659,29.4853,15.4688,29.4399,29.4429
2081,74369,36,15.4659,29.4853,15.4688,29.4399,29.4429
2081,74369,37,15.4659,29.4853,15.4688,29.4399,29.4429
2081,74369,38,15.4659,29.4853,15.4688,29.4399,29.4429
2081,74369,39,15.4659,29.4853,15.4688,29.4399,29.4429
2081,74369,40,15.4659,29.4853,15.4688,29.4399,29.4429
20864,21331,33,31.1471,33,32.0076,33,33
20864,21331,34,31.1471,34,32.0076,34,34
20864,21331,35,31.1471,35,32.0076,35,35
20864,21331,36,31.1471,36,32.0076,36,36
20864,21331,37,31.1471,37,32.0076,37,37
20864,64605,39,37.6011,39,38.799,39,39
20864,64605,40,37.6011,40,38.799,40,40
20864,74369,15,14.5036,15,14.8419,15,15
20864,74369,16,14.5036,16,14.8419,16,16
20864,74369,17,14.5036,17,14.8419,17,17
20864,74369,18,14.5036,18,14.8419,18,18
20864,74369,19,14.5036,19,14.8419,19,19
20864,74369,20,14.5036,20,14.8419,20,20
20864,74369,21,14.5036,21,14.8419,21,21
20864,74369,22,14.5036,22,14.8419,22,22
20864,74369,23,14.5036,23,14.8419,23,23
20864,74369,24,14.5036,24,14.8419,24,24
20864,74369,25,14.5036,25,14.8419,25,25
20864,74369,26,14.5036,26,14.8419,26,26
20864,74369,27,14.5036,27,14.8419,27,27
20864,74369,28,14.5036,28,14.8419,28,28
20864,74369,29,14.5036,29,14.8419,29,29
20864,74369,30,14.5036,30,14.8419,29.1389,29.1389
20864,74369,31,14.5036,30.2484,14.8419,29.1389,29.1389
20864,74369,32,14.5036,30.2484,14.8419,29.1389,29.1389
20864,74369,33,14.5036,30.2484,14.8419,29.1389,29.1389
20864,74369,34,14.5036,30.2484,14.8419,29.1389,29.1389
20864,74369,35,14.5036,30.2484,14.8419,29.1389,29.1389
20864,74369,36,14.5036,30.2484,14.8419,29.1389,29.1389
20864,74369,37,14.5036,30.2484,14.8419,29.1389,29.1389
20864,74369,38,14.5036,30.2484,14.8419,29.1389,29.1389
20864,74369,39,14.5036,30.2484,14.8419,29.1389,29.1389
20864,74369,40,14.5036,30.2484,14.8419,29.1389,29.1389
21331,74369,26,24.9814,26,25.1598,26,26
22743,65223,21,20.5882,21,20.5882,21,21
22743,65223,22,20.5882,22,20.5882,22,22
22743,65223,23,20.5882,23,20.5882,23,23
22743,65223,24,20.5882,24,20.5882,24,24
22743,74369,10,8.73816,10,9.43829,10,10
22743,74369,11,8.73816,11,9.43829,11,11
22743,74369,12,8.73816,12,9.43829,12,12
22743,74369,13,8.73816,13,9.43829,13,13
22743,74369,14,8.73816,14,9.43829,14,14
22743,74369,15,8.73816,15,9.43829,15,15
22743,74369,16,8.73816,16,9.43829,16,16
22743,74369,17,8.73816,17,9.43829,17,17
22743,74369,18,8.73816,18,9.43829,18,18
22743,74369,19,8.73816,18.5484,9.43829,18.2866,18.4703
22743,74369,20,8.73816,18.5484,9.43829,18.2866,18.4703
22743,74369,21,8.73816,18.5484,9.43829,18.2866,18.4703
22743,74369,22,8.73816,18.5484,9.43829,18.2866,18.4703
22743,74369,23,8.73816,18.5484,9.43829,18.2866,18.4703
22743,74369,24,8.73816,18.5484,9.43829,18.2866,18.4703
22743,74369,25,8.73816,18.5484,9.43829,18.2866,18.4703
22743,74369,26,8.73816,18.5484,9.43829,18.2866,18.4703
22743,74369,27,8.73816,18.5484,9.43829,18.2866,18.4703
22743,74369,28,8.73816,18.5484,9.43829,18.2866,18.4703
22743,74369,29,8.73816,18.5484,9.43829,18.2866,18.4703
22743,74369,30,8.73816,18.5484,9.43829,18.2866,18.4703
22743,74369,31,8.73816,18.5484,9.43829,18.2866,18.4703
22743,74369,32,8.73816,18.5484,9.43829,18.2866,18.4703
22743,74369,33,8.73816,18.5484,9.43829,18.2866,18.4703
22743,74369,34,8.73816,18.5484,9.43829,18.2866,18.4703
22743,74369,35,8.73816,18.5484,9.43829,18.2866,18.4703
22743,74369,36,8.73816,18.5484,9.43829,18.2866,18.4703
22743,74369,37,8.73816,18.5484,9.43829,18.2866,18.4703
22743,74369,38,8.73816,18.5484,9.43829,18.2866,18.4703
22743,74369,39,8.73816,18.5484,9.43829,18.2866,18.4703
22743,74369,40,8.73816,18.5484,9.43829,18.2866,18.4703
26078,2081,39,37.2368,39,38.2686,39,39
26078,2081,40,37.2368,40,38.2686,40,40
26078,20864,18,17.2013,18,17.9953,18,18
26078,20864,19,17.2013,19,17.9953,19,19
26078,20864,20,17.2013,20,17.9953,20,20.0957
26078,20864,21,17.2013,21,17.9953,21,21
26078,20864,22,17.2013,22,17.9953,22,22
26078,20864,23,17.2013,23,17.9953,23,23
26078,20864,24,17.2013,24,17.9953,24,24
26078,20864,25,17.2013,25,17.9953,25,25
26078,20864,26,17.2013,26,17.9953,26,26
26078,20864,27,17.2013,27,17.9953,27,27
26078,20864,28,17.2013,28,17.9953,28,28
26078,20864,29,17.2013,29,17.9953,29,29
26078,20864,30,17.2013,30,17.9953,30,30
26078,20864,31,17.2013,31,17.9953,31,31
26078,20864,32,17.2013,32,17.9953,32,32
26078,20864,33,17.2013,32.847,17.9953,32.6174,32.6173
26078,20864,34,17.2013,32.847,17.9953,32.6174,32.6173
26078,20864,35,17.2013,32.847,17.9953,32.6174,32.6173
26078,20864,36,17.2013,32.847,17.9953,32.6174,32.6173
26078,20864,37,17.2013,32.847,17.9953,32.6174,32.6173
26078,20864,38,17.2013,32.847,17.9953,32.6174,32.6173
26078,20864,39,17.2013,32.847,17.9953,32.6174,32.6173
26078,20864,40,17.2013,32.847,17.9953,32.6174,32.6173
26078,22743,40,37.8693,40,39.7134,40,40
26078,48760,34,31.9633,34,33.1196,34,34
26078,48760,35,31.9633,35,33.1196,35,35
26078,48760,36,31.9633,36,33.1196,36,36
26078,48760,37,31.9633,37,33.1196,37,37.0096
26078,48760,38,31.9633,38,33.1196,38,38.1461
26078,48760,39,31.9633,39,33.1196,39,39
26078,48760,40,31.9633,40,33.1196,40,40.0009
26078,53112,32,29.8794,32,31.079,32,32.04
26078,53112,33,29.8794,33,31.079,33,33
26078,53112,34,29.8794,34,31.079,34,34
26078,53112,35,29.8794,35,31.079,35,35
26078,53112,36,29.8794,36,31.079,36,36
26078,53112,37,29.8794,37,31.079,37,37
26078,53112,38,29.8794,38,31.079,38,38
26078,53112,39,29.8794,39,31.079,39,39
26078,53112,40,29.8794,40,31.079,40,40
26078,54158,26,24.1255,26,25.2339,26,26
26078,54158,27,24.1255,27,25.2339,27,27
26078,54158,28,24.1255,28,25.2339,28,28
26078,54158,29,24.1255,29,25.2339,29,29
26078,54158,30,24.1255,30,25.2339,30,30
26078,54158,31,24.1255,31,25.2339,31,31
26078,54158,32,24.1255,32,25.2339,32,32
26078,54158,33,24.1255,33,25.2339,33,33
26078,54158,34,24.1255,34,25.2339,34,34
26078,54158,35,24.1255,35,25.2339,35,35
26078,54158,36,24.1255,36,25.2339,36,36
26078,54158,37,24.1255,37,25.2339,37,37
26078,54158,38,24.1255,38,25.2339,38,38
26078,54158,39,24.1255,39,25.2339,39,39
26078,54158,40,24.1255,40,25.2339,40,40
26078,5918,38,34.8519,38,37.054,38,38
26078,5918,39,34.8519,39,37.054,39,39
26078,5918,40,34.8519,40,37.054,40,40
26078,66349,33,31.7135,33,32.9109,33,33
26078,66349,34,31.7135,34,32.9109,34,34
26078,66349,35,31.7135,35,32.9109,35,35
26078,66349,36,31.7135,36,32.9109,36,36
26078,66349,37,31.7135,37,32.9109,37,37
26078,66349,38,31.7135,38,32.9109,38,38
26078,66349,39,31.7135,39,32.9109,39,39
26078,66349,40,31.7135,40,32.9109,40,40
26078,74369,31,29.6312,31,30.7446,31,31
26078,74369,32,29.6312,32,30.7446,32,32
26078,74369,33,29.6312,33,30.7446,33,33
26078,74369,34,29.6312,34,30.7446,34,34
26078,74369,35,29.6312,35,30.7446,35,35
26078,74369,36,29.6312,36,30.7446,36,36
26078,74369,37,29.6312,37,30.7446,37,37
26078,74369,38,29.6312,38,30.7446,38,38
26078,74369,39,29.6312,39,30.7446,39,39
26078,74369,40,29.6312,40,30.7446,40,40
26078,82330,33,31.74,33,32.5702,33,33
26078,82330,34,31.74,34,32.5702,34,34
26078,82330,35,31.74,35,32.5702,35,35
26078,82330,36,31.74,36,32.5702,36,36
26078,82330,37,31.74,37,32.5702,37,37
26078,82330,38,31.74,38,32.5702,38,38
26078,82330,39,31.74,39,32.5702,39,39
26078,82330,40,31.74,40,32.5702,40,40
27491,74369,30,29.1925,30,29.2533,30,30
27491,74369,31,29.1925,31,29.2533,31,31
27491,74369,32,29.1925,32,29.2533,32,32
27491,74369,33,29.1925,33,29.2533,33,33
27491,74369,34,29.1925,34,29.2533,34,34
27491,74369,35,29.1925,35,29.2533,35,35
27491,74369,36,29.1925,36,29.2533,36,36
27491,74369,37,29.1925,37,29.2533,37,37
27491,74369,38,29.1925,38,29.2533,38,38
27491,74369,39,29.1925,39,29.2533,39,39
27915,2081,24,23.5045,24,23.5045,24,24
27915,2081,25,23.5045,25,23.5045,25,25
27915,2081,26,23.5045,26,23.5045,26,26
27915,21331,24,23.9724,24,23.9724,24,24
27915,21331,25,23.9724,25,23.9724,25,25
27915,21331,26,23.9724,26,23.9724,26,26
27915,21331,27,23.9724,27,23.9724,27,27
27915,21331,28,23.9724,28,23.9724,28,28
27915,21331,29,23.9724,29,23.9724,29,29
27915,21331,30,23.9724,30,23.9724,30,30
27915,21331,31,23.9724,31,23.9724,31,31
27915,21331,32,23.9724,32,23.9724,32,32
27915,21331,33,23.9724,33,23.9724,33,33
27915,21331,34,23.9724,34,23.9724,34,34
27915,21331,35,23.9724,35,23.9724,35,35
27915,21331,36,23.9724,36,23.9724,36,36
27915,21331,37,23.9724,37,23.9724,37,37
27915,21331,38,23.9724,38,23.9724,38,38
27915,21331,39,23.9724,39,23.9724,39,39
27915,21331,40,23.9724,40,23.9724,40,40
27915,2988,17,16.039,17,16.039,17,17
27915,2988,18,16.039,18,16.039,18,18
27915,2988,19,16.039,19,16.039,19,19
27915,2988,20,16.039,20,16.039,20,20
27915,2988,21,16.039,21,16.039,21,21
27915,2988,22,16.039,22,16.039,22,22
27915,2988,23,16.039,23,16.039,23,23
27915,2988,24,16.039,24,16.039,24,24
27915,2988,25,16.039,25,16.039,25,25
27915,2988,26,16.039,26,16.039,26,26
27915,2988,27,16.039,27,16.039,27,27
27915,2988,28,16.039,28,16.039,28,28
27915,2988,29,16.039,29,16.039,29,29
27915,2988,30,16.039,30,16.039,30,30
27915,2988,31,16.039,31,16.039,31,31
27915,2988,32,16.039,32,16.039,32,32
27915,2988,33,16.039,33,16.039,33,33
27915,2988,34,16.039,34,16.039,34,34
27915,2988,35,16.039,35,16.039,35,35
27915,2988,36,16.039,35.1335,16.039,35.1335,35.1548
27915,2988,37,16.039,35.1335,16.039,35.1335,35.1548
27915,2988,38,16.039,35.1335,16.039,35.1335,35.1548
27915,2988,39,16.039,35.1335,16.039,35.1335,35.1548
27915,2988,40,16.039,35.1335,16.039,35.1335,35.1548
27915,63521,16,15.6562,16,15.6562,16,16
27915,63521,17,15.6562,17,15.6562,17,17
27915,63521,18,15.6562,18,15.6562,18,18
27915,63521,19,15.6562,19,15.6562,19,19
27915,63521,20,15.6562,20,15.6562,20,20
27915,63521,21,15.6562,21,15.6562,21,21
27915,63521,22,15.6562,22,15.6562,22,22
27915,63521,23,15.6562,23,15.6562,23,23
27915,63521,24,15.6562,24,15.6562,24,24
27915,63521,25,15.6562,25,15.6562,25,25
27915,63521,26,15.6562,26,15.6562,26,26
27915,63521,27,15.6562,27,15.6562,27,27
27915,63521,28,15.6562,28,15.6562,28,28
27915,63521,29,15.6562,29,15.6562,29,29
27915,63521,30,15.6562,30,15.6562,30,30
27915,63521,31,15.6562,31,15.6562,31,31
27915,63521,32,15.6562,32,15.6562,32,32
27915,63521,33,15.6562,33,15.6562,33,33
27915,63521,34,15.6562,34,15.6562,34,34
27915,63521,35,15.6562,34.4508,15.6562,34.4508,34.4507
27915,63521,36,15.6562,34.4508,15.6562,34.4508,34.4507
27915,63521,37,15.6562,34.4508,15.6562,34.4508,34.4507
27915,63521,38,15.6562,34.4508,15.6562,34.4508,34.4507
27915,63521,39,15.6562,34.4508,15.6562,34.4508,34.4507
27915,63521,40,15.6562,34.4508,15.6562,34.4508,34.4507
27915,64605,25,24.7546,25,24.7546,25,25
27915,64605,26,24.7546,26,24.7546,26,26
27915,64605,27,24.7546,27,24.7546,27,27
27915,64605,28,24.7546,28,24.7546,28,28
27915,64605,29,24.7546,29,24.7546,29,29
27915,64605,30,24.7546,30,24.7546,30,30
27915,64605,31,24.7546,31,24.7546,31,31
27915,64605,32,24.7546,32,24.7546,32,32
27915,64605,33,24.7546,33,24.7546,33,33
27915,64605,34,24.7546,34,24.7546,34,34
27915,64605,35,24.7546,35,24.7546,35,35
27915,64605,36,24.7546,36,24.7546,36,36
27915,64605,37,24.7546,37,24.7546,37,37
27915,64605,38,24.7546,38,24.7546,38,38
27915,64605,39,24.7546,39,24.7546,39,39
27915,64605,40,24.7546,40,24.7546,40,40
27915,65223,18,17.1974,18,17.1974,18,18
27915,65223,19,17.1974,19,17.1974,19,19
27915,65223,20,17.1974,20,17.1974,20,20
27915,65223,21,17.1974,21,17.1974,21,21
27915,65223,22,17.1974,22,17.1974,22,22
27915,65223,23,17.1974,23,17.1974,23,23
27915,65223,24,17.1974,24,17.1974,24,24
27915,65223,25,17.1974,25,17.1974,25,25
27915,65223,26,17.1974,26,17.1974,26,26
27915,65223,27,17.1974,27,17.1974,27,27
27915,65223,28,17.1974,28,17.1974,28,28
27915,65223,29,17.1974,29,17.1974,29,29
27915,65223,30,17.1974,30,17.1974,30,30
27915,65223,31,17.1974,31,17.1974,31,31
27915,65223,32,17.1974,32,17.1974,32,32
27915,65223,33,17.1974,33,17.1974,33,33
27915,65223,34,17.1974,34,17.1974,34,34
27915,65223,35,17.1974,35,17.1974,35,35
27915,65223,36,17.1974,36,17.1974,36,36
27915,65223,37,17.1974,37,17.1974,37,37
27915,65223,38,17.1974,37.3124,17.1974,37.3124,37.3123
27915,65223,39,17.1974,37.3124,17.1974,37.3124,37.3123
27915,65223,40,17.1974,37.3124,17.1974,37.3124,37.3123
27915,74369,17,16.2719,17,16.2719,17,17
27915,74369,18,16.2719,18,16.2719,18,18
27915,74369,19,16.2719,19,16.2719,19,19
27915,74369,20,16.2719,20,16.2719,20,20
27915,74369,21,16.2719,21,16.2719,21,21
27915,74369,22,16.2719,22,16.2719,22,22
27915,74369,23,16.2719,23,16.2719,23,23
27915,74369,24,16.2719,24,16.2719,24,24
27915,74369,25,16.2719,25,16.2719,25,25
27915,74369,26,16.2719,26,16.2719,26,26
27915,74369,27,16.2719,27,16.2719,27,27
27915,74369,28,16.2719,28,16.2719,28,28
27915,74369,29,16.2719,29,16.2719,29,29
27915,74369,30,16.2719,30,16.2719,30,30
27915,74369,31,16.2719,31,16.2719,31,31
27915,74369,32,16.2719,32,16.2719,32,32
27915,74369,33,16.2719,33,16.2719,33,33
27915,74369,34,16.2719,34,16.2719,34,34
27915,74369,35,16.2719,34.9456,16.2719,34.9456,34.9456
27915,74369,36,16.2719,34.9456,16.2719,34.9456,34.9456
27915,74369,37,16.2719,34.9456,16.2719,34.9456,34.9456
27915,74369,38,16.2719,34.9456,16.2719,34.9456,34.9456
27915,74369,39,16.2719,34.9456,16.2719,34.9456,34.9456
27915,74369,40,16.2719,34.9456,16.2719,34.9456,34.9456
27915,77697,11,10.7778,11,10.7778,11,11
27915,77697,12,10.7778,12,10.7778,12,12
27915,77697,13,10.7778,13,10.7778,13,13
27915,77697,14,10.7778,14,10.7778,14,14
27915,77697,15,10.7778,15,10.7778,15,15
27915,77697,16,10.7778,16,10.7778,16,16
27915,77697,17,10.7778,17,10.7778,17,17
27915,77697,18,10.7778,18,10.7778,18,18
27915,77697,19,10.7778,19,10.7778,19,19
27915,77697,20,10.7778,20,10.7778,20,20
27915,77697,21,10.7778,21,10.7778,21,21
27915,77697,22,10.7778,22,10.7778,22,22
27915,77697,23,10.7778,23,10.7778,23,23
27915,77697,24,10.7778,24,10.7778,24,24
27915,77697,25,10.7778,24.0513,10.7778,24.0513,24.0513
27915,77697,26,10.7778,24.0513,10.7778,24.0513,24.0513
27915,77697,27,10.7778,24.0513,10.7778,24.0513,24.0513
27915,77697,28,10.7778,24.0513,10.7778,24.0513,24.0513
27915,77697,29,10.7778,24.0513,10.7778,24.0513,24.0513
27915,77697,30,10.7778,24.0513,10.7778,24.0513,24.0513
27915,77697,31,10.7778,24.0513,10.7778,24.0513,24.0513
27915,77697,32,10.7778,24.0513,10.7778,24.0513,24.0513
27915,77697,33,10.7778,24.0513,10.7778,24.0513,24.0513
27915,77697,34,10.7778,24.0513,10.7778,24.0513,24.0513
27915,77697,35,10.7778,24.0513,10.7778,24.0513,24.0513
27915,77697,36,10.7778,24.0513,10.7778,24.0513,24.0513
27915,77697,37,10.7778,24.0513,10.7778,24.0513,24.0513
27915,77697,38,10.7778,24.0513,10.7778,24.0513,24.0513
27915,77697,39,10.7778,24.0513,10.7778,24.0513,24.0513
27915,77697,40,10.7778,24.0513,10.7778,24.0513,24.0513
2988,64605,22,20.7548,22,21.0922,22,22
2988,65223,22,21.5212,22,21.5315,22,22
2988,65223,23,21.5212,23,21.5315,23,23
2988,65223,24,21.5212,24,21.5315,24,24
2988,65223,25,21.5212,25,21.5315,25,25
2988,65223,26,21.5212,26,21.5315,26,26
2988,65223,27,21.5212,27,21.5315,27,27
2988,65223,28,21.5212,28,21.5315,28,28
2988,65223,29,21.5212,29,21.5315,29,29
2988,65223,30,21.5212,30,21.5315,30,30
2988,65223,31,21.5212,31,21.5315,31,31
2988,65223,32,21.5212,32,21.5315,32,32
2988,65223,33,21.5212,33,21.5315,33,33
2988,65223,34,21.5212,34,21.5315,34,34
2988,65223,35,21.5212,35,21.5315,35,35
2988,65223,36,21.5212,36,21.5315,36,36
2988,65223,37,21.5212,37,21.5315,37,37
2988,65223,38,21.5212,38,21.5315,38,38
2988,65223,39,21.5212,39,21.5315,39,39
2988,65223,40,21.5212,40,21.5315,40,40
2988,74369,21,19.7666,21,20.2682,21,21
2988,74369,22,19.7666,22,20.2682,22,22
2988,74369,23,19.7666,23,20.2682,23,23
2988,74369,24,19.7666,24,20.2682,24,24
2988,74369,25,19.7666,25,20.2682,25,25
2988,74369,26,19.7666,26,20.2682,26,26
2988,74369,27,19.7666,27,20.2682,27,27
2988,74369,28,19.7666,28,20.2682,28,28
2988,74369,29,19.7666,29,20.2682,29,29
2988,74369,30,19.7666,30,20.2682,30,30
2988,74369,31,19.7666,31,20.2682,31,31
2988,74369,32,19.7666,32,20.2682,32,32
2988,74369,33,19.7666,33,20.2682,33,33
2988,74369,34,19.7666,34,20.2682,34,34
2988,74369,35,19.7666,35,20.2682,35,35
2988,74369,36,19.7666,36,20.2682,36,36
2988,74369,37,19.7666,37,20.2682,37,37
2988,74369,38,19.7666,38,20.2682,38,38
2988,74369,39,19.7666,38.9943,20.2682,38.1619,38.8791
2988,74369,40,19.7666,38.9943,20.2682,38.1619,38.8791
30224,2081,38,37.7561,38,37.8245,38,38
30224,2081,39,37.7561,39,37.8245,39,39
30224,2081,40,37.7561,40,37.8245,40,40
30224,22743,30,29.0907,30,29.1208,30,30
30224,22743,31,29.0907,31,29.1208,31,31
30224,22743,32,29.0907,32,29.1208,32,32
30224,22743,33,29.0907,33,29.1208,33,33
30224,22743,34,29.0907,34,29.1208,34,34
30224,22743,35,29.0907,35,29.1208,35,35
30224,22743,36,29.0907,36,29.1208,36,36
30224,27915,32,31.2406,32,31.4302,32,32
30224,27915,33,31.2406,33,31.4302,33,33
30224,27915,34,31.2406,34,31.4302,34,34
30224,27915,35,31.2406,35,31.4302,35,35
30224,27915,36,31.2406,36,31.4302,36,36
30224,27915,37,31.2406,37,31.4302,37,37
30224,27915,38,31.2406,38,31.4302,38,38
30224,27915,39,31.2406,39,31.4302,39,39
30224,27915,40,31.2406,40,31.4302,40,40
30224,2988,40,39.0772,40,39.1073,40,40
30224,74369,26,24.9422,26,25.0135,26,26
30224,74369,27,24.9422,27,25.0135,27,27
30224,74369,28,24.9422,28,25.0135,28,28
30224,74369,29,24.9422,29,25.0135,29,29
30224,74369,30,24.9422,30,25.0135,30,30
30224,74369,31,24.9422,31,25.0135,31,31
30224,74369,32,24.9422,32,25.0135,32,32
30224,74369,33,24.9422,33,25.0135,33,33
30224,74369,34,24.9422,34,25.0135,34,34
30224,74369,35,24.9422,35,25.0135,35,35
30224,74369,36,24.9422,36,25.0135,36,36
30224,74369,37,24.9422,37,25.0135,37,37
30224,74369,38,24.9422,38,25.0135,38,38
30224,74369,39,24.9422,39,25.0135,39,39
30224,74369,40,24.9422,40,25.0135,40,40
31931,2081,34,33.8719,34,33.9102,34,34
31931,2081,35,33.8719,35,33.9102,35,35
31931,2081,36,33.8719,36,33.9102,36,36
31931,2081,37,33.8719,37,33.9102,37,37
31931,2081,38,33.8719,38,33.9102,38,38
31931,2081,39,33.8719,39,33.9102,39,39
31931,2081,40,33.8719,40,33.9102,40,40
31931,22743,25,24.8632,25,24.8632,25,25
31931,22743,26,24.8632,26,24.8632,26,26
31931,22743,27,24.8632,27,24.8632,27,27
31931,22743,28,24.8632,28,24.8632,28,28
31931,22743,29,24.8632,29,24.8632,29,29
31931,22743,30,24.8632,30,24.8632,30,30
31931,22743,31,24.8632,31,24.8632,31,31
31931,22743,32,24.8632,32,24.8632,32,32
31931,22743,33,24.8632,33,24.8632,33,33
31931,22743,34,24.8632,34,24.8632,34,34
31931,22743,35,24.8632,35,24.8632,35,35
31931,22743,36,24.8632,36,24.8632,36,36
31931,22743,37,24.8632,37,24.8632,37,37
31931,22743,38,24.8632,38,24.8632,38,38
31931,22743,39,24.8632,39,24.8632,39,39
31931,22743,40,24.8632,40,24.8632,40,40
31931,27915,28,27.0136,28,27.1731,28,28
31931,27915,29,27.0136,29,27.1731,29,29
31931,27915,30,27.0136,30,27.1731,30,30
31931,27915,31,27.0136,31,27.1731,31,31
31931,27915,32,27.0136,32,27.1731,32,32
31931,27915,33,27.0136,33,27.1731,33,33
31931,27915,34,27.0136,34,27.1731,34,34
31931,27915,35,27.0136,35,27.1731,35,35
31931,27915,36,27.0136,36,27.1731,36,36
31931,27915,37,27.0136,37,27.1731,37,37
31931,27915,38,27.0136,38,27.1731,38,38
31931,27915,39,27.0136,39,27.1731,39,39
31931,27915,40,27.0136,40,27.1731,40,40
31931,2988,35,34.8497,35,34.8497,35,35
31931,2988,36,34.8497,36,34.8497,36,36
31931,2988,37,34.8497,37,34.8497,37,37
31931,2988,38,34.8497,38,34.8497,38,38
31931,2988,39,34.8497,39,34.8497,39,39
31931,2988,40,34.8497,40,34.8497,40,40
31931,48760,26,25.3963,26,25.4375,26,26
31931,48760,27,25.3963,27,25.4375,27,27
31931,48760,28,25.3963,28,25.4375,28,28
31931,48760,29,25.3963,29,25.4375,29,29
31931,48760,30,25.3963,30,25.4375,30,30
31931,48760,31,25.3963,31,25.4375,31,31
31931,48760,32,25.3963,32,25.4375,32,32
31931,48760,33,25.3963,33,25.4375,33,33
31931,48760,34,25.3963,34,25.4375,34,34
31931,48760,35,25.3963,35,25.4375,35,35
31931,48760,36,25.3963,36,25.4375,36,36
31931,48760,37,25.3963,37,25.4375,37,37
31931,48760,38,25.3963,38,25.4375,38,38
31931,48760,39,25.3963,39,25.4375,39,39
31931,48760,40,25.3963,40,25.4375,40,40
31931,63521,37,36.3341,37,36.3341,37,37
31931,63521,38,36.3341,38,36.3341,38,38
31931,63521,39,36.3341,39,36.3341,39,39
31931,63521,40,36.3341,40,36.3341,40,40
31931,74369,22,21.058,22,21.0992,22,22
31931,74369,23,21.058,23,21.0992,23,23
31931,74369,24,21.058,24,21.0992,24,24
31931,74369,25,21.058,25,21.0992,25,25
31931,74369,26,21.058,26,21.0992,26,26
31931,74369,27,21.058,27,21.0992,27,27
31931,74369,28,21.058,28,21.0992,28,28
31931,74369,29,21.058,29,21.0992,29,29
31931,74369,30,21.058,30,21.0992,30,30
31931,74369,31,21.058,31,21.0992,31,31
31931,74369,32,21.058,32,21.0992,32,32
31931,74369,33,21.058,33,21.0992,33,33
31931,74369,34,21.058,34,21.0992,34,34
31931,74369,35,21.058,35,21.0992,35,35
31931,74369,36,21.058,36,21.0992,36,36
31931,74369,37,21.058,37,21.0992,37,37
31931,74369,38,21.058,38,21.0992,38,38
31931,74369,39,21.058,39,21.0992,39,39
31931,74369,40,21.058,40,21.0992,40,40
31931,77697,38,37.7913,38,37.9509,38,38
31931,77697,39,37.7913,39,37.9509,39,39
31931,77697,40,37.7913,40,37.9509,40,40
31931,82330,31,30.46,31,30.4767,31,31
31931,82330,32,30.46,32,30.4767,32,32
31931,82330,33,30.46,33,30.4767,33,33
31931,82330,34,30.46,34,30.4767,34,34
31931,82330,35,30.46,35,30.4767,35,35
31931,82330,36,30.46,36,30.4767,36,36
34394,2081,31,30.8007,31,30.8986,31,31
34394,2081,32,30.8007,32,30.8986,32,32
34394,2081,33,30.8007,33,30.8986,33,33
34394,2081,34,30.8007,34,30.8986,34,34
34394,2081,35,30.8007,35,30.8986,35,35
34394,2081,36,30.8007,36,30.8986,36,36
34394,2081,37,30.8007,37,30.8986,37,37
34394,2081,38,30.8007,38,30.8986,38,38
34394,2081,39,30.8007,39,30.8986,39,39
34394,2081,40,30.8007,40,30.8986,40,40
34394,27915,35,31.5093,35,34.072,35,35
34394,27915,36,31.5093,36,34.072,36,36
34394,27915,37,31.5093,37,34.072,37,37
34394,27915,38,31.5093,38,34.072,38,38
34394,27915,39,31.5093,39,34.072,39,39
34394,2988,38,36.9245,38,37.7075,38,38
34394,2988,39,36.9245,39,37.7075,39,39
34394,2988,40,36.9245,40,37.7075,40,40
34394,63521,40,38.8981,40,39.8919,40,40
34394,74369,21,20.2232,21,20.8785,21,21
34394,74369,22,20.2232,22,20.8785,22,22
34394,74369,23,20.2232,23,20.8785,23,23
34394,74369,24,20.2232,24,20.8785,24,24
34394,74369,25,20.2232,25,20.8785,25,25
34394,74369,26,20.2232,26,20.8785,26,26
34394,74369,27,20.2232,27,20.8785,27,27
34394,74369,28,20.2232,28,20.8785,28,28
34394,74369,29,20.2232,29,20.8785,29,29
34394,74369,30,20.2232,30,20.8785,30,30
34394,74369,31,20.2232,31,20.8785,31,31
34394,74369,32,20.2232,32,20.8785,32,32
34394,74369,33,20.2232,33,20.8785,33,33
34394,74369,34,20.2232,34,20.8785,34,34
34394,74369,35,20.2232,35,20.8785,35,35
34394,74369,36,20.2232,36,20.8785,36,36
34394,74369,37,20.2232,37,20.8785,37,37
34394,74369,38,20.2232,38,20.8785,38,38
34394,74369,39,20.2232,39,20.8785,39,39
34394,74369,40,20.2232,40,20.8785,40,40
34990,74369,21,20.2582,21,20.5617,21,20.9401
34990,74369,22,20.2582,22,20.5617,22,22
36721,2081,29,28.5962,29,28.6941,29,29
36721,2081,30,28.5962,30,28.6941,30,30
36721,2081,31,28.5962,31,28.6941,31,31
36721,2081,32,28.5962,32,28.6941,32,32
36721,2081,33,28.5962,33,28.6941,33,33
36721,2081,34,28.5962,34,28.6941,34,34
36721,2081,35,28.5962,35,28.6941,35,35
36721,2081,36,28.5962,36,28.6941,36,36
36721,2081,37,28.5962,37,28.6941,37,37
36721,2081,38,28.5962,38,28.6941,38,38
36721,2081,39,28.5962,39,28.6941,39,39
36721,2081,40,28.5962,40,28.6941,40,40
36721,21331,39,38.0265,39,38.0267,39,39
36721,21331,40,38.0265,40,38.0267,40,40
36721,22743,28,26.6027,28,27.9283,28,28
36721,22743,29,26.6027,29,27.9283,29,29
36721,22743,30,26.6027,30,27.9283,30,30.0413
36721,22743,31,26.6027,31,27.9283,31,31
36721,22743,32,26.6027,32,27.9283,32,32
36721,22743,33,26.6027,33,27.9283,33,33
36721,22743,34,26.6027,34,27.9283,34,34
36721,22743,35,26.6027,35,27.9283,35,35
36721,22743,36,26.6027,36,27.9283,36,36
36721,22743,37,26.6027,37,27.9283,37,37
36721,22743,38,26.6027,38,27.9283,38,38
36721,22743,39,26.6027,39,27.9283,39,39
36721,22743,40,26.6027,40,27.9283,40,40
36721,27915,35,31.2147,35,34.3376,35,35
36721,27915,36,31.2147,36,34.3376,36,36
36721,27915,37,31.2147,37,34.3376,37,37
36721,27915,38,31.2147,38,34.3376,38,38
36721,27915,39,31.2147,39,34.3376,39,38.8974
36721,27915,40,31.2147,40,34.3376,40,40
36721,2988,36,35.7232,36,35.8028,36,36
36721,2988,37,35.7232,37,35.8028,37,37
36721,2988,38,35.7232,38,35.8028,38,38
36721,2988,39,35.7232,39,35.8028,39,39
36721,2988,40,35.7232,40,35.8028,40,40
36721,48760,22,21.7718,22,21.7809,22,22
36721,48760,23,21.7718,23,21.7809,23,23
36721,48760,24,21.7718,24,21.7809,24,24
36721,48760,25,21.7718,25,21.7809,25,25
36721,48760,26,21.7718,26,21.7809,26,26
36721,48760,27,21.7718,27,21.7809,27,27
36721,48760,28,21.7718,28,21.7809,28,28
36721,48760,29,21.7718,29,21.7809,29,29
36721,48760,30,21.7718,30,21.7809,30,30
36721,48760,31,21.7718,31,21.7809,31,31
36721,48760,32,21.7718,32,21.7809,32,32
36721,48760,33,21.7718,33,21.7809,33,33
36721,48760,34,21.7718,34,21.7809,34,34
36721,48760,35,21.7718,35,21.7809,35,35
36721,48760,36,21.7718,36,21.7809,36,36
36721,48760,37,21.7718,37,21.7809,37,37
36721,48760,38,21.7718,38,21.7809,38,38
36721,48760,39,21.7718,39,21.7809,39,39
36721,48760,40,21.7718,40,21.7809,40,40
36721,63521,40,38.0736,40,39.3992,40,40
36721,74369,20,19.0936,20,19.1014,20,20
36721,74369,21,19.0936,21,19.1014,21,21
36721,74369,22,19.0936,22,19.1014,22,22
36721,74369,23,19.0936,23,19.1014,23,23
36721,74369,24,19.0936,24,19.1014,24,24
36721,74369,25,19.0936,25,19.1014,25,25
36721,74369,26,19.0936,26,19.1014,26,26
36721,74369,27,19.0936,27,19.1014,27,27
36721,74369,28,19.0936,28,19.1014,28,28
36721,74369,29,19.0936,29,19.1014,29,29
36721,74369,30,19.0936,30,19.1014,30,30
36721,74369,31,19.0936,31,19.1014,31,31
36721,74369,32,19.0936,32,19.1014,32,32
36721,74369,33,19.0936,33,19.1014,33,33
36721,74369,34,19.0936,34,19.1014,34,34
36721,74369,35,19.0936,35,19.1014,35,35
36721,74369,36,19.0936,36,19.1014,36,36
36721,74369,37,19.0936,37,19.1014,37,37
36721,74369,38,19.0936,38,19.1014,38,38
36721,74369,39,19.0936,39,19.1014,39,39
36721,74369,40,19.0936,40,19.1014,40,40
36721,82330,24,23.5761,24,23.6639,24,24
36721,82330,25,23.5761,25,23.6639,25,25
36721,82330,26,23.5761,26,23.6639,26,26
36721,82330,27,23.5761,27,23.6639,27,27
36721,82330,28,23.5761,28,23.6639,28,28
36721,82330,29,23.5761,29,23.6639,29,29
36721,82330,30,23.5761,30,23.6639,30,30
36721,82330,31,23.5761,31,23.6639,31,31
36721,82330,32,23.5761,32,23.6639,32,32
36721,82330,33,23.5761,33,23.6639,33,33
36721,82330,34,23.5761,34,23.6639,34,34
36721,82330,35,23.5761,35,23.6639,35,35
36721,82330,36,23.5761,36,23.6639,36,36
36721,82330,37,23.5761,37,23.6639,37,37
36721,82330,38,23.5761,38,23.6639,38,38
36721,82330,39,23.5761,39,23.6639,39,39
36721,82330,40,23.5761,40,23.6639,40,40
4158,21331,32,31.3045,32,31.3244,32,32
4158,21331,33,31.3045,33,31.3244,33,33
4158,21331,34,31.3045,34,31.3244,34,34
4158,21331,35,31.3045,35,31.3244,35,35
4158,21331,36,31.3045,36,31.3244,36,36
4158,21331,37,31.3045,37,31.3244,37,37
4158,21331,38,31.3045,38,31.3244,38,38
4158,21331,39,31.3045,39,31.3244,39,39
4158,21331,40,31.3045,40,31.3244,40,40
4158,64605,39,37.7584,39,38.1158,39,39
4158,64605,40,37.7584,40,38.1158,40,40
4158,65223,39,38.039,39,38.5031,39,39
4158,65223,40,38.039,40,38.5031,40,40
4158,74369,11,10.3558,11,10.3755,11,11
4158,74369,12,10.3558,12,10.3755,12,12
4158,74369,13,10.3558,13,10.3755,13,13
4158,74369,14,10.3558,14,10.3755,14,14
4158,74369,15,10.3558,15,10.3755,15,15
4158,74369,16,10.3558,16,10.3755,16,16
4158,74369,17,10.3558,17,10.3755,17,17
4158,74369,18,10.3558,18,10.3755,18,18
4158,74369,19,10.3558,19,10.3755,19,19
4158,74369,20,10.3558,20,10.3755,20,20
4158,74369,21,10.3558,21,10.3755,21,21
4158,74369,22,10.3558,22,10.3755,22,22
4158,74369,23,10.3558,23,10.3755,23,23
4158,74369,24,10.3558,23.2513,10.3755,23.2521,23.2521
4158,74369,25,10.3558,23.2513,10.3755,23.2521,23.2521
4158,74369,26,10.3558,23.2513,10.3755,23.2521,23.2521
4158,74369,27,10.3558,23.2513,10.3755,23.2521,23.2521
4158,74369,28,10.3558,23.2513,10.3755,23.2521,23.2521
4158,74369,29,10.3558,23.2513,10.3755,23.2521,23.2521
4158,74369,30,10.3558,23.2513,10.3755,23.2521,23.2521
4158,74369,31,10.3558,23.2513,10.3755,23.2521,23.2521
4158,74369,32,10.3558,23.2513,10.3755,23.2521,23.2521
4158,74369,33,10.3558,23.2513,10.3755,23.2521,23.2521
4158,74369,34,10.3558,23.2513,10.3755,23.2521,23.2521
4158,74369,35,10.3558,23.2513,10.3755,23.2521,23.2521
4158,74369,36,10.3558,23.2513,10.3755,23.2521,23.2521
4158,74369,37,10.3558,23.2513,10.3755,23.2521,23.2521
4158,74369,38,10.3558,23.2513,10.3755,23.2521,23.2521
4158,74369,39,10.3558,23.2513,10.3755,23.2521,23.2521
4158,74369,40,10.3558,23.2513,10.3755,23.2521,23.2521
4158,77697,35,33.4378,35,34.029,35,35
4158,77697,36,33.4378,36,34.029,36,36
44442,21331,32,31.4355,32,31.4357,32,32
44442,21331,33,31.4355,33,31.4357,33,33
44442,21331,34,31.4355,34,31.4357,34,34
44442,21331,35,31.4355,35,31.4357,35,35
44442,21331,36,31.4355,36,31.4357,36,36
44442,21331,37,31.4355,37,31.4357,37,37
44442,21331,38,31.4355,38,31.4357,38,38
44442,21331,39,31.4355,39,31.4357,39,39
44442,21331,40,31.4355,40,31.4357,40,40
44442,64605,39,37.8895,39,38.2271,39,39
44442,64605,40,37.8895,40,38.2271,40,40
44442,65223,37,35.6283,37,36.9899,37,37
44442,65223,38,35.6283,38,36.9899,38,38
44442,65223,39,35.6283,39,36.9899,39,39
44442,65223,40,35.6283,40,36.9899,40,40
44442,74369,10,9.85339,10,9.8569,10,10
44442,74369,11,9.85339,11,9.8569,11,11
44442,74369,12,9.85339,12,9.8569,12,12
44442,74369,13,9.85339,13,9.8569,13,13
44442,74369,14,9.85339,14,9.8569,14,14
44442,74369,15,9.85339,15,9.8569,15,15
44442,74369,16,9.85339,16,9.8569,16,16
44442,74369,17,9.85339,17,9.8569,17,17
44442,74369,18,9.85339,18,9.8569,18,18
44442,74369,19,9.85339,19,9.8569,19,19
44442,74369,20,9.85339,20,9.8569,20,20
44442,74369,21,9.85339,21,9.8569,21,21
44442,74369,22,9.85339,22,9.8569,22,22
44442,74369,23,9.85339,22.3377,9.8569,22.3353,22.3376
44442,74369,24,9.85339,22.3377,9.8569,22.3353,22.3376
44442,74369,25,9.85339,22.3377,9.8569,22.3353,22.3376
44442,74369,26,9.85339,22.3377,9.8569,22.3353,22.3376
44442,74369,27,9.85339,22.3377,9.8569,22.3353,22.3376
44442,74369,28,9.85339,22.3377,9.8569,22.3353,22.3376
44442,74369,29,9.85339,22.3377,9.8569,22.3353,22.3376
44442,74369,30,9.85339,22.3377,9.8569,22.3353,22.3376
44442,74369,31,9.85339,22.3377,9.8569,22.3353,22.3376
44442,74369,32,9.85339,22.3377,9.8569,22.3353,22.3376
44442,74369,33,9.85339,22.3377,9.8569,22.3353,22.3376
44442,74369,34,9.85339,22.3377,9.8569,22.3353,22.3376
44442,74369,35,9.85339,22.3377,9.8569,22.3353,22.3376
44442,74369,36,9.85339,22.3377,9.8569,22.3353,22.3376
44442,74369,37,9.85339,22.3377,9.8569,22.3353,22.3376
44442,74369,38,9.85339,22.3377,9.8569,22.3353,22.3376
44442,74369,39,9.85339,22.3377,9.8569,22.3353,22.3376
44442,74369,40,9.85339,22.3377,9.8569,22.3353,22.3376
44442,77697,32,30.0684,32,31.364,32,32
44442,77697,33,30.0684,33,31.364,33,33
44442,77697,34,30.0684,34,31.364,34,34
44442,77697,35,30.0684,35,31.364,35,35
48760,65223,29,28.688,29,28.688,29,29
48760,65223,30,28.688,30,28.688,30,30
48760,65223,31,28.688,31,28.688,31,31
48760,74369,10,5.30654,10,5.30818,10,10
48760,74369,11,5.30654,10.0177,5.30818,10.0065,10.0065
48760,74369,12,5.30654,10.0177,5.30818,10.0065,10.0065
48760,74369,13,5.30654,10.0177,5.30818,10.0065,10.0065
48760,74369,14,5.30654,10.0177,5.30818,10.0065,10.0065
48760,74369,15,5.30654,10.0177,5.30818,10.0065,10.0065
48760,74369,16,5.30654,10.0177,5.30818,10.0065,10.0065
48760,74369,17,5.30654,10.0177,5.30818,10.0065,10.0065
48760,74369,18,5.30654,10.0177,5.30818,10.0065,10.0065
48760,74369,19,5.30654,10.0177,5.30818,10.0065,10.0065
48760,74369,20,5.30654,10.0177,5.30818,10.0065,10.0065
48760,74369,21,5.30654,10.0177,5.30818,10.0065,10.0065
48760,74369,22,5.30654,10.0177,5.30818,10.0065,10.0065
48760,74369,23,5.30654,10.0177,5.30818,10.0065,10.0065
48760,74369,24,5.30654,10.0177,5.30818,10.0065,10.0065
48760,74369,25,5.30654,10.0177,5.30818,10.0065,10.0065
48760,74369,26,5.30654,10.0177,5.30818,10.0065,10.0065
48760,74369,27,5.30654,10.0177,5.30818,10.0065,10.0065
48760,74369,28,5.30654,10.0177,5.30818,10.0065,10.0065
48760,74369,29,5.30654,10.0177,5.30818,10.0065,10.0065
48760,74369,30,5.30654,10.0177,5.30818,10.0065,10.0065
48760,74369,31,5.30654,10.0177,5.30818,10.0065,10.0065
48760,74369,32,5.30654,10.0177,5.30818,10.0065,10.0065
48760,74369,33,5.30654,10.0177,5.30818,10.0065,10.0065
48760,74369,34,5.30654,10.0177,5.30818,10.0065,10.0065
48760,74369,35,5.30654,10.0177,5.30818,10.0065,10.0065
48760,74369,36,5.30654,10.0177,5.30818,10.0065,10.0065
48760,74369,37,5.30654,10.0177,5.30818,10.0065,10.0065
48760,74369,38,5.30654,10.0177,5.30818,10.0065,10.0065
48760,74369,39,5.30654,10.0177,5.30818,10.0065,10.0065
48760,74369,40,5.30654,10.0177,5.30818,10.0065,10.0065
48760,74369,6,5.30654,6,5.30818,6,6
48760,74369,7,5.30654,7,5.30818,7,7
48760,74369,8,5.30654,8,5.30818,8,8
48760,74369,9,5.30654,9,5.30818,9,9.00001
53112,21331,29,28.9196,29,28.9196,29,29
53112,21331,30,28.9196,30,28.9196,30,30
53112,21331,31,28.9196,31,28.9196,31,31
53112,21331,32,28.9196,32,28.9196,32,32
53112,21331,33,28.9196,33,28.9196,33,33
53112,21331,34,28.9196,34,28.9196,34,34
53112,21331,35,28.9196,35,28.9196,35,35
53112,64605,36,34.0893,36,35.711,36,36
53112,64605,37,34.0893,37,35.711,37,37
53112,64605,38,34.0893,38,35.711,38,38
53112,64605,39,34.0893,39,35.711,39,39
53112,64605,40,34.0893,40,35.711,40,40
53112,65223,31,30.2443,31,30.3748,31,31
53112,65223,32,30.2443,32,30.3748,32,32
53112,65223,33,30.2443,33,30.3748,33,33
53112,65223,34,30.2443,34,30.3748,34,34
53112,65223,35,30.2443,35,30.3748,35,35
53112,65223,36,30.2443,36,30.3748,36,36
53112,65223,37,30.2443,37,30.3748,37,37
53112,65223,38,30.2443,38,30.3748,38,38
53112,65223,39,30.2443,39,30.3748,39,39
53112,65223,40,30.2443,40,30.3748,40,40
53112,74369,10,7.56656,10,7.56656,10,9.99999
53112,74369,11,7.56656,11,7.56656,11,11
53112,74369,12,7.56656,12,7.56656,12,12
53112,74369,13,7.56656,13,7.56656,13,13
53112,74369,14,7.56656,14,7.56656,14,14
53112,74369,15,7.56656,15,7.56656,15,15
53112,74369,16,7.56656,16,7.56656,16,16
53112,74369,17,7.56656,17,7.56656,17,17
53112,74369,18,7.56656,17.1263,7.56656,17.1263,17.1278
53112,74369,19,7.56656,17.1263,7.56656,17.1263,17.1278
53112,74369,20,7.56656,17.1263,7.56656,17.1263,17.1278
53112,74369,21,7.56656,17.1263,7.56656,17.1263,17.1278
53112,74369,22,7.56656,17.1263,7.56656,17.1263,17.1278
53112,74369,23,7.56656,17.1263,7.56656,17.1263,17.1278
53112,74369,24,7.56656,17.1263,7.56656,17.1263,17.1278
53112,74369,25,7.56656,17.1263,7.56656,17.1263,17.1278
53112,74369,26,7.56656,17.1263,7.56656,17.1263,17.1278
53112,74369,27,7.56656,17.1263,7.56656,17.1263,17.1278
53112,74369,28,7.56656,17.1263,7.56656,17.1263,17.1278
53112,74369,29,7.56656,17.1263,7.56656,17.1263,17.1278
53112,74369,30,7.56656,17.1263,7.56656,17.1263,17.1278
53112,74369,31,7.56656,17.1263,7.56656,17.1263,17.1278
53112,74369,32,7.56656,17.1263,7.56656,17.1263,17.1278
53112,74369,33,7.56656,17.1263,7.56656,17.1263,17.1278
53112,74369,34,7.56656,17.1263,7.56656,17.1263,17.1278
53112,74369,35,7.56656,17.1263,7.56656,17.1263,17.1278
53112,74369,36,7.56656,17.1263,7.56656,17.1263,17.1278
53112,74369,37,7.56656,17.1263,7.56656,17.1263,17.1278
53112,74369,38,7.56656,17.1263,7.56656,17.1263,17.1278
53112,74369,39,7.56656,17.1263,7.56656,17.1263,17.1278
53112,74369,40,7.56656,17.1263,7.56656,17.1263,17.1278
53112,74369,8,7.56656,8,7.56656,8,7.99999
53112,74369,9,7.56656,9,7.56656,9,9
5918,65223,28,27.6652,28,27.6652,28,28
5918,65223,29,27.6652,29,27.6652,29,29
5918,65223,30,27.6652,30,27.6652,30,30
5918,65223,31,27.6652,31,27.6652,31,31
5918,65223,32,27.6652,32,27.6652,32,32
5918,65223,33,27.6652,33,27.6652,33,33
5918,65223,34,27.6652,34,27.6652,34,34
5918,74369,12,11.8627,12,11.8627,12,12
5918,74369,13,11.8627,13,11.8627,13,13
5918,74369,14,11.8627,14,11.8627,14,14
5918,74369,15,11.8627,15,11.8627,15,15
5918,74369,16,11.8627,16,11.8627,16,16
5918,74369,17,11.8627,17,11.8627,17,17
5918,74369,18,11.8627,18,11.8627,18,18
5918,74369,19,11.8627,19,11.8627,19,19
5918,74369,20,11.8627,20,11.8627,20,20
5918,74369,21,11.8627,21,11.8627,21,21
5918,74369,22,11.8627,22,11.8627,22,22
5918,74369,23,11.8627,23,11.8627,23,23
5918,74369,24,11.8627,24,11.8627,24,24
5918,74369,25,11.8627,25,11.8627,25,25
5918,74369,26,11.8627,26,11.8627,26,26
5918,74369,27,11.8627,26.9145,11.8627,26.9145,26.9159
5918,74369,28,11.8627,26.9145,11.8627,26.9145,26.9159
5918,74369,29,11.8627,26.9145,11.8627,26.9145,26.9159
5918,74369,30,11.8627,26.9145,11.8627,26.9145,26.9159
5918,74369,31,11.8627,26.9145,11.8627,26.9145,26.9159
5918,74369,32,11.8627,26.9145,11.8627,26.9145,26.9159
5918,74369,33,11.8627,26.9145,11.8627,26.9145,26.9159
5918,74369,34,11.8627,26.9145,11.8627,26.9145,26.9159
5918,74369,35,11.8627,26.9145,11.8627,26.9145,26.9159
5918,74369,36,11.8627,26.9145,11.8627,26.9145,26.9159
5918,74369,37,11.8627,26.9145,11.8627,26.9145,26.9159
5918,74369,38,11.8627,26.9145,11.8627,26.9145,26.9159
5918,74369,39,11.8627,26.9145,11.8627,26.9145,26.9159
5918,74369,40,11.8627,26.9145,11.8627,26.9145,26.9159
63521,74369,24,22.4306,24,23.1417,24,24
63521,74369,25,22.4306,25,23.1417,25,25
64605,21331,10,9.91048,10,9.91501,10,9.99999
64605,21331,11,9.91048,11,9.91501,11,11
64605,21331,12,9.91048,12,9.91501,12,12
64605,21331,13,9.91048,13,9.91501,13,13
64605,21331,14,9.91048,14,9.91501,14,14
64605,21331,15,9.91048,15,9.91501,15,15
64605,21331,16,9.91048,16,9.91501,16,16
64605,21331,17,9.91048,17,9.91501,17,17
64605,21331,18,9.91048,18,9.91501,18,18.0057
64605,21331,19,9.91048,19,9.91501,19,19
64605,21331,20,9.91048,19.1428,9.91501,19.1406,19.1756
64605,21331,21,9.91048,19.1428,9.91501,19.1406,19.1756
64605,21331,22,9.91048,19.1428,9.91501,19.1406,19.1756
64605,21331,23,9.91048,19.1428,9.91501,19.1406,19.1756
64605,21331,24,9.91048,19.1428,9.91501,19.1406,19.1756
64605,21331,25,9.91048,19.1428,9.91501,19.1406,19.1756
64605,21331,26,9.91048,19.1428,9.91501,19.1406,19.1756
64605,21331,27,9.91048,19.1428,9.91501,19.1406,19.1756
64605,21331,28,9.91048,19.1428,9.91501,19.1406,19.1756
64605,21331,29,9.91048,19.1428,9.91501,19.1406,19.1756
64605,21331,30,9.91048,19.1428,9.91501,19.1406,19.1756
64605,21331,31,9.91048,19.1428,9.91501,19.1406,19.1756
64605,21331,32,9.91048,19.1428,9.91501,19.1406,19.1756
64605,21331,33,9.91048,19.1428,9.91501,19.1406,19.1756
64605,21331,34,9.91048,19.1428,9.91501,19.1406,19.1756
64605,21331,35,9.91048,19.1428,9.91501,19.1406,19.1756
64605,21331,36,9.91048,19.1428,9.91501,19.1406,19.1756
64605,21331,37,9.91048,19.1428,9.91501,19.1406,19.1756
64605,21331,38,9.91048,19.1428,9.91501,19.1406,19.1756
64605,21331,39,9.91048,19.1428,9.91501,19.1406,19.1756
64605,21331,40,9.91048,19.1428,9.91501,19.1406,19.1756
64605,65223,34,33.959,34,33.9636,34,34
64605,65223,35,33.959,35,33.9636,35,35
64605,65223,36,33.959,36,33.9636,36,36
64605,65223,37,33.959,37,33.9636,37,37
64605,65223,38,33.959,38,33.9636,38,38
64605,65223,39,33.959,39,33.9636,39,39
64605,65223,40,33.959,40,33.9636,40,40
64605,74369,32,31.4408,32,31.5965,32,32
64605,74369,33,31.4408,33,31.5965,33,33
64605,74369,34,31.4408,34,31.5965,34,34
64605,74369,35,31.4408,35,31.5965,35,35
64605,74369,36,31.4408,36,31.5965,36,36
64605,74369,37,31.4408,37,31.5965,37,37
64605,74369,38,31.4408,38,31.5965,38,38
64605,74369,39,31.4408,39,31.5965,39,38.9917
64605,74369,40,31.4408,40,31.5965,40,40
64605,77697,31,30.6862,31,30.6907,31,31
64605,77697,32,30.6862,32,30.6907,32,32
64605,77697,33,30.6862,33,30.6907,33,33
64605,77697,34,30.6862,34,30.6907,34,34
65223,21331,20,19.5632,20,19.5632,20,20
65223,21331,21,19.5632,21,19.5632,21,21
65223,21331,22,19.5632,22,19.5632,22,22
65223,21331,23,19.5632,23,19.5632,23,23
65223,21331,24,19.5632,24,19.5632,24,24
65223,21331,25,19.5632,25,19.5632,25,25
65223,21331,26,19.5632,26,19.5632,26,26
65223,21331,27,19.5632,27,19.5632,27,27
65223,21331,28,19.5632,28,19.5632,28,28
65223,21331,29,19.5632,29,19.5632,29,29
65223,21331,30,19.5632,30,19.5632,30,30
65223,21331,31,19.5632,31,19.5632,31,31
65223,21331,32,19.5632,32,19.5632,32,32
65223,21331,33,19.5632,33,19.5632,33,33
65223,21331,34,19.5632,34,19.5632,34,34
65223,21331,35,19.5632,35,19.5632,35,35
65223,21331,36,19.5632,36,19.5632,36,36
65223,21331,37,19.5632,37,19.5632,37,37
65223,21331,38,19.5632,38,19.5632,38,38
65223,21331,39,19.5632,39,19.5632,39,39
65223,21331,40,19.5632,40,19.5632,40,40
65223,63521,20,19.0069,20,19.133,20,20
65223,63521,21,19.0069,21,19.133,21,21
65223,63521,22,19.0069,22,19.133,22,22
65223,63521,23,19.0069,23,19.133,23,23
65223,63521,24,19.0069,24,19.133,24,24
65223,63521,25,19.0069,25,19.133,25,25
65223,63521,26,19.0069,26,19.133,26,26
65223,63521,27,19.0069,27,19.133,27,27
65223,63521,28,19.0069,28,19.133,28,28
65223,63521,29,19.0069,29,19.133,29,29
65223,63521,30,19.0069,30,19.133,30,30
65223,63521,31,19.0069,31,19.133,31,31
65223,63521,32,19.0069,32,19.133,32,32
65223,64605,15,14.8448,15,14.8448,15,15
65223,64605,16,14.8448,16,14.8448,16,16
65223,64605,17,14.8448,17,14.8448,17,17
65223,64605,18,14.8448,18,14.8448,18,18
65223,64605,19,14.8448,19,14.8448,19,19
65223,64605,20,14.8448,20,14.8448,20,20
65223,64605,21,14.8448,21,14.8448,21,21
65223,64605,22,14.8448,22,14.8448,22,22
65223,64605,23,14.8448,23,14.8448,23,23
65223,64605,24,14.8448,24,14.8448,24,24
65223,64605,25,14.8448,25,14.8448,25,25
65223,64605,26,14.8448,26,14.8448,26,26
65223,64605,27,14.8448,27,14.8448,27,27
65223,64605,28,14.8448,28,14.8448,28,28
65223,64605,29,14.8448,29,14.8448,29,29
65223,64605,30,14.8448,30,14.8448,30,30
65223,64605,31,14.8448,31,14.8448,31,31
65223,64605,32,14.8448,31.5364,14.8448,31.5364,31.5642
65223,64605,33,14.8448,31.5364,14.8448,31.5364,31.5642
65223,64605,34,14.8448,31.5364,14.8448,31.5364,31.5642
65223,64605,35,14.8448,31.5364,14.8448,31.5364,31.5642
65223,64605,36,14.8448,31.5364,14.8448,31.5364,31.5642
65223,64605,37,14.8448,31.5364,14.8448,31.5364,31.5642
65223,64605,38,14.8448,31.5364,14.8448,31.5364,31.5642
65223,64605,39,14.8448,31.5364,14.8448,31.5364,31.5642
65223,64605,40,14.8448,31.5364,14.8448,31.5364,31.5642
65223,74369,34,32.8758,34,33.6857,34,34
65223,74369,35,32.8758,35,33.6857,35,35
65223,74369,36,32.8758,36,33.6857,36,36
65223,74369,37,32.8758,37,33.6857,37,37
65223,74369,38,32.8758,38,33.6857,38,38
65223,74369,39,32.8758,39,33.6857,39,39
65223,74369,40,32.8758,40,33.6857,40,40
65223,77697,10,8.32174,10,8.32174,10,10
65223,77697,11,8.32174,11,8.32174,11,11
65223,77697,12,8.32174,12,8.32174,12,12
65223,77697,13,8.32174,13,8.32174,13,13
65223,77697,14,8.32174,14,8.32174,14,14
65223,77697,15,8.32174,15,8.32174,15,15
65223,77697,16,8.32174,16,8.32174,16,16
65223,77697,17,8.32174,16.3701,8.32174,16.3701,16.3701
65223,77697,18,8.32174,16.3701,8.32174,16.3701,16.3701
65223,77697,19,8.32174,16.3701,8.32174,16.3701,16.3701
65223,77697,20,8.32174,16.3701,8.32174,16.3701,16.3701
65223,77697,21,8.32174,16.3701,8.32174,16.3701,16.3701
65223,77697,22,8.32174,16.3701,8.32174,16.3701,16.3701
65223,77697,23,8.32174,16.3701,8.32174,16.3701,16.3701
65223,77697,24,8.32174,16.3701,8.32174,16.3701,16.3701
65223,77697,25,8.32174,16.3701,8.32174,16.3701,16.3701
65223,77697,26,8.32174,16.3701,8.32174,16.3701,16.3701
65223,77697,27,8.32174,16.3701,8.32174,16.3701,16.3701
65223,77697,28,8.32174,16.3701,8.32174,16.3701,16.3701
65223,77697,29,8.32174,16.3701,8.32174,16.3701,16.3701
65223,77697,30,8.32174,16.3701,8.32174,16.3701,16.3701
65223,77697,31,8.32174,16.3701,8.32174,16.3701,16.3701
65223,77697,32,8.32174,16.3701,8.32174,16.3701,16.3701
65223,77697,33,8.32174,16.3701,8.32174,16.3701,16.3701
65223,77697,34,8.32174,16.3701,8.32174,16.3701,16.3701
65223,77697,35,8.32174,16.3701,8.32174,16.3701,16.3701
65223,77697,36,8.32174,16.3701,8.32174,16.3701,16.3701
65223,77697,37,8.32174,16.3701,8.32174,16.3701,16.3701
65223,77697,38,8.32174,16.3701,8.32174,16.3701,16.3701
65223,77697,39,8.32174,16.3701,8.32174,16.3701,16.3701
65223,77697,40,8.32174,16.3701,8.32174,16.3701,16.3701
65223,77697,9,8.32174,9,8.32174,9,9
66349,2081,28,27.7169,28,27.7621,28,28
66349,2081,29,27.7169,29,27.7621,29,29
66349,2081,30,27.7169,30,27.7621,30,30
66349,2081,31,27.7169,31,27.7621,31,31
66349,2081,32,27.7169,32,27.7621,32,32
66349,2081,33,27.7169,33,27.7621,33,33
66349,2081,34,27.7169,34,27.7621,34,34
66349,2081,35,27.7169,35,27.7621,35,35
66349,2081,36,27.7169,36,27.7621,36,36
66349,2081,37,27.7169,37,27.7621,37,37
66349,2081,38,27.7169,38,27.7621,38,38
66349,2081,39,27.7169,39,27.7621,39,39
66349,2081,40,27.7169,40,27.7621,40,40
66349,21331,37,36.2357,37,36.2806,37,37
66349,21331,38,36.2357,38,36.2806,38,38
66349,21331,39,36.2357,39,36.2806,39,39
66349,21331,40,36.2357,40,36.2806,40,40
66349,22743,19,18.1238,19,18.1238,19,19
66349,22743,20,18.1238,20,18.1238,20,20
66349,22743,21,18.1238,21,18.1238,21,21
66349,22743,22,18.1238,22,18.1238,22,22
66349,22743,23,18.1238,23,18.1238,23,23
66349,22743,24,18.1238,24,18.1238,24,24
66349,22743,25,18.1238,25,18.1238,25,25
66349,22743,26,18.1238,26,18.1238,26,26
66349,22743,27,18.1238,27,18.1238,27,27
66349,22743,28,18.1238,28,18.1238,28,28
66349,22743,29,18.1238,29,18.1238,29,29
66349,22743,30,18.1238,30,18.1238,30,30
66349,22743,31,18.1238,31,18.1238,31,31
66349,22743,32,18.1238,32,18.1238,32,32
66349,22743,33,18.1238,33,18.1238,33,33
66349,22743,34,18.1238,34,18.1238,34,34
66349,22743,35,18.1238,35,18.1238,35,35
66349,22743,36,18.1238,36,18.1238,36,36
66349,22743,37,18.1238,37,18.1238,37,37
66349,22743,38,18.1238,38,18.1238,38,38
66349,22743,39,18.1238,39,18.1238,39,39
66349,22743,40,18.1238,40,18.1238,40,40
66349,27915,19,18.693,19,18.7045,19,19
66349,27915,20,18.693,20,18.7045,20,20
66349,27915,21,18.693,21,18.7045,21,21
66349,27915,22,18.693,22,18.7045,22,22
66349,27915,23,18.693,23,18.7045,23,23
66349,27915,24,18.693,24,18.7045,24,24
66349,27915,25,18.693,25,18.7045,25,25
66349,27915,26,18.693,26,18.7045,26,26
66349,27915,27,18.693,27,18.7045,27,27
66349,27915,28,18.693,28,18.7045,28,28
66349,27915,29,18.693,29,18.7045,29,29
66349,27915,30,18.693,30,18.7045,30,30
66349,27915,31,18.693,31,18.7045,31,31
66349,27915,32,18.693,32,18.7045,32,32
66349,27915,33,18.693,33,18.7045,33,33
66349,27915,34,18.693,34,18.7045,34,34
66349,27915,35,18.693,35,18.7045,35,35
66349,27915,36,18.693,36,18.7045,36,36
66349,27915,37,18.693,37,18.7045,37,37
66349,27915,38,18.693,38,18.7045,38,38
66349,27915,39,18.693,39,18.7045,39,39
66349,27915,40,18.693,40,18.7045,40,40
66349,2988,29,28.1104,29,28.1104,29,29
66349,2988,30,28.1104,30,28.1104,30,30
66349,2988,31,28.1104,31,28.1104,31,31
66349,2988,32,28.1104,32,28.1104,32,32
66349,2988,33,28.1104,33,28.1104,33,33
66349,2988,34,28.1104,34,28.1104,34,34
66349,2988,35,28.1104,35,28.1104,35,35
66349,2988,36,28.1104,36,28.1104,36,36
66349,2988,37,28.1104,37,28.1104,37,37
66349,2988,38,28.1104,38,28.1104,38,38
66349,2988,39,28.1104,39,28.1104,39,39
66349,2988,40,28.1104,40,28.1104,40,40
66349,48760,20,18.9648,20,19.0097,20,20
66349,48760,21,18.9648,21,19.0097,21,21
66349,48760,22,18.9648,22,19.0097,22,22
66349,63521,30,29.5948,30,29.5948,30,30
66349,63521,31,29.5948,31,29.5948,31,31
66349,63521,32,29.5948,32,29.5948,32,32
66349,63521,33,29.5948,33,29.5948,33,33
66349,63521,34,29.5948,34,29.5948,34,34
66349,63521,35,29.5948,35,29.5948,35,35
66349,63521,36,29.5948,36,29.5948,36,36
66349,63521,37,29.5948,37,29.5948,37,37
66349,63521,38,29.5948,38,29.5948,38,38
66349,63521,39,29.5948,39,29.5948,39,39
66349,63521,40,29.5948,40,29.5948,40,40
66349,65223,36,35.8903,36,35.9018,36,36
66349,65223,37,35.8903,37,35.9018,37,37
66349,65223,38,35.8903,38,35.9018,38,38
66349,65223,39,35.8903,39,35.9018,39,39
66349,65223,40,35.8903,40,35.9018,40,40
66349,74369,15,14.6264,15,14.6714,15,15
66349,74369,16,14.6264,16,14.6714,16,16
66349,74369,17,14.6264,17,14.6714,17,17
66349,74369,18,14.6264,18,14.6714,18,18
66349,74369,19,14.6264,19,14.6714,19,19
66349,74369,20,14.6264,20,14.6714,20,20
66349,74369,21,14.6264,21,14.6714,21,21
66349,74369,22,14.6264,22,14.6714,22,22
66349,74369,23,14.6264,23,14.6714,23,23
66349,74369,24,14.6264,24,14.6714,24,24
66349,74369,25,14.6264,25,14.6714,25,25
66349,74369,26,14.6264,26,14.6714,26,26
66349,74369,27,14.6264,27,14.6714,27,27
66349,74369,28,14.6264,28,14.6714,28,28
66349,74369,29,14.6264,29,14.6714,29,29
66349,74369,30,14.6264,30,14.6714,30,30
66349,74369,31,14.6264,31,14.6714,31,31
66349,74369,32,14.6264,32,14.6714,32,32
66349,74369,33,14.6264,33,14.6714,33,33
66349,74369,34,14.6264,33.215,14.6714,33.2133,33.2133
66349,74369,35,14.6264,33.215,14.6714,33.2133,33.2133
66349,74369,36,14.6264,33.215,14.6714,33.2133,33.2133
66349,74369,37,14.6264,33.215,14.6714,33.2133,33.2133
66349,74369,38,14.6264,33.215,14.6714,33.2133,33.2133
66349,74369,39,14.6264,33.215,14.6714,33.2133,33.2133
66349,74369,40,14.6264,33.215,14.6714,33.2133,33.2133
66349,77697,30,29.4707,30,29.4822,30,30
66349,77697,31,29.4707,31,29.4822,31,31
66349,77697,32,29.4707,32,29.4822,32,32
66349,77697,33,29.4707,33,29.4822,33,33
66349,77697,34,29.4707,34,29.4822,34,34
66349,77697,35,29.4707,35,29.4822,35,35
66349,77697,36,29.4707,36,29.4822,36,36
66349,77697,37,29.4707,37,29.4822,37,37
66349,77697,38,29.4707,38,29.4822,38,38
66349,77697,39,29.4707,39,29.4822,39,39
66349,77697,40,29.4707,40,29.4822,40,40
74369,65223,30,29.2461,30,29.2461,30,30
74369,65223,31,29.2461,31,29.2461,31,31
74369,65223,32,29.2461,32,29.2461,32,32
74369,65223,33,29.2461,33,29.2461,33,33
77697,74369,28,27.4179,28,27.6467,28,27.9921
78784,21331,34,33.6094,34,33.6096,34,34
78784,21331,35,33.6094,35,33.6096,35,35
78784,21331,36,33.6094,36,33.6096,36,36
78784,21331,37,33.6094,37,33.6096,37,37
78784,21331,38,33.6094,38,33.6096,38,38
78784,21331,39,33.6094,39,33.6096,39,39
78784,21331,40,33.6094,40,33.6096,40,40
78784,2988,32,31.3061,32,31.3857,32,32
78784,2988,33,31.3061,33,31.3857,33,33
78784,2988,34,31.3061,34,31.3857,34,34
78784,2988,35,31.3061,35,31.3857,35,35
78784,2988,36,31.3061,36,31.3857,36,36
78784,2988,37,31.3061,37,31.3857,37,37
78784,2988,38,31.3061,38,31.3857,38,38
78784,63521,35,34.3856,35,34.4036,35,35
78784,63521,36,34.3856,36,34.4036,36,36
78784,63521,37,34.3856,37,34.4036,37,37
78784,63521,38,34.3856,38,34.4036,38,38
78784,63521,39,34.3856,39,34.4036,39,39
78784,63521,40,34.3856,40,34.4036,40,40
78784,74369,15,14.6765,15,14.6843,15,15
78784,74369,16,14.6765,16,14.6843,16,16
78784,74369,17,14.6765,17,14.6843,17,17
78784,74369,18,14.6765,18,14.6843,18,18
78784,74369,19,14.6765,19,14.6843,19,19
78784,74369,20,14.6765,20,14.6843,20,20
78784,74369,21,14.6765,21,14.6843,21,21
78784,74369,22,14.6765,22,14.6843,22,22
78784,74369,23,14.6765,23,14.6843,23,23
78784,74369,24,14.6765,24,14.6843,24,24
78784,74369,25,14.6765,25,14.6843,25,25
78784,74369,26,14.6765,26,14.6843,26,26
78784,74369,27,14.6765,27,14.6843,27,27
78784,74369,28,14.6765,28,14.6843,28,28
78784,74369,29,14.6765,29,14.6843,29,29
78784,74369,30,14.6765,30,14.6843,30,30
78784,74369,31,14.6765,31,14.6843,31,31
78784,74369,32,14.6765,31.9825,14.6843,31.1152,31.1152
78784,74369,33,14.6765,31.9825,14.6843,31.1152,31.1152
78784,74369,34,14.6765,31.9825,14.6843,31.1152,31.1152
78784,74369,35,14.6765,31.9825,14.6843,31.1152,31.1152
78784,74369,36,14.6765,31.9825,14.6843,31.1152,31.1152
78784,74369,37,14.6765,31.9825,14.6843,31.1152,31.1152
78784,74369,38,14.6765,31.9825,14.6843,31.1152,31.1152
78784,74369,39,14.6765,31.9825,14.6843,31.1152,31.1152
78784,74369,40,14.6765,31.9825,14.6843,31.1152,31.1152
78784,77697,40,38.8552,40,39.4891,40,40
82330,65223,34,33.7048,34,33.7821,34,34
82330,65223,35,33.7048,35,33.7821,35,35
82330,74369,14,13.4238,14,13.5382,14,14
82330,74369,15,13.4238,15,13.5382,15,15.0055
82330,74369,16,13.4238,16,13.5382,16,16
82330,74369,17,13.4238,17,13.5382,17,17
82330,74369,18,13.4238,18,13.5382,18,18
82330,74369,19,13.4238,19,13.5382,19,19
82330,74369,20,13.4238,20,13.5382,20,20
82330,74369,21,13.4238,21,13.5382,21,21
82330,74369,22,13.4238,22,13.5382,22,22
82330,74369,23,13.4238,23,13.5382,23,23
82330,74369,24,13.4238,24,13.5382,24,24
82330,74369,25,13.4238,25,13.5382,25,25
82330,74369,26,13.4238,26,13.5382,26,26
82330,74369,27,13.4238,26.6498,13.5382,26.3935,26.3935
82330,74369,28,13.4238,26.6498,13.5382,26.3935,26.3935
82330,74369,29,13.4238,26.6498,13.5382,26.3935,26.3935
82330,74369,30,13.4238,26.6498,13.5382,26.3935,26.3935
82330,74369,31,13.4238,26.6498,13.5382,26.3935,26.3935
82330,74369,32,13.4238,26.6498,13.5382,26.3935,26.3935
82330,74369,33,13.4238,26.6498,13.5382,26.3935,26.3935
82330,74369,34,13.4238,26.6498,13.5382,26.3935,26.3935
82330,74369,35,13.4238,26.6498,13.5382,26.3935,26.3935
82330,74369,36,13.4238,26.6498,13.5382,26.3935,26.3935
82330,74369,37,13.4238,26.6498,13.5382,26.3935,26.3935
82330,74369,38,13.4238,26.6498,13.5382,26.3935,26.3935
82330,74369,39,13.4238,26.6498,13.5382,26.3935,26.3935
82330,74369,40,13.4238,26.6498,13.5382,26.3935,26.3935
