17015,2081,32,2173.44,2173.44,2168.51,2168.51,2169.05
17015,2081,33,2173.44,2173.44,2168.51,2168.51,2169.05
17015,2081,34,2173.44,2173.44,2168.51,2168.51,2169.05
17015,2081,35,2173.44,2173.44,2168.51,2168.51,2169.05
17015,2081,36,2173.44,2173.44,2168.51,2168.51,2169.05
17015,2081,37,2173.44,2173.44,2168.51,2168.51,2169.05
17015,2081,38,2173.44,2173.44,2168.51,2168.51,2169.05
17015,2081,39,2173.44,2173.44,2168.51,2168.51,2169.05
17015,2081,40,2173.44,2173.44,2168.51,2168.51,2170.1
17015,22743,26,1725.04,1725.04,1716.33,1716.33,1716.33
17015,22743,27,1725.04,1725.04,1716.33,1716.33,1716.33
17015,22743,28,1725.04,1725.04,1716.33,1716.33,1716.33
17015,22743,29,1725.04,1725.04,1716.33,1716.33,1716.33
17015,22743,30,1725.04,1725.04,1716.33,1716.33,1716.41
17015,22743,31,1725.04,1725.04,1716.33,1716.33,1716.43
17015,22743,32,1725.04,1725.04,1716.33,1716.33,1716.43
17015,22743,33,1725.04,1725.04,1716.33,1716.33,1716.43
17015,22743,34,1725.04,1725.04,1716.33,1716.33,1716.43
17015,22743,35,1725.04,1725.04,1716.33,1716.33,1716.43
17015,22743,36,1725.04,1725.04,1716.33,1716.33,1716.43
17015,22743,37,1725.04,1725.04,1716.33,1716.33,1716.43
17015,22743,38,1725.04,1725.04,1716.33,1716.33,1716.43
17015,22743,39,1725.04,1725.04,1716.33,1716.33,1716.43
17015,22743,40,1725.04,1725.04,1716.33,1716.33,1716.43
17015,27915,28,1876.97,1876.97,1861.42,1861.42,1862.02
17015,27915,29,1876.97,1876.97,1861.42,1861.42,1861.42
17015,27915,30,1876.97,1876.97,1861.42,1861.42,1861.42
17015,27915,31,1876.97,1876.97,1861.42,1861.42,1861.42
17015,27915,32,1876.97,1876.97,1861.42,1861.42,1861.42
17015,27915,33,1876.97,1876.97,1861.42,1861.42,1861.52
17015,27915,34,1876.97,1876.97,1861.42,1861.42,1861.52
17015,27915,35,1876.97,1876.97,1861.42,1861.42,1861.52
17015,27915,36,1876.97,1876.97,1861.42,1861.42,1861.52
17015,27915,37,1876.97,1876.97,1861.42,1861.42,1861.52
17015,27915,38,1876.97,1876.97,1861.42,1861.42,1861.52
17015,27915,39,1876.97,1876.97,1861.42,1861.42,1861.52
17015,27915,40,1876.97,1876.97,1861.42,1861.42,1861.63
17015,2988,36,2398.54,2398.54,2389.84,2389.84,2389.84
17015,2988,37,2398.54,2398.54,2389.84,2389.84,2389.84
17015,2988,38,2398.54,2398.54,2389.84,2389.84,2389.84
17015,2988,39,2398.54,2398.54,2389.84,2389.84,2389.84
17015,2988,40,2398.54,2398.54,2389.84,2389.84,2389.84
17015,48760,25,1643.59,1643.59,1642.62,1642.62,1642.62
17015,48760,26,1643.59,1643.59,1642.62,1642.62,1642.62
17015,63521,37,2496.68,2496.68,2487.97,2487.97,2487.97
17015,63521,38,2496.68,2496.68,2487.97,2487.97,2487.97
17015,63521,39,2496.68,2496.68,2487.97,2487.97,2487.97
17015,63521,40,2496.68,2496.68,2487.97,2487.97,2487.97
17015,74369,20,1340.24,1340.24,1340.2,1340.2,1340.22
17015,74369,21,1340.24,1340.24,1340.2,1340.2,1340.22
17015,74369,22,1340.24,1340.24,1340.2,1340.2,1340.22
17015,74369,23,1340.24,1340.24,1340.2,1340.2,1340.22
17015,74369,24,1340.24,1340.24,1340.2,1340.2,1340.24
17015,74369,25,1340.24,1340.24,1340.2,1340.2,1340.24
17015,74369,26,1340.24,1340.24,1340.2,1340.2,1340.24
17015,74369,27,1340.24,1340.24,1340.2,1340.2,1340.24
17015,74369,28,1340.24,1340.24,1340.2,1340.2,1340.24
17015,74369,29,1340.24,1340.24,1340.2,1340.2,1340.24
17015,74369,30,1340.24,1340.24,1340.2,1340.2,1340.24
17015,74369,31,1340.24,1340.24,1340.2,1340.2,1340.24
17015,74369,32,1340.24,1340.24,1340.2,1340.2,1340.24
17015,74369,33,1340.24,1340.24,1340.2,1340.2,1340.24
17015,74369,34,1340.24,1340.24,1340.2,1340.2,1340.24
17015,74369,35,1340.24,1340.24,1340.2,1340.2,1340.24
17015,74369,36,1340.24,1340.24,1340.2,1340.2,1340.24
17015,74369,37,1340.24,1340.24,1340.2,1340.2,1340.24
17015,74369,38,1340.24,1340.24,1340.2,1340.2,1340.24
17015,74369,39,1340.24,1340.24,1340.2,1340.2,1340.24
17015,74369,40,1340.24,1340.24,1340.2,1340.2,1340.24
17015,77697,39,2622.45,2622.45,2606.89,2606.89,2607.5
17015,77697,40,2622.45,2622.45,2606.89,2606.89,2607.5
2081,64605,19,1156.4,1156.4,1151.91,1151.91,1156.4
2081,64605,20,1156.4,1156.4,1151.91,1151.91,1156.4
2081,65223,28,1738.52,1738.52,1738.26,1738.26,1738.52
2081,65223,29,1738.52,1738.52,1738.26,1738.26,1738.52
2081,65223,30,1738.52,1738.52,1738.26,1738.26,1738.52
2081,65223,31,1738.52,1738.52,1738.26,1738.26,1738.52
2081,65223,32,1738.52,1738.52,1738.26,1738.26,1738.52
2081,65223,33,1738.52,1738.52,1738.26,1738.26,1738.52
2081,65223,34,1738.52,1738.52,1738.26,1738.26,1738.52
2081,65223,35,1738.52,1738.52,1738.26,1738.26,1738.52
2081,65223,36,1738.52,1738.52,1738.26,1738.26,1738.52
2081,65223,37,1738.52,1738.52,1738.26,1738.26,1738.52
2081,65223,38,1738.52,1738.52,1738.26,1738.26,1738.26
2081,65223,39,1738.52,1738.52,1738.26,1738.26,1738.26
2081,65223,40,1738.52,1738.52,1738.26,1738.26,1738.26
2081,74369,16,906.745,906.745,905.149,905.149,905.154
2081,74369,17,906.745,906.745,905.149,905.149,905.154
2081,74369,18,906.745,906.745,905.149,905.149,905.154
2081,74369,19,906.745,906.745,905.149,905.149,905.154
2081,74369,20,906.745,906.745,905.149,905.149,905.154
2081,74369,21,906.745,906.745,905.149,905.149,905.154
2081,74369,22,906.745,906.745,905.149,905.149,905.154
2081,74369,23,906.745,906.745,905.149,905.149,905.154
2081,74369,24,906.745,906.745,905.149,905.149,905.154
2081,74369,25,906.745,906.745,905.149,905.149,905.154
2081,74369,26,906.745,906.745,905.149,905.149,905.154
2081,74369,27,906.745,906.745,905.149,905.149,905.154
2081,74369,28,906.745,906.745,905.149,905.149,905.154
2081,74369,29,906.745,906.745,905.149,905.149,905.154
2081,74369,30,906.745,906.745,905.149,905.149,905.154
2081,74369,31,906.745,906.745,905.149,905.149,905.154
2081,74369,32,906.745,906.745,905.149,905.149,905.154
2081,74369,33,906.745,906.745,905.149,905.149,905.154
2081,74369,34,906.745,906.745,905.149,905.149,905.154
2081,74369,35,906.745,906.745,905.149,905.149,905.154
2081,74369,36,906.745,906.745,905.149,905.149,905.154
2081,74369,37,906.745,906.745,905.149,905.149,905.154
2081,74369,38,906.745,906.745,905.149,905.149,905.154
2081,74369,39,906.745,906.745,905.149,905.149,905.154
2081,74369,40,906.745,906.745,905.149,905.149,905.154
20864,21331,33,2090.27,2090.27,2048.27,2048.27,2049.03
20864,21331,34,2090.27,2090.27,2048.27,2048.27,2049.03
20864,21331,35,2090.27,2090.27,2048.27,2048.27,2049.03
20864,21331,36,2090.27,2090.27,2048.27,2048.27,2049.03
20864,21331,37,2090.27,2090.27,2048.27,2048.27,2049.03
20864,64605,39,2476.36,2476.36,2430.13,2430.13,2435.36
20864,64605,40,2476.36,2476.36,2430.13,2430.13,2435.12
20864,74369,15,929.949,929.949,896.264,896.264,897.52
20864,74369,16,929.949,929.949,896.264,896.264,896.264
20864,74369,17,929.949,929.949,896.264,896.264,896.264
20864,74369,18,929.949,929.949,896.264,896.264,896.264
20864,74369,19,929.949,929.949,896.264,896.264,896.264
20864,74369,20,929.949,929.949,896.264,896.264,896.264
20864,74369,21,929.949,929.949,896.264,896.264,896.264
20864,74369,22,929.949,929.949,896.264,896.264,896.264
20864,74369,23,929.949,929.949,896.264,896.264,896.264
20864,74369,24,929.949,929.949,896.264,896.264,896.264
20864,74369,25,929.949,929.949,896.264,896.264,896.264
20864,74369,26,929.949,929.949,896.264,896.264,896.264
20864,74369,27,929.949,929.949,896.264,896.264,896.264
20864,74369,28,929.949,929.949,896.264,896.264,896.264
20864,74369,29,929.949,929.949,896.264,896.264,896.264
20864,74369,30,929.949,929.949,896.264,896.264,896.264
20864,74369,31,929.949,929.949,896.264,896.264,896.264
20864,74369,32,929.949,929.949,896.264,896.264,896.264
20864,74369,33,929.949,929.949,896.264,896.264,896.264
20864,74369,34,929.949,929.949,896.264,896.264,896.264
20864,74369,35,929.949,929.949,896.264,896.264,896.264
20864,74369,36,929.949,929.949,896.264,896.264,896.264
20864,74369,37,929.949,929.949,896.264,896.264,896.264
20864,74369,38,929.949,929.949,896.264,896.264,896.264
20864,74369,39,929.949,929.949,896.264,896.264,896.264
20864,74369,40,929.949,929.949,896.264,896.264,896.264
21331,74369,26,1439.24,1439.24,1436.9,1436.9,1437.64
22743,65223,21,1333.22,1333.22,1333.22,1333.22,1333.22
22743,65223,22,1333.22,1333.22,1333.22,1333.22,1333.22
22743,65223,23,1333.22,1333.22,1333.22,1333.22,1333.22
22743,65223,24,1333.22,1333.22,1333.22,1333.22,1333.22
22743,74369,10,566.691,566.691,563.81,563.81,564.008
22743,74369,11,566.691,566.691,563.81,563.81,564.159
22743,74369,12,566.691,566.691,563.81,563.81,564.159
22743,74369,13,566.691,566.691,563.81,563.81,564.159
22743,74369,14,566.691,566.691,563.81,563.81,564.159
22743,74369,15,566.691,566.691,563.81,563.81,564.159
22743,74369,16,566.691,566.691,563.81,563.81,564.159
22743,74369,17,566.691,566.691,563.81,563.81,564.159
22743,74369,18,566.691,566.691,563.81,563.81,564.159
22743,74369,19,566.691,566.691,563.81,563.81,564.159
22743,74369,20,566.691,566.691,563.81,563.81,564.159
22743,74369,21,566.691,566.691,563.81,563.81,564.159
22743,74369,22,566.691,566.691,563.81,563.81,564.159
22743,74369,23,566.691,566.691,563.81,563.81,564.159
22743,74369,24,566.691,566.691,563.81,563.81,564.159
22743,74369,25,566.691,566.691,563.81,563.81,564.159
22743,74369,26,566.691,566.691,563.81,563.81,564.159
22743,74369,27,566.691,566.691,563.81,563.81,564.159
22743,74369,28,566.691,566.691,563.81,563.81,564.159
22743,74369,29,566.691,566.691,563.81,563.81,564.159
22743,74369,30,566.691,566.691,563.81,563.81,564.159
22743,74369,31,566.691,566.691,563.81,563.81,564.159
22743,74369,32,566.691,566.691,563.81,563.81,564.159
22743,74369,33,566.691,566.691,563.81,563.81,564.159
22743,74369,34,566.691,566.691,563.81,563.81,564.159
22743,74369,35,566.691,566.691,563.81,563.81,564.159
22743,74369,36,566.691,566.691,563.81,563.81,564.159
22743,74369,37,566.691,566.691,563.81,563.81,564.159
22743,74369,38,566.691,566.691,563.81,563.81,564.159
22743,74369,39,566.691,566.691,563.81,563.81,564.159
22743,74369,40,566.691,566.691,563.81,563.81,564.159
26078,2081,39,2368.07,2368.07,2360.19,2360.19,2364.76
26078,2081,40,2368.07,2368.07,2360.19,2360.19,2369.16
26078,20864,18,1003.26,1003.26,995.797,995.797,999.952
26078,20864,19,1003.26,1003.26,995.797,995.797,999.952
26078,20864,20,1003.26,1003.26,995.797,995.797,996.88
26078,20864,21,1003.26,1003.26,995.797,995.797,996.88
26078,20864,22,1003.26,1003.26,995.797,995.797,996.88
26078,20864,23,1003.26,1003.26,995.797,995.797,996.88
26078,20864,24,1003.26,1003.26,995.797,995.797,995.797
26078,20864,25,1003.26,1003.26,995.797,995.797,995.797
26078,20864,26,1003.26,1003.26,995.797,995.797,995.797
26078,20864,27,1003.26,1003.26,995.797,995.797,995.797
26078,20864,28,1003.26,1003.26,995.797,995.797,995.797
26078,20864,29,1003.26,1003.26,995.797,995.797,995.797
26078,20864,30,1003.26,1003.26,995.797,995.797,995.797
26078,20864,31,1003.26,1003.26,995.797,995.797,995.797
26078,20864,32,1003.26,1003.26,995.797,995.797,995.797
26078,20864,33,1003.26,1003.26,995.797,995.797,995.797
26078,20864,34,1003.26,1003.26,995.797,995.797,995.797
26078,20864,35,1003.26,1003.26,995.797,995.797,995.797
26078,20864,36,1003.26,1003.26,995.797,995.797,995.797
26078,20864,37,1003.26,1003.26,995.797,995.797,995.797
26078,20864,38,1003.26,1003.26,995.797,995.797,995.797
26078,20864,39,1003.26,1003.26,995.797,995.797,995.797
26078,20864,40,1003.26,1003.26,995.797,995.797,995.797
26078,22743,40,2338.8,2338.8,2288.93,2288.93,2299.8
26078,48760,34,1953,1953,1944.12,1944.12,1949.45
26078,48760,35,1953,1953,1944.12,1944.12,1949.45
26078,48760,36,1953,1953,1944.12,1944.12,1949.45
26078,48760,37,1953,1953,1944.12,1944.12,1948.68
26078,48760,38,1953,1953,1944.12,1944.12,1945.61
26078,48760,39,1953,1953,1944.12,1944.12,1945.2
26078,48760,40,1953,1953,1944.12,1944.12,1945.2
26078,53112,32,1718.44,1718.44,1672.55,1672.55,1676.27
26078,53112,33,1718.44,1718.44,1672.55,1672.55,1674.5
26078,53112,34,1718.44,1718.44,1672.55,1672.55,1674.5
26078,53112,35,1718.44,1718.44,1672.55,1672.55,1674.5
26078,53112,36,1718.44,1718.44,1672.55,1672.55,1673.98
26078,53112,37,1718.44,1718.44,1672.55,1672.55,1674.03
26078,53112,38,1718.44,1718.44,1672.55,1672.55,1674.03
26078,53112,39,1718.44,1718.44,1672.55,1672.55,1674.03
26078,53112,40,1718.44,1718.44,1672.55,1672.55,1672.95
26078,54158,26,1426.54,1426.54,1386.12,1386.12,1390.66
26078,54158,27,1426.54,1426.54,1386.12,1386.12,1390.66
26078,54158,28,1426.54,1426.54,1386.12,1386.12,1387.59
26078,54158,29,1426.54,1426.54,1386.12,1386.12,1387.59
26078,54158,30,1426.54,1426.54,1386.12,1386.12,1387.59
26078,54158,31,1426.54,1426.54,1386.12,1386.12,1387.29
26078,54158,32,1426.54,1426.54,1386.12,1386.12,1387.33
26078,54158,33,1426.54,1426.54,1386.12,1386.12,1386.25
26078,54158,34,1426.54,1426.54,1386.12,1386.12,1386.25
26078,54158,35,1426.54,1426.54,1386.12,1386.12,1386.25
26078,54158,36,1426.54,1426.54,1386.12,1386.12,1386.25
26078,54158,37,1426.54,1426.54,1386.12,1386.12,1386.25
26078,54158,38,1426.54,1426.54,1386.12,1386.12,1386.25
26078,54158,39,1426.54,1426.54,1386.12,1386.12,1386.25
26078,54158,40,1426.54,1426.54,1386.12,1386.12,1386.25
26078,5918,38,2014.63,2014.63,1957.74,1957.74,1961.09
26078,5918,39,2014.63,2014.63,1957.74,1957.74,1960.86
26078,5918,40,2014.63,2014.63,1957.74,1957.74,1960.86
26078,66349,33,1724.81,1724.81,1656.46,1656.46,1659.94
26078,66349,34,1724.81,1724.81,1656.46,1656.46,1658.28
26078,66349,35,1724.81,1724.81,1656.46,1656.46,1658.28
26078,66349,36,1724.81,1724.81,1656.46,1656.46,1658.28
26078,66349,37,1724.81,1724.81,1656.46,1656.46,1657.54
26078,66349,38,1724.81,1724.81,1656.46,1656.46,1657.66
26078,66349,39,1724.81,1724.81,1656.46,1656.46,1657.66
26078,66349,40,1724.81,1724.81,1656.46,1656.46,1656.58
26078,74369,31,1819.54,1819.54,1752.99,1752.99,1758.19
26078,74369,32,1819.54,1819.54,1752.99,1752.99,1758.19
26078,74369,33,1819.54,1819.54,1752.99,1752.99,1757.54
26078,74369,34,1819.54,1819.54,1752.99,1752.99,1757.54
26078,74369,35,1819.54,1819.54,1752.99,1752.99,1754.47
26078,74369,36,1819.54,1819.54,1752.99,1752.99,1754.47
26078,74369,37,1819.54,1819.54,1752.99,1752.99,1754.47
26078,74369,38,1819.54,1819.54,1752.99,1752.99,1754.17
26078,74369,39,1819.54,1819.54,1752.99,1752.99,1754.17
26078,74369,40,1819.54,1819.54,1752.99,1752.99,1754.16
26078,82330,33,1999.42,1999.42,1991.83,1991.83,1996.11
26078,82330,34,1999.42,1999.42,1991.83,1991.83,1996.11
26078,82330,35,1999.42,1999.42,1991.83,1991.83,1995.99
26078,82330,36,1999.42,1999.42,1991.83,1991.83,1995.99
26078,82330,37,1999.42,1999.42,1991.83,1991.83,1995.99
26078,82330,38,1999.42,1999.42,1991.83,1991.83,1995.99
26078,82330,39,1999.42,1999.42,1991.83,1991.83,1992.92
26078,82330,40,1999.42,1999.42,1991.83,1991.83,1992.92
27491,74369,30,2017.68,2017.68,2015.4,2015.4,2016.02
27491,74369,31,2017.68,2017.68,2015.4,2015.4,2015.63
27491,74369,32,2017.68,2017.68,2015.4,2015.4,2015.65
27491,74369,33,2017.68,2017.68,2015.4,2015.4,2015.65
27491,74369,34,2017.68,2017.68,2015.4,2015.4,2015.53
27491,74369,35,2017.68,2017.68,2015.4,2015.4,2015.55
27491,74369,36,2017.68,2017.68,2015.4,2015.4,2015.55
27491,74369,37,2017.68,2017.68,2015.4,2015.4,2015.55
27491,74369,38,2017.68,2017.68,2015.4,2015.4,2015.55
27491,74369,39,2017.68,2017.68,2015.4,2015.4,2015.55
27915,2081,24,1558.29,1558.29,1558.29,1558.29,1558.29
27915,2081,25,1558.29,1558.29,1558.29,1558.29,1558.29
27915,2081,26,1558.29,1558.29,1558.29,1558.29,1558.29
27915,21331,24,1624.8,1624.8,1624.8,1624.8,1624.8
27915,21331,25,1624.8,1624.8,1624.8,1624.8,1624.8
27915,21331,26,1624.8,1624.8,1624.8,1624.8,1624.8
27915,21331,27,1624.8,1624.8,1624.8,1624.8,1624.8
27915,21331,28,1624.8,1624.8,1624.8,1624.8,1624.8
27915,21331,29,1624.8,1624.8,1624.8,1624.8,1624.8
27915,21331,30,1624.8,1624.8,1624.8,1624.8,1624.8
27915,21331,31,1624.8,1624.8,1624.8,1624.8,1624.8
27915,21331,32,1624.8,1624.8,1624.8,1624.8,1624.8
27915,21331,33,1624.8,1624.8,1624.8,1624.8,1624.8
27915,21331,34,1624.8,1624.8,1624.8,1624.8,1624.8
27915,21331,35,1624.8,1624.8,1624.8,1624.8,1624.8
27915,21331,36,1624.8,1624.8,1624.8,1624.8,1624.8
27915,21331,37,1624.8,1624.8,1624.8,1624.8,1624.8
27915,21331,38,1624.8,1624.8,1624.8,1624.8,1624.8
27915,21331,39,1624.8,1624.8,1624.8,1624.8,1624.8
27915,21331,40,1624.8,1624.8,1624.8,1624.8,1624.8
27915,2988,17,1096.4,1096.4,1096.4,1096.4,1096.4
27915,2988,18,1096.4,1096.4,1096.4,1096.4,1096.4
27915,2988,19,1096.4,1096.4,1096.4,1096.4,1096.4
27915,2988,20,1096.4,1096.4,1096.4,1096.4,1096.4
27915,2988,21,1096.4,1096.4,1096.4,1096.4,1096.4
27915,2988,22,1096.4,1096.4,1096.4,1096.4,1096.4
27915,2988,23,1096.4,1096.4,1096.4,1096.4,1096.4
27915,2988,24,1096.4,1096.4,1096.4,1096.4,1096.4
27915,2988,25,1096.4,1096.4,1096.4,1096.4,1096.4
27915,2988,26,1096.4,1096.4,1096.4,1096.4,1096.4
27915,2988,27,1096.4,1096.4,1096.4,1096.4,1096.4
27915,2988,28,1096.4,1096.4,1096.4,1096.4,1096.4
27915,2988,29,1096.4,1096.4,1096.4,1096.4,1096.81
27915,2988,30,1096.4,1096.4,1096.4,1096.4,1096.81
27915,2988,31,1096.4,1096.4,1096.4,1096.4,1096.81
27915,2988,32,1096.4,1096.4,1096.4,1096.4,1096.81
27915,2988,33,1096.4,1096.4,1096.4,1096.4,1096.86
27915,2988,34,1096.4,1096.4,1096.4,1096.4,1096.86
27915,2988,35,1096.4,1096.4,1096.4,1096.4,1096.86
27915,2988,36,1096.4,1096.4,1096.4,1096.4,1096.86
27915,2988,37,1096.4,1096.4,1096.4,1096.4,1096.86
27915,2988,38,1096.4,1096.4,1096.4,1096.4,1096.86
27915,2988,39,1096.4,1096.4,1096.4,1096.4,1096.86
27915,2988,40,1096.4,1096.4,1096.4,1096.4,1096.86
27915,63521,16,1068.61,1068.61,1068.61,1068.61,1068.61
27915,63521,17,1068.61,1068.61,1068.61,1068.61,1068.61
27915,63521,18,1068.61,1068.61,1068.61,1068.61,1068.61
27915,63521,19,1068.61,1068.61,1068.61,1068.61,1068.61
27915,63521,20,1068.61,1068.61,1068.61,1068.61,1068.61
27915,63521,21,1068.61,1068.61,1068.61,1068.61,1068.61
27915,63521,22,1068.61,1068.61,1068.61,1068.61,1068.61
27915,63521,23,1068.61,1068.61,1068.61,1068.61,1068.61
27915,63521,24,1068.61,1068.61,1068.61,1068.61,1068.61
27915,63521,25,1068.61,1068.61,1068.61,1068.61,1068.61
27915,63521,26,1068.61,1068.61,1068.61,1068.61,1068.61
27915,63521,27,1068.61,1068.61,1068.61,1068.61,1068.61
27915,63521,28,1068.61,1068.61,1068.61,1068.61,1068.61
27915,63521,29,1068.61,1068.61,1068.61,1068.61,1068.61
27915,63521,30,1068.61,1068.61,1068.61,1068.61,1068.61
27915,63521,31,1068.61,1068.61,1068.61,1068.61,1068.61
27915,63521,32,1068.61,1068.61,1068.61,1068.61,1068.61
27915,63521,33,1068.61,1068.61,1068.61,1068.61,1068.61
27915,63521,34,1068.61,1068.61,1068.61,1068.61,1068.61
27915,63521,35,1068.61,1068.61,1068.61,1068.61,1068.61
27915,63521,36,1068.61,1068.61,1068.61,1068.61,1068.61
27915,63521,37,1068.61,1068.61,1068.61,1068.61,1068.61
27915,63521,38,1068.61,1068.61,1068.61,1068.61,1068.61
27915,63521,39,1068.61,1068.61,1068.61,1068.61,1068.61
27915,63521,40,1068.61,1068.61,1068.61,1068.61,1068.61
27915,64605,25,1681.37,1681.37,1681.37,1681.37,1681.37
27915,64605,26,1681.37,1681.37,1681.37,1681.37,1681.37
27915,64605,27,1681.37,1681.37,1681.37,1681.37,1681.37
27915,64605,28,1681.37,1681.37,1681.37,1681.37,1681.37
27915,64605,29,1681.37,1681.37,1681.37,1681.37,1681.37
27915,64605,30,1681.37,1681.37,1681.37,1681.37,1681.37
27915,64605,31,1681.37,1681.37,1681.37,1681.37,1681.37
27915,64605,32,1681.37,1681.37,1681.37,1681.37,1681.37
27915,64605,33,1681.37,1681.37,1681.37,1681.37,1681.37
27915,64605,34,1681.37,1681.37,1681.37,1681.37,1681.37
27915,64605,35,1681.37,1681.37,1681.37,1681.37,1681.37
27915,64605,36,1681.37,1681.37,1681.37,1681.37,1681.37
27915,64605,37,1681.37,1681.37,1681.37,1681.37,1681.37
27915,64605,38,1681.37,1681.37,1681.37,1681.37,1681.37
27915,64605,39,1681.37,1681.37,1681.37,1681.37,1681.37
27915,64605,40,1681.37,1681.37,1681.37,1681.37,1681.37
27915,65223,18,1158.98,1158.98,1158.98,1158.98,1158.98
27915,65223,19,1158.98,1158.98,1158.98,1158.98,1158.98
27915,65223,20,1158.98,1158.98,1158.98,1158.98,1158.98
27915,65223,21,1158.98,1158.98,1158.98,1158.98,1158.98
27915,65223,22,1158.98,1158.98,1158.98,1158.98,1158.98
27915,65223,23,1158.98,1158.98,1158.98,1158.98,1158.98
27915,65223,24,1158.98,1158.98,1158.98,1158.98,1158.98
27915,65223,25,1158.98,1158.98,1158.98,1158.98,1158.98
27915,65223,26,1158.98,1158.98,1158.98,1158.98,1158.98
27915,65223,27,1158.98,1158.98,1158.98,1158.98,1158.98
27915,65223,28,1158.98,1158.98,1158.98,1158.98,1158.98
27915,65223,29,1158.98,1158.98,1158.98,1158.98,1158.98
27915,65223,30,1158.98,1158.98,1158.98,1158.98,1158.98
27915,65223,31,1158.98,1158.98,1158.98,1158.98,1158.98
27915,65223,32,1158.98,1158.98,1158.98,1158.98,1158.98
27915,65223,33,1158.98,1158.98,1158.98,1158.98,1158.98
27915,65223,34,1158.98,1158.98,1158.98,1158.98,1158.98
27915,65223,35,1158.98,1158.98,1158.98,1158.98,1158.98
27915,65223,36,1158.98,1158.98,1158.98,1158.98,1158.98
27915,65223,37,1158.98,1158.98,1158.98,1158.98,1158.98
27915,65223,38,1158.98,1158.98,1158.98,1158.98,1158.98
27915,65223,39,1158.98,1158.98,1158.98,1158.98,1158.98
27915,65223,40,1158.98,1158.98,1158.98,1158.98,1158.98
27915,74369,17,1075.44,1075.44,1075.44,1075.44,1075.44
27915,74369,18,1075.44,1075.44,1075.44,1075.44,1075.44
27915,74369,19,1075.44,1075.44,1075.44,1075.44,1075.44
27915,74369,20,1075.44,1075.44,1075.44,1075.44,1075.44
27915,74369,21,1075.44,1075.44,1075.44,1075.44,1075.44
27915,74369,22,1075.44,1075.44,1075.44,1075.44,1075.44
27915,74369,23,1075.44,1075.44,1075.44,1075.44,1075.44
27915,74369,24,1075.44,1075.44,1075.44,1075.44,1075.44
27915,74369,25,1075.44,1075.44,1075.44,1075.44,1075.44
27915,74369,26,1075.44,1075.44,1075.44,1075.44,1075.44
27915,74369,27,1075.44,1075.44,1075.44,1075.44,1075.44
27915,74369,28,1075.44,1075.44,1075.44,1075.44,1075.44
27915,74369,29,1075.44,1075.44,1075.44,1075.44,1075.44
27915,74369,30,1075.44,1075.44,1075.44,1075.44,1075.44
27915,74369,31,1075.44,1075.44,1075.44,1075.44,1075.44
27915,74369,32,1075.44,1075.44,1075.44,1075.44,1075.44
27915,74369,33,1075.44,1075.44,1075.44,1075.44,1075.44
27915,74369,34,1075.44,1075.44,1075.44,1075.44,1075.44
27915,74369,35,1075.44,1075.44,1075.44,1075.44,1075.44
27915,74369,36,1075.44,1075.44,1075.44,1075.44,1075.44
27915,74369,37,1075.44,1075.44,1075.44,1075.44,1075.44
27915,74369,38,1075.44,1075.44,1075.44,1075.44,1075.44
27915,74369,39,1075.44,1075.44,1075.44,1075.44,1075.44
27915,74369,40,1075.44,1075.44,1075.44,1075.44,1075.44
27915,77697,11,745.478,745.478,745.478,745.478,745.478
27915,77697,12,745.478,745.478,745.478,745.478,745.478
27915,77697,13,745.478,745.478,745.478,745.478,745.478
27915,77697,14,745.478,745.478,745.478,745.478,745.478
27915,77697,15,745.478,745.478,745.478,745.478,745.478
27915,77697,16,745.478,745.478,745.478,745.478,745.478
27915,77697,17,745.478,745.478,745.478,745.478,745.478
27915,77697,18,745.478,745.478,745.478,745.478,745.478
27915,77697,19,745.478,745.478,745.478,745.478,745.478
27915,77697,20,745.478,745.478,745.478,745.478,745.478
27915,77697,21,745.478,745.478,745.478,745.478,745.478
27915,77697,22,745.478,745.478,745.478,745.478,745.478
27915,77697,23,745.478,745.478,745.478,745.478,745.478
27915,77697,24,745.478,745.478,745.478,745.478,745.478
27915,77697,25,745.478,745.478,745.478,745.478,745.478
27915,77697,26,745.478,745.478,745.478,745.478,745.478
27915,77697,27,745.478,745.478,745.478,745.478,745.478
27915,77697,28,745.478,745.478,745.478,745.478,745.478
27915,77697,29,745.478,745.478,745.478,745.478,745.478
27915,77697,30,745.478,745.478,745.478,745.478,745.478
27915,77697,31,745.478,745.478,745.478,745.478,745.478
27915,77697,32,745.478,745.478,745.478,745.478,745.478
27915,77697,33,745.478,745.478,745.478,745.478,745.478
27915,77697,34,745.478,745.478,745.478,745.478,745.478
27915,77697,35,745.478,745.478,745.478,745.478,745.478
27915,77697,36,745.478,745.478,745.478,745.478,745.478
27915,77697,37,745.478,745.478,745.478,745.478,745.478
27915,77697,38,745.478,745.478,745.478,745.478,745.478
27915,77697,39,745.478,745.478,745.478,745.478,745.478
27915,77697,40,745.478,745.478,745.478,745.478,745.478
2988,64605,22,1316.59,1316.59,1312.37,1312.37,1316.59
2988,65223,22,1290.83,1290.83,1290.41,1290.41,1290.41
2988,65223,23,1290.83,1290.83,1290.41,1290.41,1290.41
2988,65223,24,1290.83,1290.83,1290.41,1290.41,1290.41
2988,65223,25,1290.83,1290.83,1290.41,1290.41,1290.41
2988,65223,26,1290.83,1290.83,1290.41,1290.41,1290.41
2988,65223,27,1290.83,1290.83,1290.41,1290.41,1290.41
2988,65223,28,1290.83,1290.83,1290.41,1290.41,1290.41
2988,65223,29,1290.83,1290.83,1290.41,1290.41,1290.41
2988,65223,30,1290.83,1290.83,1290.41,1290.41,1290.41
2988,65223,31,1290.83,1290.83,1290.41,1290.41,1290.41
2988,65223,32,1290.83,1290.83,1290.41,1290.41,1290.47
2988,65223,33,1290.83,1290.83,1290.41,1290.41,1290.47
2988,65223,34,1290.83,1290.83,1290.41,1290.41,1290.47
2988,65223,35,1290.83,1290.83,1290.41,1290.41,1290.47
2988,65223,36,1290.83,1290.83,1290.41,1290.41,1290.47
2988,65223,37,1290.83,1290.83,1290.41,1290.41,1290.47
2988,65223,38,1290.83,1290.83,1290.41,1290.41,1290.47
2988,65223,39,1290.83,1290.83,1290.41,1290.41,1290.47
2988,65223,40,1290.83,1290.83,1290.41,1290.41,1290.47
2988,74369,21,1213.79,1213.79,1194.34,1194.34,1194.35
2988,74369,22,1213.79,1213.79,1194.34,1194.34,1194.35
2988,74369,23,1213.79,1213.79,1194.34,1194.34,1194.35
2988,74369,24,1213.79,1213.79,1194.34,1194.34,1194.35
2988,74369,25,1213.79,1213.79,1194.34,1194.34,1194.35
2988,74369,26,1213.79,1213.79,1194.34,1194.34,1194.35
2988,74369,27,1213.79,1213.79,1194.34,1194.34,1194.35
2988,74369,28,1213.79,1213.79,1194.34,1194.34,1194.35
2988,74369,29,1213.79,1213.79,1194.34,1194.34,1194.35
2988,74369,30,1213.79,1213.79,1194.34,1194.34,1194.35
2988,74369,31,1213.79,1213.79,1194.34,1194.34,1210.97
2988,74369,32,1213.79,1213.79,1194.34,1194.34,1210.97
2988,74369,33,1213.79,1213.79,1194.34,1194.34,1210.97
2988,74369,34,1213.79,1213.79,1194.34,1194.34,1210.97
2988,74369,35,1213.79,1213.79,1194.34,1194.34,1210.97
2988,74369,36,1213.79,1213.79,1194.34,1194.34,1210.97
2988,74369,37,1213.79,1213.79,1194.34,1194.34,1210.97
2988,74369,38,1213.79,1213.79,1194.34,1194.34,1210.97
2988,74369,39,1213.79,1213.79,1194.34,1194.34,1210.97
2988,74369,40,1213.79,1213.79,1194.34,1194.34,1210.97
30224,2081,38,2599.89,2599.89,2597.01,2597.01,2598.23
30224,2081,39,2599.89,2599.89,2597.01,2597.01,2598.23
30224,2081,40,2599.89,2599.89,2597.01,2597.01,2597.86
30224,22743,30,2007.73,2007.73,2006.87,2006.87,2007.73
30224,22743,31,2007.73,2007.73,2006.87,2006.87,2007.73
30224,22743,32,2007.73,2007.73,2006.87,2006.87,2007.73
30224,22743,33,2007.73,2007.73,2006.87,2006.87,2007.73
30224,22743,34,2007.73,2007.73,2006.87,2006.87,2007.61
30224,22743,35,2007.73,2007.73,2006.87,2006.87,2006.95
30224,22743,36,2007.73,2007.73,2006.87,2006.87,2006.87
30224,27915,32,2159.66,2159.66,2151.96,2151.96,2153.41
30224,27915,33,2159.66,2159.66,2151.96,2151.96,2152.82
30224,27915,34,2159.66,2159.66,2151.96,2151.96,2152.82
30224,27915,35,2159.66,2159.66,2151.96,2151.96,2152.82
30224,27915,36,2159.66,2159.66,2151.96,2151.96,2152.7
30224,27915,37,2159.66,2159.66,2151.96,2151.96,2152.7
30224,27915,38,2159.66,2159.66,2151.96,2151.96,2151.96
30224,27915,39,2159.66,2159.66,2151.96,2151.96,2151.96
30224,27915,40,2159.66,2159.66,2151.96,2151.96,2151.96
30224,2988,40,2681.23,2681.23,2680.38,2680.38,2681.23
30224,74369,26,1720.47,1720.47,1717.57,1717.57,1718.44
30224,74369,27,1720.47,1720.47,1717.57,1717.57,1718.44
30224,74369,28,1720.47,1720.47,1717.57,1717.57,1718.44
30224,74369,29,1720.47,1720.47,1717.57,1717.57,1718.32
30224,74369,30,1720.47,1720.47,1717.57,1717.57,1717.61
30224,74369,31,1720.47,1720.47,1717.57,1717.57,1717.61
30224,74369,32,1720.47,1720.47,1717.57,1717.57,1717.61
30224,74369,33,1720.47,1720.47,1717.57,1717.57,1717.61
30224,74369,34,1720.47,1720.47,1717.57,1717.57,1717.61
30224,74369,35,1720.47,1720.47,1717.57,1717.57,1717.61
30224,74369,36,1720.47,1720.47,1717.57,1717.57,1717.61
30224,74369,37,1720.47,1720.47,1717.57,1717.57,1717.61
30224,74369,38,1720.47,1720.47,1717.57,1717.57,1717.61
30224,74369,39,1720.47,1720.47,1717.57,1717.57,1717.61
30224,74369,40,1720.47,1720.47,1717.57,1717.57,1717.61
31931,2081,34,2310.73,2310.73,2308.7,2308.7,2309.07
31931,2081,35,2310.73,2310.73,2308.7,2308.7,2309.07
31931,2081,36,2310.73,2310.73,2308.7,2308.7,2308.7
31931,2081,37,2310.73,2310.73,2308.7,2308.7,2308.7
31931,2081,38,2310.73,2310.73,2308.7,2308.7,2308.7
31931,2081,39,2310.73,2310.73,2308.7,2308.7,2308.7
31931,2081,40,2310.73,2310.73,2308.7,2308.7,2308.7
31931,22743,25,1694.37,1694.37,1694.37,1694.37,1694.37
31931,22743,26,1694.37,1694.37,1694.37,1694.37,1694.37
31931,22743,27,1694.37,1694.37,1694.37,1694.37,1694.37
31931,22743,28,1694.37,1694.37,1694.37,1694.37,1694.37
31931,22743,29,1694.37,1694.37,1694.37,1694.37,1694.37
31931,22743,30,1694.37,1694.37,1694.37,1694.37,1694.45
31931,22743,31,1694.37,1694.37,1694.37,1694.37,1694.37
31931,22743,32,1694.37,1694.37,1694.37,1694.37,1697.1
31931,22743,33,1694.37,1694.37,1694.37,1694.37,1697.1
31931,22743,34,1694.37,1694.37,1694.37,1694.37,1697.1
31931,22743,35,1694.37,1694.37,1694.37,1694.37,1697.1
31931,22743,36,1694.37,1694.37,1694.37,1694.37,1697.1
31931,22743,37,1694.37,1694.37,1694.37,1694.37,1697.1
31931,22743,38,1694.37,1694.37,1694.37,1694.37,1697.1
31931,22743,39,1694.37,1694.37,1694.37,1694.37,1697.1
31931,22743,40,1694.37,1694.37,1694.37,1694.37,1697.1
31931,27915,28,1847.65,1847.65,1840.8,1840.8,1841.4
31931,27915,29,1847.65,1847.65,1840.8,1840.8,1840.8
31931,27915,30,1847.65,1847.65,1840.8,1840.8,1840.8
31931,27915,31,1847.65,1847.65,1840.8,1840.8,1840.8
31931,27915,32,1847.65,1847.65,1840.8,1840.8,1840.8
31931,27915,33,1847.65,1847.65,1840.8,1840.8,1840.8
31931,27915,34,1847.65,1847.65,1840.8,1840.8,1840.8
31931,27915,35,1847.65,1847.65,1840.8,1840.8,1843.53
31931,27915,36,1847.65,1847.65,1840.8,1840.8,1843.53
31931,27915,37,1847.65,1847.65,1840.8,1840.8,1843.53
31931,27915,38,1847.65,1847.65,1840.8,1840.8,1843.53
31931,27915,39,1847.65,1847.65,1840.8,1840.8,1843.53
31931,27915,40,1847.65,1847.65,1840.8,1840.8,1843.64
31931,2988,35,2367.87,2367.87,2367.87,2367.87,2367.87
31931,2988,36,2367.87,2367.87,2367.87,2367.87,2367.87
31931,2988,37,2367.87,2367.87,2367.87,2367.87,2367.87
31931,2988,38,2367.87,2367.87,2367.87,2367.87,2367.87
31931,2988,39,2367.87,2367.87,2367.87,2367.87,2367.87
31931,2988,40,2367.87,2367.87,2367.87,2367.87,2367.87
31931,48760,26,1734.67,1734.67,1732.62,1732.62,1733
31931,48760,27,1734.67,1734.67,1732.62,1732.62,1732.64
31931,48760,28,1734.67,1734.67,1732.62,1732.62,1732.64
31931,48760,29,1734.67,1734.67,1732.62,1732.62,1732.64
31931,48760,30,1734.67,1734.67,1732.62,1732.62,1732.64
31931,48760,31,1734.67,1734.67,1732.62,1732.62,1732.66
31931,48760,32,1734.67,1734.67,1732.62,1732.62,1732.66
31931,48760,33,1734.67,1734.67,1732.62,1732.62,1735.39
31931,48760,34,1734.67,1734.67,1732.62,1732.62,1735.39
31931,48760,35,1734.67,1734.67,1732.62,1732.62,1735.39
31931,48760,36,1734.67,1734.67,1732.62,1732.62,1735.39
31931,48760,37,1734.67,1734.67,1732.62,1732.62,1735.39
31931,48760,38,1734.67,1734.67,1732.62,1732.62,1735.39
31931,48760,39,1734.67,1734.67,1732.62,1732.62,1735.39
31931,48760,40,1734.67,1734.67,1732.62,1732.62,1735.39
31931,63521,37,2466.01,2466.01,2466.01,2466.01,2466.01
31931,63521,38,2466.01,2466.01,2466.01,2466.01,2466.01
31931,63521,39,2466.01,2466.01,2466.01,2466.01,2466.01
31931,63521,40,2466.01,2466.01,2466.01,2466.01,2466.01
31931,74369,22,1431.31,1431.31,1429.27,1429.27,1429.28
31931,74369,23,1431.31,1431.31,1429.27,1429.27,1429.28
31931,74369,24,1431.31,1431.31,1429.27,1429.27,1429.28
31931,74369,25,1431.31,1431.31,1429.27,1429.27,1429.3
31931,74369,26,1431.31,1431.31,1429.27,1429.27,1429.3
31931,74369,27,1431.31,1431.31,1429.27,1429.27,1432.03
31931,74369,28,1431.31,1431.31,1429.27,1429.27,1432.03
31931,74369,29,1431.31,1431.31,1429.27,1429.27,1432.03
31931,74369,30,1431.31,1431.31,1429.27,1429.27,1432.03
31931,74369,31,1431.31,1431.31,1429.27,1429.27,1432.03
31931,74369,32,1431.31,1431.31,1429.27,1429.27,1432.03
31931,74369,33,1431.31,1431.31,1429.27,1429.27,1432.03
31931,74369,34,1431.31,1431.31,1429.27,1429.27,1432.03
31931,74369,35,1431.31,1431.31,1429.27,1429.27,1432.03
31931,74369,36,1431.31,1431.31,1429.27,1429.27,1432.03
31931,74369,37,1431.31,1431.31,1429.27,1429.27,1432.03
31931,74369,38,1431.31,1431.31,1429.27,1429.27,1432.03
31931,74369,39,1431.31,1431.31,1429.27,1429.27,1432.03
31931,74369,40,1431.31,1431.31,1429.27,1429.27,1432.03
31931,77697,38,2593.13,2593.13,2586.28,2586.28,2586.88
31931,77697,39,2593.13,2593.13,2586.28,2586.28,2586.88
31931,77697,40,2593.13,2593.13,2586.28,2586.28,2586.28
31931,82330,31,2080.82,2080.82,2080.15,2080.15,2080.39
31931,82330,32,2080.82,2080.82,2080.15,2080.15,2080.39
31931,82330,33,2080.82,2080.82,2080.15,2080.15,2080.39
31931,82330,34,2080.82,2080.82,2080.15,2080.15,2080.39
31931,82330,35,2080.82,2080.82,2080.15,2080.15,2080.27
31931,82330,36,2080.82,2080.82,2080.15,2080.15,2080.27
34394,2081,31,2125.24,2125.24,2120.53,2120.53,2120.68
34394,2081,32,2125.24,2125.24,2120.53,2120.53,2120.68
34394,2081,33,2125.24,2125.24,2120.53,2120.53,2120.68
34394,2081,34,2125.24,2125.24,2120.53,2120.53,2120.68
34394,2081,35,2125.24,2125.24,2120.53,2120.53,2120.68
34394,2081,36,2125.24,2125.24,2120.53,2120.53,2120.68
34394,2081,37,2125.24,2125.24,2120.53,2120.53,2120.68
34394,2081,38,2125.24,2125.24,2120.53,2120.53,2120.68
34394,2081,39,2125.24,2125.24,2120.53,2120.53,2120.68
34394,2081,40,2125.24,2125.24,2120.53,2120.53,2120.68
34394,27915,35,2131.37,2131.37,2074.42,2074.42,2079.99
34394,27915,36,2131.37,2131.37,2074.42,2074.42,2079.99
34394,27915,37,2131.37,2131.37,2074.42,2074.42,2079.99
34394,27915,38,2131.37,2131.37,2074.42,2074.42,2079.99
34394,27915,39,2131.37,2131.37,2074.42,2074.42,2079.99
34394,2988,38,2528.87,2528.87,2507.24,2507.24,2517.43
34394,2988,39,2528.87,2528.87,2507.24,2507.24,2517.43
34394,2988,40,2528.87,2528.87,2507.24,2507.24,2516.22
34394,63521,40,2639,2639,2623.48,2623.48,2637.11
34394,74369,21,1391.31,1391.31,1380.26,1380.26,1389.42
34394,74369,22,1391.31,1391.31,1380.26,1380.26,1388.22
34394,74369,23,1391.31,1391.31,1380.26,1380.26,1388.22
34394,74369,24,1391.31,1391.31,1380.26,1380.26,1388.22
34394,74369,25,1391.31,1391.31,1380.26,1380.26,1380.72
34394,74369,26,1391.31,1391.31,1380.26,1380.26,1381.91
34394,74369,27,1391.31,1391.31,1380.26,1380.26,1381.91
34394,74369,28,1391.31,1391.31,1380.26,1380.26,1381.48
34394,74369,29,1391.31,1391.31,1380.26,1380.26,1381.48
34394,74369,30,1391.31,1391.31,1380.26,1380.26,1381.48
34394,74369,31,1391.31,1391.31,1380.26,1380.26,1381.5
34394,74369,32,1391.31,1391.31,1380.26,1380.26,1381.45
34394,74369,33,1391.31,1391.31,1380.26,1380.26,1381.45
34394,74369,34,1391.31,1391.31,1380.26,1380.26,1381.45
34394,74369,35,1391.31,1391.31,1380.26,1380.26,1381.45
34394,74369,36,1391.31,1391.31,1380.26,1380.26,1381.45
34394,74369,37,1391.31,1391.31,1380.26,1380.26,1381.45
34394,74369,38,1391.31,1391.31,1380.26,1380.26,1381.45
34394,74369,39,1391.31,1391.31,1380.26,1380.26,1381.45
34394,74369,40,1391.31,1391.31,1380.26,1380.26,1381.45
34990,74369,21,1317.52,1317.52,1269.13,1269.13,1272.35
34990,74369,22,1317.52,1317.52,1269.13,1269.13,1270.18
36721,2081,29,1969.58,1969.58,1964.87,1964.87,1965.02
36721,2081,30,1969.58,1969.58,1964.87,1964.87,1965.02
36721,2081,31,1969.58,1969.58,1964.87,1964.87,1965.02
36721,2081,32,1969.58,1969.58,1964.87,1964.87,1965.02
36721,2081,33,1969.58,1969.58,1964.87,1964.87,1965.02
36721,2081,34,1969.58,1969.58,1964.87,1964.87,1965.02
36721,2081,35,1969.58,1969.58,1964.87,1964.87,1965.02
36721,2081,36,1969.58,1969.58,1964.87,1964.87,1965.02
36721,2081,37,1969.58,1969.58,1964.87,1964.87,1965.02
36721,2081,38,1969.58,1969.58,1964.87,1964.87,1965.02
36721,2081,39,1969.58,1969.58,1964.87,1964.87,1965.02
36721,2081,40,1969.58,1969.58,1964.87,1964.87,1965.02
36721,21331,39,2580.21,2580.21,2580.2,2580.2,2580.2
36721,21331,40,2580.21,2580.21,2580.2,2580.2,2580.2
36721,22743,28,1802.73,1802.73,1769.77,1769.77,1778.98
36721,22743,29,1802.73,1802.73,1769.77,1769.77,1778.21
36721,22743,30,1802.73,1802.73,1769.77,1769.77,1775.63
36721,22743,31,1802.73,1802.73,1769.77,1769.77,1771.6
36721,22743,32,1802.73,1802.73,1769.77,1769.77,1770.97
36721,22743,33,1802.73,1802.73,1769.77,1769.77,1770.74
36721,22743,34,1802.73,1802.73,1769.77,1769.77,1770.74
36721,22743,35,1802.73,1802.73,1769.77,1769.77,1770.74
36721,22743,36,1802.73,1802.73,1769.77,1769.77,1770.23
36721,22743,37,1802.73,1802.73,1769.77,1769.77,1770.23
36721,22743,38,1802.73,1802.73,1769.77,1769.77,1770.28
36721,22743,39,1802.73,1802.73,1769.77,1769.77,1770.28
36721,22743,40,1802.73,1802.73,1769.77,1769.77,1770.28
36721,27915,35,2049.21,2049.21,2014.19,2014.19,2026.15
36721,27915,36,2049.21,2049.21,2014.19,2014.19,2026.15
36721,27915,37,2049.21,2049.21,2014.19,2014.19,2026.15
36721,27915,38,2049.21,2049.21,2014.19,2014.19,2026.15
36721,27915,39,2049.21,2049.21,2014.19,2014.19,2026.15
36721,27915,40,2049.21,2049.21,2014.19,2014.19,2020.45
36721,2988,36,2444.38,2444.38,2417.73,2417.73,2417.74
36721,2988,37,2444.38,2444.38,2417.73,2417.73,2417.74
36721,2988,38,2444.38,2444.38,2417.73,2417.73,2417.74
36721,2988,39,2444.38,2444.38,2417.73,2417.73,2417.74
36721,2988,40,2444.38,2444.38,2417.73,2417.73,2417.74
36721,48760,22,1506.03,1506.03,1501.03,1501.03,1501.03
36721,48760,23,1506.03,1506.03,1501.03,1501.03,1501.03
36721,48760,24,1506.03,1506.03,1501.03,1501.03,1501.03
36721,48760,25,1506.03,1506.03,1501.03,1501.03,1501.03
36721,48760,26,1506.03,1506.03,1501.03,1501.03,1501.03
36721,48760,27,1506.03,1506.03,1501.03,1501.03,1501.03
36721,48760,28,1506.03,1506.03,1501.03,1501.03,1501.03
36721,48760,29,1506.03,1506.03,1501.03,1501.03,1501.03
36721,48760,30,1506.03,1506.03,1501.03,1501.03,1501.03
36721,48760,31,1506.03,1506.03,1501.03,1501.03,1501.03
36721,48760,32,1506.03,1506.03,1501.03,1501.03,1501.03
36721,48760,33,1506.03,1506.03,1501.03,1501.03,1501.03
36721,48760,34,1506.03,1506.03,1501.03,1501.03,1501.03
36721,48760,35,1506.03,1506.03,1501.03,1501.03,1501.16
36721,48760,36,1506.03,1506.03,1501.03,1501.03,1501.16
36721,48760,37,1506.03,1506.03,1501.03,1501.03,1501.16
36721,48760,38,1506.03,1506.03,1501.03,1501.03,1501.16
36721,48760,39,1506.03,1506.03,1501.03,1501.03,1501.16
36721,48760,40,1506.03,1506.03,1501.03,1501.03,1501.16
36721,63521,40,2574.37,2574.37,2541.41,2541.41,2550.62
36721,74369,20,1306.35,1306.35,1280.17,1280.17,1280.18
36721,74369,21,1306.35,1306.35,1280.17,1280.17,1280.18
36721,74369,22,1306.35,1306.35,1280.17,1280.17,1280.18
36721,74369,23,1306.35,1306.35,1280.17,1280.17,1280.18
36721,74369,24,1306.35,1306.35,1280.17,1280.17,1280.18
36721,74369,25,1306.35,1306.35,1280.17,1280.17,1280.18
36721,74369,26,1306.35,1306.35,1280.17,1280.17,1280.18
36721,74369,27,1306.35,1306.35,1280.17,1280.17,1280.18
36721,74369,28,1306.35,1306.35,1280.17,1280.17,1280.18
36721,74369,29,1306.35,1306.35,1280.17,1280.17,1280.17
36721,74369,30,1306.35,1306.35,1280.17,1280.17,1280.31
36721,74369,31,1306.35,1306.35,1280.17,1280.17,1280.31
36721,74369,32,1306.35,1306.35,1280.17,1280.17,1280.31
36721,74369,33,1306.35,1306.35,1280.17,1280.17,1280.31
36721,74369,34,1306.35,1306.35,1280.17,1280.17,1280.31
36721,74369,35,1306.35,1306.35,1280.17,1280.17,1280.31
36721,74369,36,1306.35,1306.35,1280.17,1280.17,1280.31
36721,74369,37,1306.35,1306.35,1280.17,1280.17,1280.31
36721,74369,38,1306.35,1306.35,1280.17,1280.17,1280.31
36721,74369,39,1306.35,1306.35,1280.17,1280.17,1280.31
36721,74369,40,1306.35,1306.35,1280.17,1280.17,1280.31
36721,82330,24,1629.69,1629.69,1629.29,1629.29,1629.55
36721,82330,25,1629.69,1629.69,1629.29,1629.29,1629.55
36721,82330,26,1629.69,1629.69,1629.29,1629.29,1629.55
36721,82330,27,1629.69,1629.69,1629.29,1629.29,1629.43
36721,82330,28,1629.69,1629.69,1629.29,1629.29,1629.43
36721,82330,29,1629.69,1629.69,1629.29,1629.29,1629.43
36721,82330,30,1629.69,1629.69,1629.29,1629.29,1629.43
36721,82330,31,1629.69,1629.69,1629.29,1629.29,1629.43
36721,82330,32,1629.69,1629.69,1629.29,1629.29,1629.43
36721,82330,33,1629.69,1629.69,1629.29,1629.29,1629.43
36721,82330,34,1629.69,1629.69,1629.29,1629.29,1629.43
36721,82330,35,1629.69,1629.69,1629.29,1629.29,1629.34
36721,82330,36,1629.69,1629.69,1629.29,1629.29,1629.34
36721,82330,37,1629.69,1629.69,1629.29,1629.29,1629.34
36721,82330,38,1629.69,1629.69,1629.29,1629.29,1629.47
36721,82330,39,1629.69,1629.69,1629.29,1629.29,1629.47
36721,82330,40,1629.69,1629.69,1629.29,1629.29,1629.47
4158,21331,32,2114.97,2114.97,2114.86,2114.86,2114.89
4158,21331,33,2114.97,2114.97,2114.86,2114.86,2114.89
4158,21331,34,2114.97,2114.97,2114.86,2114.86,2114.89
4158,21331,35,2114.97,2114.97,2114.86,2114.86,2114.89
4158,21331,36,2114.97,2114.97,2114.86,2114.86,2114.89
4158,21331,37,2114.97,2114.97,2114.86,2114.86,2114.89
4158,21331,38,2114.97,2114.97,2114.86,2114.86,2114.89
4158,21331,39,2114.97,2114.97,2114.86,2114.86,2114.89
4158,21331,40,2114.97,2114.97,2114.86,2114.86,2114.89
4158,64605,39,2501.06,2501.06,2496.72,2496.72,2500.98
4158,64605,40,2501.06,2501.06,2496.72,2496.72,2500.98
4158,65223,39,2531.74,2531.74,2519.51,2519.51,2531.14
4158,65223,40,2531.74,2531.74,2519.51,2519.51,2531.14
4158,74369,11,715.03,715.03,714.925,714.925,714.962
4158,74369,12,715.03,715.03,714.925,714.925,714.962
4158,74369,13,715.03,715.03,714.925,714.925,714.962
4158,74369,14,715.03,715.03,714.925,714.925,714.962
4158,74369,15,715.03,715.03,714.925,714.925,714.962
4158,74369,16,715.03,715.03,714.925,714.925,714.925
4158,74369,17,715.03,715.03,714.925,714.925,714.925
4158,74369,18,715.03,715.03,714.925,714.925,714.925
4158,74369,19,715.03,715.03,714.925,714.925,714.925
4158,74369,20,715.03,715.03,714.925,714.925,714.925
4158,74369,21,715.03,715.03,714.925,714.925,714.925
4158,74369,22,715.03,715.03,714.925,714.925,714.925
4158,74369,23,715.03,715.03,714.925,714.925,714.925
4158,74369,24,715.03,715.03,714.925,714.925,714.925
4158,74369,25,715.03,715.03,714.925,714.925,714.925
4158,74369,26,715.03,715.03,714.925,714.925,714.925
4158,74369,27,715.03,715.03,714.925,714.925,714.925
4158,74369,28,715.03,715.03,714.925,714.925,714.925
4158,74369,29,715.03,715.03,714.925,714.925,714.925
4158,74369,30,715.03,715.03,714.925,714.925,714.925
4158,74369,31,715.03,715.03,714.925,714.925,714.925
4158,74369,32,715.03,715.03,714.925,714.925,714.925
4158,74369,33,715.03,715.03,714.925,714.925,714.925
4158,74369,34,715.03,715.03,714.925,714.925,714.925
4158,74369,35,715.03,715.03,714.925,714.925,714.925
4158,74369,36,715.03,715.03,714.925,714.925,714.925
4158,74369,37,715.03,715.03,714.925,714.925,714.925
4158,74369,38,715.03,715.03,714.925,714.925,714.925
4158,74369,39,715.03,715.03,714.925,714.925,714.925
4158,74369,40,715.03,715.03,714.925,714.925,714.925
4158,77697,35,2244.83,2244.83,2237.78,2237.78,2242.63
4158,77697,36,2244.83,2244.83,2237.78,2237.78,2242.63
44442,21331,32,2126.44,2126.44,2126.42,2126.42,2126.42
44442,21331,33,2126.44,2126.44,2126.42,2126.42,2126.42
44442,21331,34,2126.44,2126.44,2126.42,2126.42,2126.42
44442,21331,35,2126.44,2126.44,2126.42,2126.42,2126.42
44442,21331,36,2126.44,2126.44,2126.42,2126.42,2126.42
44442,21331,37,2126.44,2126.44,2126.42,2126.42,2126.42
44442,21331,38,2126.44,2126.44,2126.42,2126.42,2126.42
44442,21331,39,2126.44,2126.44,2126.42,2126.42,2126.42
44442,21331,40,2126.44,2126.44,2126.42,2126.42,2126.42
44442,64605,39,2512.52,2512.52,2508.29,2508.29,2512.51
44442,64605,40,2512.52,2512.52,2508.29,2508.29,2512.51
44442,65223,37,2397.3,2397.3,2385.25,2385.25,2390.75
44442,65223,38,2397.3,2397.3,2385.25,2385.25,2390.59
44442,65223,39,2397.3,2397.3,2385.25,2385.25,2390.59
44442,65223,40,2397.3,2397.3,2385.25,2385.25,2390.59
44442,74369,10,687.303,687.303,687.265,687.265,687.283
44442,74369,11,687.303,687.303,687.265,687.265,687.283
44442,74369,12,687.303,687.303,687.265,687.265,687.303
44442,74369,13,687.303,687.303,687.265,687.265,687.303
44442,74369,14,687.303,687.303,687.265,687.265,687.303
44442,74369,15,687.303,687.303,687.265,687.265,687.303
44442,74369,16,687.303,687.303,687.265,687.265,687.303
44442,74369,17,687.303,687.303,687.265,687.265,687.303
44442,74369,18,687.303,687.303,687.265,687.265,687.303
44442,74369,19,687.303,687.303,687.265,687.265,687.303
44442,74369,20,687.303,687.303,687.265,687.265,687.303
44442,74369,21,687.303,687.303,687.265,687.265,687.303
44442,74369,22,687.303,687.303,687.265,687.265,687.303
44442,74369,23,687.303,687.303,687.265,687.265,687.303
44442,74369,24,687.303,687.303,687.265,687.265,687.303
44442,74369,25,687.303,687.303,687.265,687.265,687.303
44442,74369,26,687.303,687.303,687.265,687.265,687.303
44442,74369,27,687.303,687.303,687.265,687.265,687.303
44442,74369,28,687.303,687.303,687.265,687.265,687.303
44442,74369,29,687.303,687.303,687.265,687.265,687.303
44442,74369,30,687.303,687.303,687.265,687.265,687.303
44442,74369,31,687.303,687.303,687.265,687.265,687.303
44442,74369,32,687.303,687.303,687.265,687.265,687.303
44442,74369,33,687.303,687.303,687.265,687.265,687.303
44442,74369,34,687.303,687.303,687.265,687.265,687.303
44442,74369,35,687.303,687.303,687.265,687.265,687.303
44442,74369,36,687.303,687.303,687.265,687.265,687.303
44442,74369,37,687.303,687.303,687.265,687.265,687.303
44442,74369,38,687.303,687.303,687.265,687.265,687.303
44442,74369,39,687.303,687.303,687.265,687.265,687.303
44442,74369,40,687.303,687.303,687.265,687.265,687.303
44442,77697,32,2078.51,2078.51,2052.07,2052.07,2053.85
44442,77697,33,2078.51,2078.51,2052.07,2052.07,2053.26
44442,77697,34,2078.51,2078.51,2052.07,2052.07,2053.26
44442,77697,35,2078.51,2078.51,2052.07,2052.07,2053.26
48760,65223,29,1780.83,1780.83,1780.83,1780.83,1780.83
48760,65223,30,1780.83,1780.83,1780.83,1780.83,1780.83
48760,65223,31,1780.83,1780.83,1780.83,1780.83,1780.83
48760,74369,10,303.714,303.714,303.356,303.356,303.356
48760,74369,11,303.714,303.714,303.356,303.356,303.356
48760,74369,12,303.714,303.714,303.356,303.356,303.356
48760,74369,13,303.714,303.714,303.356,303.356,303.356
48760,74369,14,303.714,303.714,303.356,303.356,303.356
48760,74369,15,303.714,303.714,303.356,303.356,303.356
48760,74369,16,303.714,303.714,303.356,303.356,303.356
48760,74369,17,303.714,303.714,303.356,303.356,303.356
48760,74369,18,303.714,303.714,303.356,303.356,303.356
48760,74369,19,303.714,303.714,303.356,303.356,303.356
48760,74369,20,303.714,303.714,303.356,303.356,303.356
48760,74369,21,303.714,303.714,303.356,303.356,303.356
48760,74369,22,303.714,303.714,303.356,303.356,303.356
48760,74369,23,303.714,303.714,303.356,303.356,303.356
48760,74369,24,303.714,303.714,303.356,303.356,303.356
48760,74369,25,303.714,303.714,303.356,303.356,303.356
48760,74369,26,303.714,303.714,303.356,303.356,303.356
48760,74369,27,303.714,303.714,303.356,303.356,303.356
48760,74369,28,303.714,303.714,303.356,303.356,303.356
48760,74369,29,303.714,303.714,303.356,303.356,303.356
48760,74369,30,303.714,303.714,303.356,303.356,303.356
48760,74369,31,303.714,303.714,303.356,303.356,303.356
48760,74369,32,303.714,303.714,303.356,303.356,303.356
48760,74369,33,303.714,303.714,303.356,303.356,303.356
48760,74369,34,303.714,303.714,303.356,303.356,303.356
48760,74369,35,303.714,303.714,303.356,303.356,303.356
48760,74369,36,303.714,303.714,303.356,303.356,303.356
48760,74369,37,303.714,303.714,303.356,303.356,303.356
48760,74369,38,303.714,303.714,303.356,303.356,303.356
48760,74369,39,303.714,303.714,303.356,303.356,303.356
48760,74369,40,303.714,303.714,303.356,303.356,303.356
48760,74369,6,303.714,303.714,303.356,303.356,303.356
48760,74369,7,303.714,303.714,303.356,303.356,303.356
48760,74369,8,303.714,303.714,303.356,303.356,303.356
48760,74369,9,303.714,303.714,303.356,303.356,303.356
53112,21331,29,1959.18,1959.18,1959.18,1959.18,1959.18
53112,21331,30,1959.18,1959.18,1959.18,1959.18,1959.18
53112,21331,31,1959.18,1959.18,1959.18,1959.18,1959.18
53112,21331,32,1959.18,1959.18,1959.18,1959.18,1959.18
53112,21331,33,1959.18,1959.18,1959.18,1959.18,1959.18
53112,21331,34,1959.18,1959.18,1959.18,1959.18,1959.26
53112,21331,35,1959.18,1959.18,1959.18,1959.18,1959.18
53112,64605,36,2342.32,2342.32,2341.04,2341.04,2342.32
53112,64605,37,2342.32,2342.32,2341.04,2341.04,2342.32
53112,64605,38,2342.32,2342.32,2341.04,2341.04,2342.32
53112,64605,39,2342.32,2342.32,2341.04,2341.04,2342.32
53112,64605,40,2342.32,2342.32,2341.04,2341.04,2342.32
53112,65223,31,2019.54,2019.54,2015.12,2015.12,2015.6
53112,65223,32,2019.54,2019.54,2015.12,2015.12,2015.12
53112,65223,33,2019.54,2019.54,2015.12,2015.12,2015.12
53112,65223,34,2019.54,2019.54,2015.12,2015.12,2015.12
53112,65223,35,2019.54,2019.54,2015.12,2015.12,2015.12
53112,65223,36,2019.54,2019.54,2015.12,2015.12,2015.12
53112,65223,37,2019.54,2019.54,2015.12,2015.12,2015.12
53112,65223,38,2019.54,2019.54,2015.12,2015.12,2015.12
53112,65223,39,2019.54,2019.54,2015.12,2015.12,2015.12
53112,65223,40,2019.54,2019.54,2015.12,2015.12,2015.12
53112,74369,10,527.815,527.815,527.815,527.815,527.815
53112,74369,11,527.815,527.815,527.815,527.815,527.815
53112,74369,12,527.815,527.815,527.815,527.815,527.815
53112,74369,13,527.815,527.815,527.815,527.815,527.855
53112,74369,14,527.815,527.815,527.815,527.815,527.855
53112,74369,15,527.815,527.815,527.815,527.815,527.855
53112,74369,16,527.815,527.815,527.815,527.815,527.855
53112,74369,17,527.815,527.815,527.815,527.815,527.855
53112,74369,18,527.815,527.815,527.815,527.815,527.855
53112,74369,19,527.815,527.815,527.815,527.815,527.855
53112,74369,20,527.815,527.815,527.815,527.815,527.855
53112,74369,21,527.815,527.815,527.815,527.815,527.855
53112,74369,22,527.815,527.815,527.815,527.815,527.855
53112,74369,23,527.815,527.815,527.815,527.815,527.855
53112,74369,24,527.815,527.815,527.815,527.815,527.855
53112,74369,25,527.815,527.815,527.815,527.815,527.855
53112,74369,26,527.815,527.815,527.815,527.815,527.855
53112,74369,27,527.815,527.815,527.815,527.815,527.855
53112,74369,28,527.815,527.815,527.815,527.815,527.855
53112,74369,29,527.815,527.815,527.815,527.815,527.855
53112,74369,30,527.815,527.815,527.815,527.815,527.855
53112,74369,31,527.815,527.815,527.815,527.815,527.855
53112,74369,32,527.815,527.815,527.815,527.815,527.855
53112,74369,33,527.815,527.815,527.815,527.815,527.855
53112,74369,34,527.815,527.815,527.815,527.815,527.855
53112,74369,35,527.815,527.815,527.815,527.815,527.855
53112,74369,36,527.815,527.815,527.815,527.815,527.855
53112,74369,37,527.815,527.815,527.815,527.815,527.855
53112,74369,38,527.815,527.815,527.815,527.815,527.855
53112,74369,39,527.815,527.815,527.815,527.815,527.855
53112,74369,40,527.815,527.815,527.815,527.815,527.855
53112,74369,8,527.815,527.815,527.815,527.815,527.815
53112,74369,9,527.815,527.815,527.815,527.815,527.815
5918,65223,28,1885.81,1885.81,1885.81,1885.81,1885.81
5918,65223,29,1885.81,1885.81,1885.81,1885.81,1885.81
5918,65223,30,1885.81,1885.81,1885.81,1885.81,1885.81
5918,65223,31,1885.81,1885.81,1885.81,1885.81,1885.81
5918,65223,32,1885.81,1885.81,1885.81,1885.81,1885.81
5918,65223,33,1885.81,1885.81,1885.81,1885.81,1885.81
5918,65223,34,1885.81,1885.81,1885.81,1885.81,1885.81
5918,74369,12,827.631,827.631,827.631,827.631,827.631
5918,74369,13,827.631,827.631,827.631,827.631,827.631
5918,74369,14,827.631,827.631,827.631,827.631,827.631
5918,74369,15,827.631,827.631,827.631,827.631,827.631
5918,74369,16,827.631,827.631,827.631,827.631,827.631
5918,74369,17,827.631,827.631,827.631,827.631,827.631
5918,74369,18,827.631,827.631,827.631,827.631,827.631
5918,74369,19,827.631,827.631,827.631,827.631,827.631
5918,74369,20,827.631,827.631,827.631,827.631,827.671
5918,74369,21,827.631,827.631,827.631,827.631,827.671
5918,74369,22,827.631,827.631,827.631,827.631,827.671
5918,74369,23,827.631,827.631,827.631,827.631,827.671
5918,74369,24,827.631,827.631,827.631,827.631,827.671
5918,74369,25,827.631,827.631,827.631,827.631,827.671
5918,74369,26,827.631,827.631,827.631,827.631,827.671
5918,74369,27,827.631,827.631,827.631,827.631,827.671
5918,74369,28,827.631,827.631,827.631,827.631,827.671
5918,74369,29,827.631,827.631,827.631,827.631,827.671
5918,74369,30,827.631,827.631,827.631,827.631,827.671
5918,74369,31,827.631,827.631,827.631,827.631,827.671
5918,74369,32,827.631,827.631,827.631,827.631,827.671
5918,74369,33,827.631,827.631,827.631,827.631,827.671
5918,74369,34,827.631,827.631,827.631,827.631,827.671
5918,74369,35,827.631,827.631,827.631,827.631,827.671
5918,74369,36,827.631,827.631,827.631,827.631,827.671
5918,74369,37,827.631,827.631,827.631,827.631,827.671
5918,74369,38,827.631,827.631,827.631,827.631,827.671
5918,74369,39,827.631,827.631,827.631,827.631,827.671
5918,74369,40,827.631,827.631,827.631,827.631,827.671
63521,74369,24,1329.27,1329.27,1328.94,1328.94,1329.27
63521,74369,25,1329.27,1329.27,1328.94,1328.94,1329.27
64605,21331,10,597.114,597.114,597.044,597.044,597.114
64605,21331,11,597.114,597.114,597.044,597.044,597.114
64605,21331,12,597.114,597.114,597.044,597.044,597.114
64605,21331,13,597.114,597.114,597.044,597.044,597.386
64605,21331,14,597.114,597.114,597.044,597.044,597.386
64605,21331,15,597.114,597.114,597.044,597.044,597.315
64605,21331,16,597.114,597.114,597.044,597.044,597.315
64605,21331,17,597.114,597.114,597.044,597.044,597.315
64605,21331,18,597.114,597.114,597.044,597.044,597.315
64605,21331,19,597.114,597.114,597.044,597.044,597.315
64605,21331,20,597.114,597.114,597.044,597.044,597.315
64605,21331,21,597.114,597.114,597.044,597.044,597.315
64605,21331,22,597.114,597.114,597.044,597.044,597.315
64605,21331,23,597.114,597.114,597.044,597.044,597.315
64605,21331,24,597.114,597.114,597.044,597.044,597.315
64605,21331,25,597.114,597.114,597.044,597.044,597.315
64605,21331,26,597.114,597.114,597.044,597.044,597.315
64605,21331,27,597.114,597.114,597.044,597.044,597.315
64605,21331,28,597.114,597.114,597.044,597.044,597.315
64605,21331,29,597.114,597.114,597.044,597.044,597.315
64605,21331,30,597.114,597.114,597.044,597.044,597.315
64605,21331,31,597.114,597.114,597.044,597.044,597.315
64605,21331,32,597.114,597.114,597.044,597.044,597.315
64605,21331,33,597.114,597.114,597.044,597.044,597.315
64605,21331,34,597.114,597.114,597.044,597.044,597.315
64605,21331,35,597.114,597.114,597.044,597.044,597.315
64605,21331,36,597.114,597.114,597.044,597.044,597.315
64605,21331,37,597.114,597.114,597.044,597.044,597.315
64605,21331,38,597.114,597.114,597.044,597.044,597.315
64605,21331,39,597.114,597.114,597.044,597.044,597.315
64605,21331,40,597.114,597.114,597.044,597.044,597.315
64605,65223,34,2033.95,2033.95,2033.88,2033.88,2033.95
64605,65223,35,2033.95,2033.95,2033.88,2033.88,2033.95
64605,65223,36,2033.95,2033.95,2033.88,2033.88,2033.95
64605,65223,37,2033.95,2033.95,2033.88,2033.88,2033.95
64605,65223,38,2033.95,2033.95,2033.88,2033.88,2033.95
64605,65223,39,2033.95,2033.95,2033.88,2033.88,2033.95
64605,65223,40,2033.95,2033.95,2033.88,2033.88,2033.95
64605,74369,32,1827.82,1827.82,1825.52,1825.52,1826.23
64605,74369,33,1827.82,1827.82,1825.52,1825.52,1826.23
64605,74369,34,1827.82,1827.82,1825.52,1825.52,1826.23
64605,74369,35,1827.82,1827.82,1825.52,1825.52,1826.23
64605,74369,36,1827.82,1827.82,1825.52,1825.52,1826.23
64605,74369,37,1827.82,1827.82,1825.52,1825.52,1826.23
64605,74369,38,1827.82,1827.82,1825.52,1825.52,1826.23
64605,74369,39,1827.82,1827.82,1825.52,1825.52,1826.23
64605,74369,40,1827.82,1827.82,1825.52,1825.52,1826.5
64605,77697,31,1825.06,1825.06,1824.99,1824.99,1825.06
64605,77697,32,1825.06,1825.06,1824.99,1824.99,1825.06
64605,77697,33,1825.06,1825.06,1824.99,1824.99,1825.06
64605,77697,34,1825.06,1825.06,1824.99,1824.99,1825.06
65223,21331,20,1305.33,1305.33,1305.33,1305.33,1305.33
65223,21331,21,1305.33,1305.33,1305.33,1305.33,1305.33
65223,21331,22,1305.33,1305.33,1305.33,1305.33,1305.33
65223,21331,23,1305.33,1305.33,1305.33,1305.33,1305.33
65223,21331,24,1305.33,1305.33,1305.33,1305.33,1305.33
65223,21331,25,1305.33,1305.33,1305.33,1305.33,1305.33
65223,21331,26,1305.33,1305.33,1305.33,1305.33,1305.33
65223,21331,27,1305.33,1305.33,1305.33,1305.33,1305.33
65223,21331,28,1305.33,1305.33,1305.33,1305.33,1305.33
65223,21331,29,1305.33,1305.33,1305.33,1305.33,1305.33
65223,21331,30,1305.33,1305.33,1305.33,1305.33,1305.33
65223,21331,31,1305.33,1305.33,1305.33,1305.33,1305.33
65223,21331,32,1305.33,1305.33,1305.33,1305.33,1305.48
65223,21331,33,1305.33,1305.33,1305.33,1305.33,1305.48
65223,21331,34,1305.33,1305.33,1305.33,1305.33,1305.48
65223,21331,35,1305.33,1305.33,1305.33,1305.33,1305.48
65223,21331,36,1305.33,1305.33,1305.33,1305.33,1305.48
65223,21331,37,1305.33,1305.33,1305.33,1305.33,1305.48
65223,21331,38,1305.33,1305.33,1305.33,1305.33,1305.48
65223,21331,39,1305.33,1305.33,1305.33,1305.33,1305.48
65223,21331,40,1305.33,1305.33,1305.33,1305.33,1305.56
65223,63521,20,1100.78,1100.78,1095.82,1095.82,1095.82
65223,63521,21,1100.78,1100.78,1095.82,1095.82,1095.82
65223,63521,22,1100.78,1100.78,1095.82,1095.82,1095.82
65223,63521,23,1100.78,1100.78,1095.82,1095.82,1095.82
65223,63521,24,1100.78,1100.78,1095.82,1095.82,1095.82
65223,63521,25,1100.78,1100.78,1095.82,1095.82,1095.82
65223,63521,26,1100.78,1100.78,1095.82,1095.82,1095.82
65223,63521,27,1100.78,1100.78,1095.82,1095.82,1095.82
65223,63521,28,1100.78,1100.78,1095.82,1095.82,1095.82
65223,63521,29,1100.78,1100.78,1095.82,1095.82,1095.82
65223,63521,30,1100.78,1100.78,1095.82,1095.82,1095.82
65223,63521,31,1100.78,1100.78,1095.82,1095.82,1095.82
65223,63521,32,1100.78,1100.78,1095.82,1095.82,1095.82
65223,64605,15,985.369,985.369,985.369,985.369,985.369
65223,64605,16,985.369,985.369,985.369,985.369,985.369
65223,64605,17,985.369,985.369,985.369,985.369,985.369
65223,64605,18,985.369,985.369,985.369,985.369,985.369
65223,64605,19,985.369,985.369,985.369,985.369,985.369
65223,64605,20,985.369,985.369,985.369,985.369,985.369
65223,64605,21,985.369,985.369,985.369,985.369,985.369
65223,64605,22,985.369,985.369,985.369,985.369,985.369
65223,64605,23,985.369,985.369,985.369,985.369,985.369
65223,64605,24,985.369,985.369,985.369,985.369,985.51
65223,64605,25,985.369,985.369,985.369,985.369,985.51
65223,64605,26,985.369,985.369,985.369,985.369,985.51
65223,64605,27,985.369,985.369,985.369,985.369,985.51
65223,64605,28,985.369,985.369,985.369,985.369,985.51
65223,64605,29,985.369,985.369,985.369,985.369,985.51
65223,64605,30,985.369,985.369,985.369,985.369,985.51
65223,64605,31,985.369,985.369,985.369,985.369,985.59
65223,64605,32,985.369,985.369,985.369,985.369,985.59
65223,64605,33,985.369,985.369,985.369,985.369,985.59
65223,64605,34,985.369,985.369,985.369,985.369,985.59
65223,64605,35,985.369,985.369,985.369,985.369,985.59
65223,64605,36,985.369,985.369,985.369,985.369,985.59
65223,64605,37,985.369,985.369,985.369,985.369,985.59
65223,64605,38,985.369,985.369,985.369,985.369,985.59
65223,64605,39,985.369,985.369,985.369,985.369,985.59
65223,64605,40,985.369,985.369,985.369,985.369,985.59
65223,74369,34,1891.36,1891.36,1890.3,1890.3,1890.5
65223,74369,35,1891.36,1891.36,1890.3,1890.3,1890.5
65223,74369,36,1891.36,1891.36,1890.3,1890.3,1890.5
65223,74369,37,1891.36,1891.36,1890.3,1890.3,1890.5
65223,74369,38,1891.36,1891.36,1890.3,1890.3,1890.5
65223,74369,39,1891.36,1891.36,1890.3,1890.3,1890.5
65223,74369,40,1891.36,1891.36,1890.3,1890.3,1890.5
65223,77697,10,505.546,505.546,505.546,505.546,505.546
65223,77697,11,505.546,505.546,505.546,505.546,505.546
65223,77697,12,505.546,505.546,505.546,505.546,505.546
65223,77697,13,505.546,505.546,505.546,505.546,505.546
65223,77697,14,505.546,505.546,505.546,505.546,505.546
65223,77697,15,505.546,505.546,505.546,505.546,505.546
65223,77697,16,505.546,505.546,505.546,505.546,505.546
65223,77697,17,505.546,505.546,505.546,505.546,505.546
65223,77697,18,505.546,505.546,505.546,505.546,505.546
65223,77697,19,505.546,505.546,505.546,505.546,505.546
65223,77697,20,505.546,505.546,505.546,505.546,505.546
65223,77697,21,505.546,505.546,505.546,505.546,505.546
65223,77697,22,505.546,505.546,505.546,505.546,505.546
65223,77697,23,505.546,505.546,505.546,505.546,505.546
65223,77697,24,505.546,505.546,505.546,505.546,505.546
65223,77697,25,505.546,505.546,505.546,505.546,505.546
65223,77697,26,505.546,505.546,505.546,505.546,505.546
65223,77697,27,505.546,505.546,505.546,505.546,505.546
65223,77697,28,505.546,505.546,505.546,505.546,505.546
65223,77697,29,505.546,505.546,505.546,505.546,505.546
65223,77697,30,505.546,505.546,505.546,505.546,505.546
65223,77697,31,505.546,505.546,505.546,505.546,505.546
65223,77697,32,505.546,505.546,505.546,505.546,505.546
65223,77697,33,505.546,505.546,505.546,505.546,505.546
65223,77697,34,505.546,505.546,505.546,505.546,505.546
65223,77697,35,505.546,505.546,505.546,505.546,505.546
65223,77697,36,505.546,505.546,505.546,505.546,505.546
65223,77697,37,505.546,505.546,505.546,505.546,505.546
65223,77697,38,505.546,505.546,505.546,505.546,505.546
65223,77697,39,505.546,505.546,505.546,505.546,505.546
65223,77697,40,505.546,505.546,505.546,505.546,505.546
65223,77697,9,505.546,505.546,505.546,505.546,505.546
66349,2081,28,1925.93,1925.93,1925.83,1925.83,1925.93
66349,2081,29,1925.93,1925.93,1925.83,1925.83,1925.93
66349,2081,30,1925.93,1925.93,1925.83,1925.83,1925.93
66349,2081,31,1925.93,1925.93,1925.83,1925.83,1925.93
66349,2081,32,1925.93,1925.93,1925.83,1925.83,1925.93
66349,2081,33,1925.93,1925.93,1925.83,1925.83,1925.93
66349,2081,34,1925.93,1925.93,1925.83,1925.83,1925.93
66349,2081,35,1925.93,1925.93,1925.83,1925.83,1925.93
66349,2081,36,1925.93,1925.93,1925.83,1925.83,1925.93
66349,2081,37,1925.93,1925.93,1925.83,1925.83,1925.93
66349,2081,38,1925.93,1925.93,1925.83,1925.83,1925.83
66349,2081,39,1925.93,1925.93,1925.83,1925.83,1925.83
66349,2081,40,1925.93,1925.93,1925.83,1925.83,1925.83
66349,21331,37,2464.44,2464.44,2464.34,2464.34,2464.44
66349,21331,38,2464.44,2464.44,2464.34,2464.34,2464.44
66349,21331,39,2464.44,2464.44,2464.34,2464.34,2464.44
66349,21331,40,2464.44,2464.44,2464.34,2464.34,2464.44
66349,22743,19,1261.19,1261.19,1261.19,1261.19,1261.19
66349,22743,20,1261.19,1261.19,1261.19,1261.19,1261.19
66349,22743,21,1261.19,1261.19,1261.19,1261.19,1261.19
66349,22743,22,1261.19,1261.19,1261.19,1261.19,1261.27
66349,22743,23,1261.19,1261.19,1261.19,1261.19,1261.19
66349,22743,24,1261.19,1261.19,1261.19,1261.19,1261.19
66349,22743,25,1261.19,1261.19,1261.19,1261.19,1261.19
66349,22743,26,1261.19,1261.19,1261.19,1261.19,1261.19
66349,22743,27,1261.19,1261.19,1261.19,1261.19,1261.19
66349,22743,28,1261.19,1261.19,1261.19,1261.19,1261.19
66349,22743,29,1261.19,1261.19,1261.19,1261.19,1261.19
66349,22743,30,1261.19,1261.19,1261.19,1261.19,1261.19
66349,22743,31,1261.19,1261.19,1261.19,1261.19,1261.19
66349,22743,32,1261.19,1261.19,1261.19,1261.19,1261.19
66349,22743,33,1261.19,1261.19,1261.19,1261.19,1261.19
66349,22743,34,1261.19,1261.19,1261.19,1261.19,1261.19
66349,22743,35,1261.19,1261.19,1261.19,1261.19,1261.19
66349,22743,36,1261.19,1261.19,1261.19,1261.19,1261.19
66349,22743,37,1261.19,1261.19,1261.19,1261.19,1261.19
66349,22743,38,1261.19,1261.19,1261.19,1261.19,1261.19
66349,22743,39,1261.19,1261.19,1261.19,1261.19,1261.27
66349,22743,40,1261.19,1261.19,1261.19,1261.19,1261.27
66349,27915,19,1244.03,1244.03,1243.98,1243.98,1244.03
66349,27915,20,1244.03,1244.03,1243.98,1243.98,1243.98
66349,27915,21,1244.03,1244.03,1243.98,1243.98,1243.98
66349,27915,22,1244.03,1244.03,1243.98,1243.98,1243.98
66349,27915,23,1244.03,1244.03,1243.98,1243.98,1243.98
66349,27915,24,1244.03,1244.03,1243.98,1243.98,1243.98
66349,27915,25,1244.03,1244.03,1243.98,1243.98,1243.98
66349,27915,26,1244.03,1244.03,1243.98,1243.98,1243.98
66349,27915,27,1244.03,1244.03,1243.98,1243.98,1243.98
66349,27915,28,1244.03,1244.03,1243.98,1243.98,1243.98
66349,27915,29,1244.03,1244.03,1243.98,1243.98,1243.98
66349,27915,30,1244.03,1244.03,1243.98,1243.98,1243.98
66349,27915,31,1244.03,1244.03,1243.98,1243.98,1243.98
66349,27915,32,1244.03,1244.03,1243.98,1243.98,1243.98
66349,27915,33,1244.03,1244.03,1243.98,1243.98,1243.98
66349,27915,34,1244.03,1244.03,1243.98,1243.98,1243.98
66349,27915,35,1244.03,1244.03,1243.98,1243.98,1243.98
66349,27915,36,1244.03,1244.03,1243.98,1243.98,1243.98
66349,27915,37,1244.03,1244.03,1243.98,1243.98,1243.98
66349,27915,38,1244.03,1244.03,1243.98,1243.98,1243.98
66349,27915,39,1244.03,1244.03,1243.98,1243.98,1243.98
66349,27915,40,1244.03,1244.03,1243.98,1243.98,1243.98
66349,2988,29,1934.7,1934.7,1934.7,1934.7,1934.7
66349,2988,30,1934.7,1934.7,1934.7,1934.7,1934.7
66349,2988,31,1934.7,1934.7,1934.7,1934.7,1934.7
66349,2988,32,1934.7,1934.7,1934.7,1934.7,1934.7
66349,2988,33,1934.7,1934.7,1934.7,1934.7,1934.7
66349,2988,34,1934.7,1934.7,1934.7,1934.7,1934.78
66349,2988,35,1934.7,1934.7,1934.7,1934.7,1934.7
66349,2988,36,1934.7,1934.7,1934.7,1934.7,1934.7
66349,2988,37,1934.7,1934.7,1934.7,1934.7,1934.7
66349,2988,38,1934.7,1934.7,1934.7,1934.7,1934.7
66349,2988,39,1934.7,1934.7,1934.7,1934.7,1934.7
66349,2988,40,1934.7,1934.7,1934.7,1934.7,1934.7
66349,48760,20,1324.14,1324.14,1324.03,1324.03,1324.14
66349,48760,21,1324.14,1324.14,1324.03,1324.03,1324.14
66349,48760,22,1324.14,1324.14,1324.03,1324.03,1324.14
66349,63521,30,2032.84,2032.84,2032.84,2032.84,2032.84
66349,63521,31,2032.84,2032.84,2032.84,2032.84,2032.84
66349,63521,32,2032.84,2032.84,2032.84,2032.84,2032.84
66349,63521,33,2032.84,2032.84,2032.84,2032.84,2032.84
66349,63521,34,2032.84,2032.84,2032.84,2032.84,2032.84
66349,63521,35,2032.84,2032.84,2032.84,2032.84,2032.91
66349,63521,36,2032.84,2032.84,2032.84,2032.84,2032.84
66349,63521,37,2032.84,2032.84,2032.84,2032.84,2032.84
66349,63521,38,2032.84,2032.84,2032.84,2032.84,2032.84
66349,63521,39,2032.84,2032.84,2032.84,2032.84,2032.84
66349,63521,40,2032.84,2032.84,2032.84,2032.84,2032.84
66349,65223,36,2403.02,2403.02,2402.96,2402.96,2403.02
66349,65223,37,2403.02,2403.02,2402.96,2402.96,2403.02
66349,65223,38,2403.02,2403.02,2402.96,2402.96,2403.02
66349,65223,39,2403.02,2403.02,2402.96,2402.96,2402.96
66349,65223,40,2403.02,2403.02,2402.96,2402.96,2402.96
66349,74369,15,1020.78,1020.78,1020.68,1020.68,1020.78
66349,74369,16,1020.78,1020.78,1020.68,1020.68,1020.78
66349,74369,17,1020.78,1020.78,1020.68,1020.68,1020.78
66349,74369,18,1020.78,1020.78,1020.68,1020.68,1020.78
66349,74369,19,1020.78,1020.78,1020.68,1020.68,1020.78
66349,74369,20,1020.78,1020.78,1020.68,1020.68,1020.68
66349,74369,21,1020.78,1020.78,1020.68,1020.68,1020.68
66349,74369,22,1020.78,1020.78,1020.68,1020.68,1020.68
66349,74369,23,1020.78,1020.78,1020.68,1020.68,1020.68
66349,74369,24,1020.78,1020.78,1020.68,1020.68,1020.68
66349,74369,25,1020.78,1020.78,1020.68,1020.68,1020.68
66349,74369,26,1020.78,1020.78,1020.68,1020.68,1020.68
66349,74369,27,1020.78,1020.78,1020.68,1020.68,1020.68
66349,74369,28,1020.78,1020.78,1020.68,1020.68,1020.68
66349,74369,29,1020.78,1020.78,1020.68,1020.68,1020.68
66349,74369,30,1020.78,1020.78,1020.68,1020.68,1020.68
66349,74369,31,1020.78,1020.78,1020.68,1020.68,1020.68
66349,74369,32,1020.78,1020.78,1020.68,1020.68,1020.68
66349,74369,33,1020.78,1020.78,1020.68,1020.68,1020.68
66349,74369,34,1020.78,1020.78,1020.68,1020.68,1020.68
66349,74369,35,1020.78,1020.78,1020.68,1020.68,1020.68
66349,74369,36,1020.78,1020.78,1020.68,1020.68,1020.68
66349,74369,37,1020.78,1020.78,1020.68,1020.68,1020.68
66349,74369,38,1020.78,1020.78,1020.68,1020.68,1020.68
66349,74369,39,1020.78,1020.78,1020.68,1020.68,1020.68
66349,74369,40,1020.78,1020.78,1020.68,1020.68,1020.68
66349,77697,30,1989.51,1989.51,1989.45,1989.45,1989.51
66349,77697,31,1989.51,1989.51,1989.45,1989.45,1989.51
66349,77697,32,1989.51,1989.51,1989.45,1989.45,1989.45
66349,77697,33,1989.51,1989.51,1989.45,1989.45,1989.45
66349,77697,34,1989.51,1989.51,1989.45,1989.45,1989.45
66349,77697,35,1989.51,1989.51,1989.45,1989.45,1989.45
66349,77697,36,1989.51,1989.51,1989.45,1989.45,1989.45
66349,77697,37,1989.51,1989.51,1989.45,1989.45,1989.45
66349,77697,38,1989.51,1989.51,1989.45,1989.45,1989.45
66349,77697,39,1989.51,1989.51,1989.45,1989.45,1989.45
66349,77697,40,1989.51,1989.51,1989.45,1989.45,1989.45
74369,65223,30,1890.3,1890.3,1890.3,1890.3,1890.3
74369,65223,31,1890.3,1890.3,1890.3,1890.3,1890.3
74369,65223,32,1890.3,1890.3,1890.3,1890.3,1890.3
74369,65223,33,1890.3,1890.3,1890.3,1890.3,1890.3
77697,74369,28,1674.24,1674.24,1671.28,1671.28,1674.24
78784,21331,34,2261.62,2261.62,2261.61,2261.61,2261.61
78784,21331,35,2261.62,2261.62,2261.61,2261.61,2261.61
78784,21331,36,2261.62,2261.62,2261.61,2261.61,2261.61
78784,21331,37,2261.62,2261.62,2261.61,2261.61,2261.61
78784,21331,38,2261.62,2261.62,2261.61,2261.61,2261.61
78784,21331,39,2261.62,2261.62,2261.61,2261.61,2261.61
78784,21331,40,2261.62,2261.62,2261.61,2261.61,2261.61
78784,2988,32,2125.78,2125.78,2099.14,2099.14,2099.15
78784,2988,33,2125.78,2125.78,2099.14,2099.14,2099.15
78784,2988,34,2125.78,2125.78,2099.14,2099.14,2099.15
78784,2988,35,2125.78,2125.78,2099.14,2099.14,2099.15
78784,2988,36,2125.78,2125.78,2099.14,2099.14,2099.15
78784,2988,37,2125.78,2125.78,2099.14,2099.14,2099.15
78784,2988,38,2125.78,2125.78,2099.14,2099.14,2099.15
78784,63521,35,2278.65,2278.65,2274.82,2274.82,2274.83
78784,63521,36,2278.65,2278.65,2274.82,2274.82,2274.83
78784,63521,37,2278.65,2278.65,2274.82,2274.82,2274.83
78784,63521,38,2278.65,2278.65,2274.82,2274.82,2274.92
78784,63521,39,2278.65,2278.65,2274.82,2274.82,2274.92
78784,63521,40,2278.65,2278.65,2274.82,2274.82,2274.92
78784,74369,15,987.751,987.751,961.573,961.573,961.581
78784,74369,16,987.751,987.751,961.573,961.573,961.581
78784,74369,17,987.751,987.751,961.573,961.573,961.581
78784,74369,18,987.751,987.751,961.573,961.573,961.581
78784,74369,19,987.751,987.751,961.573,961.573,961.581
78784,74369,20,987.751,987.751,961.573,961.573,961.581
78784,74369,21,987.751,987.751,961.573,961.573,961.581
78784,74369,22,987.751,987.751,961.573,961.573,961.573
78784,74369,23,987.751,987.751,961.573,961.573,961.573
78784,74369,24,987.751,987.751,961.573,961.573,961.573
78784,74369,25,987.751,987.751,961.573,961.573,961.573
78784,74369,26,987.751,987.751,961.573,961.573,961.573
78784,74369,27,987.751,987.751,961.573,961.573,961.573
78784,74369,28,987.751,987.751,961.573,961.573,961.573
78784,74369,29,987.751,987.751,961.573,961.573,961.573
78784,74369,30,987.751,987.751,961.573,961.573,961.573
78784,74369,31,987.751,987.751,961.573,961.573,961.573
78784,74369,32,987.751,987.751,961.573,961.573,961.573
78784,74369,33,987.751,987.751,961.573,961.573,961.573
78784,74369,34,987.751,987.751,961.573,961.573,961.573
78784,74369,35,987.751,987.751,961.573,961.573,961.573
78784,74369,36,987.751,987.751,961.573,961.573,961.573
78784,74369,37,987.751,987.751,961.573,961.573,961.573
78784,74369,38,987.751,987.751,961.573,961.573,961.573
78784,74369,39,987.751,987.751,961.573,961.573,961.573
78784,74369,40,987.751,987.751,961.573,961.573,961.573
78784,77697,40,2565.61,2565.61,2556.24,2556.24,2563.48
82330,65223,34,2105.7,2105.7,2088.65,2088.65,2088.65
82330,65223,35,2105.7,2105.7,2088.65,2088.65,2088.65
82330,74369,14,816.81,816.81,808.541,808.541,808.798
82330,74369,15,816.81,816.81,808.541,808.541,808.665
82330,74369,16,816.81,816.81,808.541,808.541,808.665
82330,74369,17,816.81,816.81,808.541,808.541,808.665
82330,74369,18,816.81,816.81,808.541,808.541,808.665
82330,74369,19,816.81,816.81,808.541,808.541,808.665
82330,74369,20,816.81,816.81,808.541,808.541,808.665
82330,74369,21,816.81,816.81,808.541,808.541,808.541
82330,74369,22,816.81,816.81,808.541,808.541,808.541
82330,74369,23,816.81,816.81,808.541,808.541,808.541
82330,74369,24,816.81,816.81,808.541,808.541,808.541
82330,74369,25,816.81,816.81,808.541,808.541,808.541
82330,74369,26,816.81,816.81,808.541,808.541,808.541
82330,74369,27,816.81,816.81,808.541,808.541,808.541
82330,74369,28,816.81,816.81,808.541,808.541,808.541
82330,74369,29,816.81,816.81,808.541,808.541,808.541
82330,74369,30,816.81,816.81,808.541,808.541,808.541
82330,74369,31,816.81,816.81,808.541,808.541,808.541
82330,74369,32,816.81,816.81,808.541,808.541,808.541
82330,74369,33,816.81,816.81,808.541,808.541,808.541
82330,74369,34,816.81,816.81,808.541,808.541,808.541
82330,74369,35,816.81,816.81,808.541,808.541,808.541
82330,74369,36,816.81,816.81,808.541,808.541,808.541
82330,74369,37,816.81,816.81,808.541,808.541,808.541
82330,74369,38,816.81,816.81,808.541,808.541,808.541
82330,74369,39,816.81,816.81,808.541,808.541,808.541
82330,74369,40,816.81,816.81,808.541,808.541,808.541
