HeavyTruck_in,-0.100000,10.000000,7200.000000,19.999078,10.046505,8.770393,0.995325,19.995483,10.059089,8.781378,0.994177
HeavyTruck_in,-0.100000,11.000000,7200.000000,21.998800,12.211473,10.660365,0.900743,21.995031,12.228679,10.675386,0.899571
HeavyTruck_in,-0.100000,12.000000,7200.000000,23.998184,12.976259,11.328008,0.924696,23.991246,13.013671,11.360668,0.922155
HeavyTruck_in,-0.100000,13.000000,7200.000000,25.995937,13.438379,11.731429,0.967227,25.986906,13.490565,11.776986,0.963687
HeavyTruck_in,-0.100000,14.000000,7200.000000,27.995141,13.308775,11.618288,1.051755,27.985899,13.362173,11.664903,1.047788
HeavyTruck_in,-0.100000,15.000000,7200.000000,29.994388,16.538677,14.437926,0.906795,29.980725,16.660161,14.543979,0.900398
HeavyTruck_in,-0.100000,16.000000,7200.000000,31.993411,17.307978,15.109509,0.924239,31.979440,17.432831,15.218504,0.917856
HeavyTruck_in,-0.100000,17.000000,7200.000000,33.992434,17.902498,15.628513,0.949377,33.978155,18.028245,15.738288,0.943014
HeavyTruck_in,-0.100000,18.000000,7200.000000,35.991304,18.280979,15.958920,0.984392,35.971870,18.422514,16.082477,0.977116
HeavyTruck_in,-0.100000,19.000000,7200.000000,37.989983,17.920370,15.644115,1.059966,37.970308,18.059651,15.765705,1.052124
HeavyTruck_in,-0.100000,20.000000,7200.000000,39.988679,22.049597,19.248845,0.906789,39.968745,22.264889,19.436791,0.898322
HeavyTruck_in,-0.100000,21.000000,7200.000000,41.987425,22.805567,19.908792,0.920552,41.967182,23.025016,20.100367,0.912099
HeavyTruck_in,-0.100000,22.000000,7200.000000,43.985961,23.554470,20.562569,0.933707,43.959509,23.831674,20.804562,0.923189
HeavyTruck_in,-0.100000,23.000000,7200.000000,45.984426,24.069392,21.012086,0.955247,45.957668,24.346270,21.253794,0.944752
HeavyTruck_in,-0.100000,24.000000,7200.000000,47.982891,24.438504,21.334313,0.981707,47.955828,24.711951,21.573026,0.971241
HeavyTruck_in,-0.100000,25.000000,7200.000000,49.981337,24.280935,21.196758,1.029230,49.947044,24.589736,21.466335,1.016737
HeavyTruck_in,-0.100000,26.000000,7200.000000,51.979529,23.914962,20.877271,1.086757,51.944925,24.202361,21.128165,1.074331
HeavyTruck_in,-0.100000,27.000000,7200.000000,53.977722,29.652170,25.885736,0.910182,53.942807,30.083073,26.261906,0.897561
HeavyTruck_in,-0.100000,28.000000,7200.000000,55.975915,30.390087,26.529922,0.920957,55.940689,30.826694,26.911071,0.908351
HeavyTruck_in,-0.100000,29.000000,7200.000000,57.974104,31.131312,27.176997,0.931122,57.930516,31.646720,27.626937,0.916414
HeavyTruck_in,-0.100000,30.000000,7200.000000,59.972019,31.875933,27.827036,0.940710,59.928120,32.398511,28.283236,0.926017
HeavyTruck_in,-0.100000,31.000000,7200.000000,61.969933,32.316868,28.211963,0.958786,61.925724,32.836595,28.665673,0.944118
HeavyTruck_in,-0.100000,32.000000,7200.000000,63.967692,32.664563,28.515493,0.979160,63.923328,33.178859,28.964463,0.964520
HeavyTruck_in,-0.100000,33.000000,7200.000000,65.965379,32.927584,28.745105,1.001674,65.911766,33.504222,29.248499,0.985002
HeavyTruck_in,-0.100000,34.000000,7200.000000,67.963015,32.539568,28.406375,1.044313,67.909092,33.085206,28.882706,1.027703
HeavyTruck_in,-0.100000,35.000000,7200.000000,69.960652,32.146546,28.063275,1.088152,69.906418,32.662992,28.514122,1.071605
HeavyTruck_in,-0.100000,36.000000,7200.000000,71.958200,39.423005,34.415474,0.912642,71.893745,40.282242,35.165571,0.893741
HeavyTruck_in,-0.100000,37.000000,7200.000000,73.955559,40.204995,35.098136,0.919731,73.890794,41.074814,35.857470,0.900842
HeavyTruck_in,-0.100000,38.000000,7200.000000,75.952917,40.935458,35.735815,0.927715,75.887842,41.813670,36.502476,0.908841
HeavyTruck_in,-0.100000,39.000000,7200.000000,77.950275,41.639968,36.350837,0.936003,77.884889,42.525557,37.123939,0.917143
HeavyTruck_in,-0.100000,40.000000,7200.000000,79.947356,42.385208,37.001417,0.943104,79.870829,43.380731,37.870488,0.922116
HeavyTruck_in,-0.100000,41.000000,7200.000000,81.944203,42.988669,37.528226,0.953091,81.867600,43.981264,38.394741,0.932264
HeavyTruck_in,-0.100000,42.000000,7200.000000,83.941216,43.349610,37.843320,0.968189,83.852705,44.431793,38.788043,0.945318
HeavyTruck_in,-0.100000,43.000000,7200.000000,85.938019,43.747996,38.191103,0.982194,85.849198,44.824330,39.130721,0.959350
HeavyTruck_in,-0.100000,44.000000,7200.000000,87.934822,44.093094,38.492366,0.997150,87.845691,45.161355,39.424936,0.974335
HeavyTruck_in,-0.100000,45.000000,7200.000000,89.931581,43.948234,38.365906,1.023154,89.829685,45.079313,39.353315,0.998293
HeavyTruck_in,-0.100000,46.000000,7200.000000,91.928107,43.578876,38.043465,1.054732,91.825900,44.665352,38.991936,1.029935
HeavyTruck_in,-0.100000,47.000000,7200.000000,93.924632,43.196439,37.709605,1.087180,93.822115,44.239786,38.620426,1.062448
HeavyTruck_in,-0.100000,48.000000,7200.000000,95.921106,42.824311,37.384744,1.119938,95.804998,43.910917,38.333330,1.093179
HeavyTruck_in,-0.100000,49.000000,7200.000000,97.917353,42.421102,37.032752,1.154111,97.800936,43.464099,37.943267,1.127426
HeavyTruck_in,-0.100000,50.000000,7200.000000,99.913600,41.997776,36.663197,1.189511,99.796873,42.998176,37.536525,1.162901
HeavyTruck_in,-0.100000,51.000000,7200.000000,101.909763,41.599194,36.315243,1.224901,101.778645,42.634937,37.219425,1.196264
HeavyTruck_in,-0.100000,52.000000,7200.000000,103.905732,41.256106,36.015734,1.259277,103.774305,42.253937,36.886820,1.230719
HeavyTruck_in,-0.100000,53.000000,7200.000000,105.901701,40.884470,35.691303,1.295134,105.769965,41.844621,36.529495,1.266657
HeavyTruck_in,-0.100000,54.000000,7200.000000,107.897247,40.567543,35.414633,1.329847,107.750626,41.553374,36.275243,1.299601
HeavyTruck_in,-0.100000,55.000000,7200.000000,109.892937,40.267416,35.152628,1.364539,109.746008,41.219888,35.984116,1.334377
HeavyTruck_in,-0.100000,56.000000,7200.000000,111.888587,39.952598,34.877798,1.400267,111.725835,40.932853,35.733541,1.368166
HeavyTruck_in,-0.100000,57.000000,7200.000000,113.883999,39.706649,34.663090,1.434067,113.720940,40.656821,35.492570,1.402052
HeavyTruck_in,-0.100000,58.000000,7200.000000,115.879412,39.447297,34.436681,1.468788,115.716044,40.367883,35.240333,1.436861
HeavyTruck_in,-0.100000,59.000000,7200.000000,117.874689,39.195908,34.217224,1.503661,117.694761,40.143834,35.044744,1.469792
HeavyTruck_in,-0.100000,60.000000,7200.000000,119.869822,38.888639,33.948984,1.541193,119.689587,39.805053,34.748995,1.507425
HeavyTruck_in,-0.100000,61.000000,7200.000000,121.864958,38.540224,33.644824,1.581010,121.684413,39.424403,34.416695,1.547346
HeavyTruck_in,-0.100000,62.000000,7200.000000,123.859842,38.244876,33.386992,1.619300,123.662019,39.150375,34.177474,1.583720
HeavyTruck_in,-0.100000,63.000000,7200.000000,125.854698,37.932236,33.114064,1.658941,125.656568,38.807779,33.878394,1.623471
HeavyTruck_in,-0.100000,64.000000,7200.000000,127.849450,37.524137,32.757802,1.703563,127.633340,38.412706,33.533504,1.666203
HeavyTruck_in,-0.100000,65.000000,7200.000000,129.844028,37.166430,32.445531,1.746792,129.627611,38.023543,33.193773,1.709557
HeavyTruck_in,-0.100000,66.000000,7200.000000,131.838607,36.789801,32.116741,1.791782,131.621882,37.615724,32.837755,1.754677
HeavyTruck_in,-0.100000,67.000000,7200.000000,133.832931,36.592032,31.944093,1.828717,133.597544,37.438272,32.682843,1.789706
HeavyTruck_in,-0.100000,68.000000,7200.000000,135.827231,36.510214,31.872668,1.860126,135.591537,37.339755,32.596840,1.821211
HeavyTruck_in,-0.100000,69.000000,7200.000000,137.821389,36.422586,31.796171,1.891977,137.566365,37.276090,32.541262,1.851149
HeavyTruck_in,-0.100000,70.000000,7200.000000,139.815411,36.360094,31.741616,1.922649,139.560081,37.198031,32.473118,1.881919
HeavyTruck_in,-0.100000,71.000000,7200.000000,141.809380,36.217794,31.617391,1.957731,141.534075,37.074926,32.365649,1.915141
HeavyTruck_in,-0.100000,72.000000,7200.000000,143.803126,36.106292,31.520052,1.991386,143.527513,36.945711,32.252848,1.948907
HeavyTruck_in,-0.100000,73.000000,7200.000000,145.796869,35.968079,31.399395,2.026754,145.520951,36.789017,32.116057,1.984392
HeavyTruck_in,-0.099000,10.000000,7200.000000,19.999078,10.044501,8.768644,0.995524,19.995483,10.057104,8.779645,0.994374
HeavyTruck_in,-0.099000,11.000000,7200.000000,21.998800,12.210850,10.659821,0.900789,21.995031,12.228086,10.674869,0.899615
HeavyTruck_in,-0.099000,12.000000,7200.000000,23.998179,12.975592,11.327425,0.924743,23.991246,13.013038,11.360115,0.922200
HeavyTruck_in,-0.099000,13.000000,7200.000000,25.995935,13.436930,11.730164,0.967332,25.986906,13.489339,11.775916,0.963774
HeavyTruck_in,-0.099000,14.000000,7200.000000,27.995139,13.305954,11.615825,1.051978,27.985899,13.359538,11.662602,1.047995
HeavyTruck_in,-0.099000,15.000000,7200.000000,29.994382,16.538017,14.437350,0.906831,29.980725,16.659510,14.543410,0.900433
HeavyTruck_in,-0.099000,16.000000,7200.000000,31.993405,17.307248,15.108873,0.924278,31.979440,17.432111,15.217875,0.917894
HeavyTruck_in,-0.099000,17.000000,7200.000000,33.992428,17.900423,15.626702,0.949487,33.978155,18.026160,15.736468,0.943123
HeavyTruck_in,-0.099000,18.000000,7200.000000,35.991301,18.278961,15.957158,0.984501,35.971870,18.420943,16.081105,0.977199
HeavyTruck_in,-0.099000,19.000000,7200.000000,37.989980,17.916566,15.640795,1.060191,37.970308,18.056231,15.762719,1.052323
HeavyTruck_in,-0.099000,20.000000,7200.000000,39.988678,22.048698,19.248061,0.906826,39.968745,22.263996,19.436012,0.898358
HeavyTruck_in,-0.099000,21.000000,7200.000000,41.987425,22.804605,19.907952,0.920591,41.967182,23.024060,20.099532,0.912137
HeavyTruck_in,-0.099000,22.000000,7200.000000,43.985961,23.553473,20.561699,0.933747,43.959509,23.830680,20.803695,0.923228
HeavyTruck_in,-0.099000,23.000000,7200.000000,45.984425,24.067355,21.010307,0.955328,45.957668,24.344212,21.251998,0.944832
HeavyTruck_in,-0.099000,24.000000,7200.000000,47.982890,24.435802,21.331954,0.981815,47.955828,24.709214,21.570637,0.971348
HeavyTruck_in,-0.099000,25.000000,7200.000000,49.981330,24.276312,21.192723,1.029426,49.947044,24.585022,21.462220,1.016932
HeavyTruck_in,-0.099000,26.000000,7200.000000,51.979522,23.910478,20.873357,1.086961,51.944925,24.197795,21.124178,1.074534
HeavyTruck_in,-0.099000,27.000000,7200.000000,53.977715,29.649324,25.883252,0.910269,53.942807,30.080185,26.259385,0.897648
HeavyTruck_in,-0.099000,28.000000,7200.000000,55.975908,30.387088,26.527304,0.921048,55.940689,30.823650,26.908414,0.908441
HeavyTruck_in,-0.099000,29.000000,7200.000000,57.974086,31.130010,27.175860,0.931161,57.930516,31.645424,27.625806,0.916452
HeavyTruck_in,-0.099000,30.000000,7200.000000,59.972000,31.874568,27.825844,0.940750,59.928120,32.397152,28.282049,0.926056
HeavyTruck_in,-0.099000,31.000000,7200.000000,61.969914,32.310874,28.206730,0.958964,61.925724,32.830455,28.660314,0.944294
HeavyTruck_in,-0.099000,32.000000,7200.000000,63.967674,32.659540,28.511109,0.979311,63.923328,33.173726,28.959982,0.964669
HeavyTruck_in,-0.099000,33.000000,7200.000000,65.965343,32.921300,28.739620,1.001864,65.911766,33.497736,29.242836,0.985193
HeavyTruck_in,-0.099000,34.000000,7200.000000,67.962979,32.533183,28.400801,1.044518,67.909092,33.078623,28.876959,1.027908
HeavyTruck_in,-0.099000,35.000000,7200.000000,69.960616,32.137696,28.055549,1.088451,69.906418,32.653872,28.506160,1.071904
HeavyTruck_in,-0.099000,36.000000,7200.000000,71.958142,39.421496,34.414157,0.912676,71.893745,40.280688,35.164214,0.893775
HeavyTruck_in,-0.099000,37.000000,7200.000000,73.955500,40.203424,35.096765,0.919766,73.890794,41.073196,35.856058,0.900878
HeavyTruck_in,-0.099000,38.000000,7200.000000,75.952859,40.926066,35.727616,0.927928,75.887842,41.803886,36.493935,0.909054
HeavyTruck_in,-0.099000,39.000000,7200.000000,77.950190,41.638233,36.349323,0.936041,77.874058,42.623373,37.209330,0.915039
HeavyTruck_in,-0.099000,40.000000,7200.000000,79.947271,42.383407,36.999845,0.943144,79.870829,43.378923,37.868909,0.922155
HeavyTruck_in,-0.099000,41.000000,7200.000000,81.944117,42.977575,37.518541,0.953336,81.867600,43.969589,38.384549,0.932511
HeavyTruck_in,-0.099000,42.000000,7200.000000,83.941097,43.346160,37.840308,0.968265,83.852705,44.428039,38.784767,0.945398
HeavyTruck_in,-0.099000,43.000000,7200.000000,85.937900,43.744478,38.188031,0.982271,85.849198,44.820509,39.127385,0.959432
HeavyTruck_in,-0.099000,44.000000,7200.000000,87.934703,44.089997,38.489663,0.997218,87.845691,45.157980,39.421990,0.974408
HeavyTruck_in,-0.099000,45.000000,7200.000000,89.931424,43.940065,38.358775,1.023342,89.829685,45.070610,39.345717,0.998485
HeavyTruck_in,-0.099000,46.000000,7200.000000,91.927949,43.570838,38.036447,1.054925,91.825900,44.656805,38.984475,1.030132
HeavyTruck_in,-0.099000,47.000000,7200.000000,93.924474,43.174856,37.690763,1.087722,93.822115,44.217036,38.600565,1.062994
HeavyTruck_in,-0.099000,48.000000,7200.000000,95.920906,42.816535,37.377957,1.120139,95.804998,43.902654,38.326116,1.093385
HeavyTruck_in,-0.099000,49.000000,7200.000000,97.917153,42.412792,37.025497,1.154335,97.800936,43.455291,37.935577,1.127655
HeavyTruck_in,-0.099000,50.000000,7200.000000,99.913401,41.975174,36.643466,1.190149,99.796873,42.974389,37.515759,1.163544
HeavyTruck_in,-0.099000,51.000000,7200.000000,101.909516,41.591214,36.308276,1.225133,101.778645,42.626457,37.212022,1.196502
HeavyTruck_in,-0.099000,52.000000,7200.000000,103.905485,41.248253,36.008879,1.259514,103.774305,42.245607,36.879548,1.230961
HeavyTruck_in,-0.099000,53.000000,7200.000000,105.901454,40.861173,35.670966,1.295869,105.769965,41.820110,36.508098,1.267399
HeavyTruck_in,-0.099000,54.000000,7200.000000,107.896945,40.560057,35.408097,1.330089,107.750626,41.545315,36.268207,1.299853
HeavyTruck_in,-0.099000,55.000000,7200.000000,109.892637,40.248364,35.135996,1.365181,109.746008,41.199713,35.966504,1.335030
HeavyTruck_in,-0.099000,56.000000,7200.000000,111.888228,39.945505,34.871607,1.400511,111.725835,40.925163,35.726828,1.368423
HeavyTruck_in,-0.099000,57.000000,7200.000000,113.883640,39.699637,34.656969,1.434316,113.720940,40.649233,35.485946,1.402314
HeavyTruck_in,-0.099000,58.000000,7200.000000,115.879054,39.427908,34.419755,1.469505,115.716044,40.347334,35.222395,1.437593
HeavyTruck_in,-0.099000,59.000000,7200.000000,117.874267,39.189049,34.211236,1.503918,117.694761,40.136435,35.038284,1.470063
HeavyTruck_in,-0.099000,60.000000,7200.000000,119.869402,38.878023,33.939716,1.541609,119.689587,39.793730,34.739109,1.507854
HeavyTruck_in,-0.099000,61.000000,7200.000000,121.864497,38.527454,33.633677,1.581528,121.667471,39.462348,34.449820,1.545858
HeavyTruck_in,-0.099000,62.000000,7200.000000,123.859353,38.237494,33.380548,1.619606,123.662019,39.142450,34.170556,1.584041
HeavyTruck_in,-0.099000,63.000000,7200.000000,125.854210,37.911167,33.095671,1.659857,125.656568,38.785521,33.858964,1.624402
HeavyTruck_in,-0.099000,64.000000,7200.000000,127.848891,37.516031,32.750725,1.703923,127.633340,38.404046,33.525944,1.666578
HeavyTruck_in,-0.099000,65.000000,7200.000000,129.843469,37.157809,32.438005,1.747190,129.627611,38.014361,33.185757,1.709970
HeavyTruck_in,-0.099000,66.000000,7200.000000,131.837996,36.777788,32.106255,1.792359,131.603551,37.646256,32.864409,1.753254
HeavyTruck_in,-0.099000,67.000000,7200.000000,133.832297,36.586607,31.939357,1.828979,133.597544,37.432433,32.677746,1.789985
HeavyTruck_in,-0.099000,68.000000,7200.000000,135.826597,36.491329,31.856182,1.861080,135.591537,37.319822,32.579439,1.822183
HeavyTruck_in,-0.099000,69.000000,7200.000000,137.820676,36.417131,31.791408,1.892251,137.566365,37.270300,32.536207,1.851437
HeavyTruck_in,-0.099000,70.000000,7200.000000,139.814698,36.343305,31.726960,1.923528,139.560081,37.180363,32.457694,1.882813
HeavyTruck_in,-0.099000,71.000000,7200.000000,141.808585,36.211775,31.612137,1.958045,141.534075,37.068641,32.360163,1.915466
HeavyTruck_in,-0.099000,72.000000,7200.000000,143.802330,36.100100,31.514647,1.991716,143.527513,36.939250,32.247208,1.949248
HeavyTruck_in,-0.099000,73.000000,7200.000000,145.796006,35.958845,31.391334,2.027262,145.500675,36.815538,32.139209,1.982962
HeavyTruck_in,-0.098000,10.000000,7200.000000,19.999078,10.042497,8.766894,0.995722,19.995483,10.055118,8.777912,0.994570
HeavyTruck_in,-0.098000,11.000000,7200.000000,21.998800,12.210226,10.659277,0.900835,21.995031,12.227493,10.674351,0.899659
HeavyTruck_in,-0.098000,12.000000,7200.000000,23.998173,12.974923,11.326841,0.924791,23.991246,13.012402,11.359560,0.922245
HeavyTruck_in,-0.098000,13.000000,7200.000000,25.995933,13.435481,11.728899,0.967436,25.986906,13.488113,11.774846,0.963862
HeavyTruck_in,-0.098000,14.000000,7200.000000,27.995138,13.303132,11.613361,1.052201,27.985899,13.356902,11.660301,1.048202
HeavyTruck_in,-0.098000,15.000000,7200.000000,29.994375,16.537357,14.436774,0.906867,29.980725,16.658858,14.542841,0.900469
HeavyTruck_in,-0.098000,16.000000,7200.000000,31.993399,17.306519,15.108236,0.924316,31.979440,17.431389,15.217245,0.917932
HeavyTruck_in,-0.098000,17.000000,7200.000000,33.992422,17.898348,15.624891,0.949597,33.978155,18.024074,15.734647,0.943232
HeavyTruck_in,-0.098000,18.000000,7200.000000,35.991298,18.276941,15.955395,0.984609,35.971870,18.419370,16.079732,0.977283
HeavyTruck_in,-0.098000,19.000000,7200.000000,37.989977,17.912762,15.637474,1.060416,37.970308,18.052809,15.759732,1.052523
HeavyTruck_in,-0.098000,20.000000,7200.000000,39.988678,22.047799,19.247276,0.906863,39.968745,22.263102,19.435232,0.898394
HeavyTruck_in,-0.098000,21.000000,7200.000000,41.987424,22.803642,19.907112,0.920630,41.967182,23.023103,20.098697,0.912175
HeavyTruck_in,-0.098000,22.000000,7200.000000,43.985960,23.552477,20.560829,0.933786,43.959509,23.829685,20.802826,0.923266
HeavyTruck_in,-0.098000,23.000000,7200.000000,45.984425,24.065318,21.008529,0.955409,45.957668,24.342153,21.250200,0.944912
HeavyTruck_in,-0.098000,24.000000,7200.000000,47.982890,24.433100,21.329595,0.981924,47.955828,24.706477,21.568247,0.971456
HeavyTruck_in,-0.098000,25.000000,7200.000000,49.981323,24.271689,21.188686,1.029622,49.947044,24.580307,21.458103,1.017127
HeavyTruck_in,-0.098000,26.000000,7200.000000,51.979515,23.905993,20.869441,1.087165,51.944925,24.193227,21.120191,1.074737
HeavyTruck_in,-0.098000,27.000000,7200.000000,53.977708,29.646503,25.880789,0.910355,53.942807,30.077322,26.256885,0.897733
HeavyTruck_in,-0.098000,28.000000,7200.000000,55.975902,30.384084,26.524682,0.921139,55.940689,30.820601,26.905752,0.908531
HeavyTruck_in,-0.098000,29.000000,7200.000000,57.974067,31.128709,27.174724,0.931199,57.930516,31.644128,27.624674,0.916489
HeavyTruck_in,-0.098000,30.000000,7200.000000,59.971982,31.873203,27.824652,0.940790,59.928120,32.395792,28.280862,0.926094
HeavyTruck_in,-0.098000,31.000000,7200.000000,61.969896,32.305160,28.201742,0.959133,61.925724,32.824603,28.655205,0.944463
HeavyTruck_in,-0.098000,32.000000,7200.000000,63.967655,32.654559,28.506760,0.979460,63.923328,33.168635,28.955538,0.964817
HeavyTruck_in,-0.098000,33.000000,7200.000000,65.965307,32.915015,28.734133,1.002055,65.911766,33.491246,29.237170,0.985383
HeavyTruck_in,-0.098000,34.000000,7200.000000,67.962943,32.522964,28.391880,1.044845,67.909092,33.068072,28.867749,1.028236
HeavyTruck_in,-0.098000,35.000000,7200.000000,69.960580,32.128854,28.047830,1.088750,69.906418,32.644758,28.498204,1.072203
HeavyTruck_in,-0.098000,36.000000,7200.000000,71.958084,39.419989,34.412842,0.912711,71.893745,40.279133,35.162857,0.893810
HeavyTruck_in,-0.098000,37.000000,7200.000000,73.955442,40.201855,35.095395,0.919801,73.890794,41.071578,35.854645,0.900913
HeavyTruck_in,-0.098000,38.000000,7200.000000,75.952800,40.916638,35.719386,0.928141,75.887842,41.794063,36.485359,0.909267
HeavyTruck_in,-0.098000,39.000000,7200.000000,77.950105,41.636564,36.347866,0.936078,77.874058,42.621626,37.207805,0.915076
HeavyTruck_in,-0.098000,40.000000,7200.000000,79.947186,42.381676,36.998334,0.943181,79.870829,43.377112,37.867328,0.922193
HeavyTruck_in,-0.098000,41.000000,7200.000000,81.944031,42.966450,37.508829,0.953582,81.867600,43.957880,38.374327,0.932760
HeavyTruck_in,-0.098000,42.000000,7200.000000,83.940977,43.342711,37.837298,0.968340,83.852705,44.424284,38.781488,0.945478
HeavyTruck_in,-0.098000,43.000000,7200.000000,85.937781,43.740961,38.184961,0.982349,85.849198,44.816686,39.124047,0.959514
HeavyTruck_in,-0.098000,44.000000,7200.000000,87.934583,44.077081,38.478387,0.997509,87.845691,45.144292,39.410040,0.974703
HeavyTruck_in,-0.098000,45.000000,7200.000000,89.931267,43.931895,38.351643,1.023530,89.829685,45.061901,39.338115,0.998678
HeavyTruck_in,-0.098000,46.000000,7200.000000,91.927792,43.562800,38.029431,1.055118,91.825900,44.648256,38.977011,1.030329
HeavyTruck_in,-0.098000,47.000000,7200.000000,93.924317,43.153213,37.671870,1.088266,93.822115,44.194221,38.580648,1.063543
HeavyTruck_in,-0.098000,48.000000,7200.000000,95.920706,42.808763,37.371172,1.120340,95.804998,43.894387,38.318899,1.093591
HeavyTruck_in,-0.098000,49.000000,7200.000000,97.916954,42.404484,37.018244,1.154559,97.800936,43.446480,37.927885,1.127883
HeavyTruck_in,-0.098000,50.000000,7200.000000,99.913201,41.952170,36.623384,1.190799,99.796873,42.950174,37.494621,1.164200
HeavyTruck_in,-0.098000,51.000000,7200.000000,101.909269,41.583238,36.301313,1.225365,101.778645,42.617974,37.204617,1.196741
HeavyTruck_in,-0.098000,52.000000,7200.000000,103.905238,41.240201,36.001849,1.259757,103.774305,42.237060,36.872087,1.231211
HeavyTruck_in,-0.098000,53.000000,7200.000000,105.901159,40.852366,35.663278,1.296145,105.755244,41.878959,36.559472,1.265618
HeavyTruck_in,-0.098000,54.000000,7200.000000,107.896644,40.552577,35.401567,1.330330,107.750626,41.537252,36.261169,1.300106
HeavyTruck_in,-0.098000,55.000000,7200.000000,109.892336,40.229092,35.119172,1.365832,109.746008,41.179297,35.948681,1.335692
HeavyTruck_in,-0.098000,56.000000,7200.000000,111.887869,39.938420,34.865422,1.400755,111.725835,40.917471,35.720112,1.368680
HeavyTruck_in,-0.098000,57.000000,7200.000000,113.883281,39.692470,34.650712,1.434570,113.720940,40.641472,35.479171,1.402582
HeavyTruck_in,-0.098000,58.000000,7200.000000,115.878695,39.408325,34.402659,1.470231,115.716044,40.326572,35.204269,1.438333
HeavyTruck_in,-0.098000,59.000000,7200.000000,117.873846,39.182198,34.205255,1.504176,117.694761,40.129032,35.031822,1.470334
HeavyTruck_in,-0.098000,60.000000,7200.000000,119.868980,38.857170,33.921512,1.542431,119.689587,39.771654,34.719838,1.508691
HeavyTruck_in,-0.098000,61.000000,7200.000000,121.864009,38.519974,33.627147,1.581829,121.667471,39.454291,34.442787,1.546174
HeavyTruck_in,-0.098000,62.000000,7200.000000,123.858865,38.230121,33.374111,1.619912,123.662019,39.134522,34.163635,1.584362
HeavyTruck_in,-0.098000,63.000000,7200.000000,125.853722,37.889558,33.076806,1.660797,125.656568,38.762686,33.839030,1.625359
HeavyTruck_in,-0.098000,64.000000,7200.000000,127.848332,37.507934,32.743657,1.704284,127.633340,38.395383,33.518381,1.666954
HeavyTruck_in,-0.098000,65.000000,7200.000000,129.842909,37.135897,32.418876,1.748213,129.627611,37.991234,33.165568,1.711010
HeavyTruck_in,-0.098000,66.000000,7200.000000,131.837362,36.770014,32.099467,1.792729,131.603551,37.637927,32.857138,1.753642
HeavyTruck_in,-0.098000,67.000000,7200.000000,133.831662,36.581050,31.934506,1.829249,133.597544,37.426443,32.672517,1.790272
HeavyTruck_in,-0.098000,68.000000,7200.000000,135.825939,36.475868,31.842684,1.861860,135.572650,37.344803,32.601247,1.820964
HeavyTruck_in,-0.098000,69.000000,7200.000000,137.819962,36.411686,31.786655,1.892524,137.566365,37.264507,32.531150,1.851725
HeavyTruck_in,-0.098000,70.000000,7200.000000,139.813984,36.323763,31.709900,1.924553,139.560081,37.159795,32.439738,1.883855
HeavyTruck_in,-0.098000,71.000000,7200.000000,141.807789,36.205769,31.606893,1.958359,141.534075,37.062354,32.354674,1.915791
HeavyTruck_in,-0.098000,72.000000,7200.000000,143.801533,36.081460,31.498375,1.992734,143.527513,36.919716,32.230154,1.950280
HeavyTruck_in,-0.098000,73.000000,7200.000000,145.795124,35.952876,31.386123,2.027586,145.500675,36.809331,32.133791,1.983297
HeavyTruck_in,-0.097000,10.000000,7200.000000,19.999077,10.040492,8.765143,0.995921,19.995483,10.053131,8.776177,0.994767
HeavyTruck_in,-0.097000,11.000000,7200.000000,21.998800,12.209602,10.658732,0.900881,21.995031,12.226900,10.673833,0.899702
HeavyTruck_in,-0.097000,12.000000,7200.000000,23.998167,12.974253,11.326257,0.924838,23.991246,13.011767,11.359005,0.922290
HeavyTruck_in,-0.097000,13.000000,7200.000000,25.995932,13.434030,11.727633,0.967540,25.986906,13.486885,11.773774,0.963949
HeavyTruck_in,-0.097000,14.000000,7200.000000,27.995136,13.300306,11.610894,1.052425,27.985899,13.354266,11.658000,1.048409
HeavyTruck_in,-0.097000,15.000000,7200.000000,29.994369,16.536698,14.436198,0.906903,29.980725,16.658205,14.542271,0.900504
HeavyTruck_in,-0.097000,16.000000,7200.000000,31.993393,17.305790,15.107600,0.924355,31.979440,17.430667,15.216615,0.917970
HeavyTruck_in,-0.097000,17.000000,7200.000000,33.992416,17.896273,15.623079,0.949707,33.978155,18.021988,15.732826,0.943341
HeavyTruck_in,-0.097000,18.000000,7200.000000,35.991295,18.274921,15.953631,0.984718,35.971870,18.417797,16.078359,0.977366
HeavyTruck_in,-0.097000,19.000000,7200.000000,37.989974,17.908959,15.634153,1.060642,37.970308,18.049387,15.756744,1.052722
HeavyTruck_in,-0.097000,20.000000,7200.000000,39.988677,22.046901,19.246492,0.906900,39.968745,22.262209,19.434451,0.898430
HeavyTruck_in,-0.097000,21.000000,7200.000000,41.987424,22.802680,19.906272,0.920669,41.967182,23.022146,20.097861,0.912213
HeavyTruck_in,-0.097000,22.000000,7200.000000,43.985959,23.551480,20.559959,0.933826,43.959509,23.828689,20.801957,0.923305
HeavyTruck_in,-0.097000,23.000000,7200.000000,45.984424,24.063281,21.006750,0.955489,45.957668,24.340093,21.248402,0.944992
HeavyTruck_in,-0.097000,24.000000,7200.000000,47.982889,24.430389,21.327228,0.982033,47.955828,24.703729,21.565849,0.971564
HeavyTruck_in,-0.097000,25.000000,7200.000000,49.981316,24.267065,21.184649,1.029818,49.947044,24.575590,21.453986,1.017323
HeavyTruck_in,-0.097000,26.000000,7200.000000,51.979509,23.901507,20.865525,1.087369,51.944925,24.188657,21.116201,1.074940
HeavyTruck_in,-0.097000,27.000000,7200.000000,53.977701,29.643685,25.878328,0.910442,53.942807,30.074460,26.254387,0.897818
HeavyTruck_in,-0.097000,28.000000,7200.000000,55.975895,30.381042,26.522026,0.921231,55.940689,30.817512,26.903056,0.908622
HeavyTruck_in,-0.097000,29.000000,7200.000000,57.974049,31.127406,27.173587,0.931238,57.930516,31.642830,27.623541,0.916527
HeavyTruck_in,-0.097000,30.000000,7200.000000,59.971963,31.871838,27.823461,0.940830,59.928120,32.394431,28.279674,0.926133
HeavyTruck_in,-0.097000,31.000000,7200.000000,61.969878,32.299449,28.196756,0.959302,61.925724,32.818753,28.650098,0.944631
HeavyTruck_in,-0.097000,32.000000,7200.000000,63.967634,32.649898,28.502691,0.979599,63.923325,33.163874,28.951382,0.964956
HeavyTruck_in,-0.097000,33.000000,7200.000000,65.965271,32.908729,28.728646,1.002246,65.911766,33.484754,29.231503,0.985574
HeavyTruck_in,-0.097000,34.000000,7200.000000,67.962907,32.508859,28.379567,1.045298,67.909092,33.053501,28.855028,1.028689
HeavyTruck_in,-0.097000,35.000000,7200.000000,69.960544,32.120010,28.040109,1.089049,69.906418,32.635642,28.490246,1.072503
HeavyTruck_in,-0.097000,36.000000,7200.000000,71.958025,39.418483,34.411527,0.912745,71.893745,40.277577,35.161498,0.893844
HeavyTruck_in,-0.097000,37.000000,7200.000000,73.955384,40.200167,35.093921,0.919839,73.890794,41.069833,35.853121,0.900952
HeavyTruck_in,-0.097000,38.000000,7200.000000,75.952742,40.907222,35.711165,0.928354,75.887842,41.784249,36.476792,0.909481
HeavyTruck_in,-0.097000,39.000000,7200.000000,77.950020,41.634898,36.346412,0.936114,77.874058,42.619878,37.206279,0.915114
HeavyTruck_in,-0.097000,40.000000,7200.000000,79.947101,42.379948,36.996825,0.943218,79.870829,43.375299,37.865746,0.922232
HeavyTruck_in,-0.097000,41.000000,7200.000000,81.943944,42.955347,37.499136,0.953827,81.867600,43.946189,38.364122,0.933008
HeavyTruck_in,-0.097000,42.000000,7200.000000,83.940858,43.339265,37.834289,0.968416,83.852705,44.420526,38.778208,0.945558
HeavyTruck_in,-0.097000,43.000000,7200.000000,85.937661,43.737339,38.181799,0.982429,85.849198,44.812748,39.120610,0.959598
HeavyTruck_in,-0.097000,44.000000,7200.000000,87.934464,44.064190,38.467134,0.997800,87.845691,45.130626,39.398110,0.974999
HeavyTruck_in,-0.097000,45.000000,7200.000000,89.931109,43.923728,38.344513,1.023719,89.829685,45.053190,39.330511,0.998871
HeavyTruck_in,-0.097000,46.000000,7200.000000,91.927635,43.554687,38.022348,1.055313,91.825900,44.639621,38.969473,1.030528
HeavyTruck_in,-0.097000,47.000000,7200.000000,93.924160,43.150499,37.669500,1.088332,93.822115,44.191275,38.578076,1.063614
HeavyTruck_in,-0.097000,48.000000,7200.000000,95.920506,42.800993,37.364389,1.120541,95.804998,43.886117,38.311680,1.093797
HeavyTruck_in,-0.097000,49.000000,7200.000000,97.916754,42.395970,37.010812,1.154788,97.800936,43.437446,37.919999,1.128118
HeavyTruck_in,-0.097000,50.000000,7200.000000,99.913001,41.949987,36.621477,1.190859,99.796873,42.947803,37.492550,1.164265
HeavyTruck_in,-0.097000,51.000000,7200.000000,101.909022,41.575266,36.294354,1.225597,101.778645,42.609487,37.197208,1.196979
HeavyTruck_in,-0.097000,52.000000,7200.000000,103.904991,41.224749,35.988360,1.260226,103.774305,42.220736,36.857836,1.231687
HeavyTruck_in,-0.097000,53.000000,7200.000000,105.900934,40.844572,35.656473,1.296389,105.755244,41.870756,36.552311,1.265866
HeavyTruck_in,-0.097000,54.000000,7200.000000,107.896342,40.545174,35.395105,1.330569,107.750626,41.529186,36.254127,1.300358
HeavyTruck_in,-0.097000,55.000000,7200.000000,109.892034,40.209687,35.102232,1.366487,109.746008,41.158661,35.930666,1.336362
HeavyTruck_in,-0.097000,56.000000,7200.000000,111.887508,39.931408,34.859300,1.400996,111.725835,40.909774,35.713393,1.368938
HeavyTruck_in,-0.097000,57.000000,7200.000000,113.882921,39.677743,34.637856,1.435098,113.720940,40.625696,35.465399,1.403126
HeavyTruck_in,-0.097000,58.000000,7200.000000,115.878288,39.398056,34.393694,1.470609,115.699934,40.372598,35.244449,1.436693
HeavyTruck_in,-0.097000,59.000000,7200.000000,117.873422,39.175414,34.199333,1.504431,117.694761,40.121625,35.025356,1.470605
HeavyTruck_in,-0.097000,60.000000,7200.000000,119.868557,38.836916,33.903831,1.543230,119.689587,39.750136,34.701053,1.509508
HeavyTruck_in,-0.097000,61.000000,7200.000000,121.863519,38.512519,33.620639,1.582129,121.667471,39.446232,34.435751,1.546490
HeavyTruck_in,-0.097000,62.000000,7200.000000,123.858374,38.221820,33.366865,1.620257,123.662019,39.125592,34.155839,1.584723
HeavyTruck_in,-0.097000,63.000000,7200.000000,125.853191,37.875533,33.064563,1.661405,125.639069,38.795919,33.868041,1.623967
HeavyTruck_in,-0.097000,64.000000,7200.000000,127.847769,37.499862,32.736610,1.704643,127.633340,38.386717,33.510817,1.667331
HeavyTruck_in,-0.097000,65.000000,7200.000000,129.842348,37.114768,32.400431,1.749201,129.627611,37.968900,33.146071,1.712017
HeavyTruck_in,-0.097000,66.000000,7200.000000,131.836724,36.762264,32.092702,1.793099,131.603551,37.629596,32.849865,1.754030
HeavyTruck_in,-0.097000,67.000000,7200.000000,133.831024,36.567029,31.922266,1.829941,133.597544,37.411550,32.659515,1.790984
HeavyTruck_in,-0.097000,68.000000,7200.000000,135.825222,36.470468,31.837970,1.862126,135.572650,37.338982,32.596165,1.821248
HeavyTruck_in,-0.097000,69.000000,7200.000000,137.819245,36.406206,31.781871,1.892799,137.566365,37.258610,32.526002,1.852018
HeavyTruck_in,-0.097000,70.000000,7200.000000,139.813243,36.307681,31.695861,1.925395,139.540638,37.181974,32.459100,1.882731
HeavyTruck_in,-0.097000,71.000000,7200.000000,141.806989,36.199819,31.601699,1.958670,141.534075,37.056061,32.349181,1.916116
HeavyTruck_in,-0.097000,72.000000,7200.000000,143.800732,36.060790,31.480329,1.993866,143.527513,36.897986,32.211185,1.951428
HeavyTruck_in,-0.097000,73.000000,7200.000000,145.794237,35.946968,31.380966,2.027907,145.500675,36.803121,32.128369,1.983631
HeavyTruck_in,-0.096000,10.000000,7200.000000,19.999077,10.038486,8.763392,0.996120,19.995483,10.051144,8.774442,0.994963
HeavyTruck_in,-0.096000,11.000000,7200.000000,21.998799,12.208978,10.658187,0.900927,21.995031,12.226306,10.673314,0.899746
HeavyTruck_in,-0.096000,12.000000,7200.000000,23.998161,12.973584,11.325673,0.924886,23.991246,13.011131,11.358450,0.922335
HeavyTruck_in,-0.096000,13.000000,7200.000000,25.995930,13.432571,11.726359,0.967645,25.986906,13.485649,11.772695,0.964038
HeavyTruck_in,-0.096000,14.000000,7200.000000,27.995135,13.297475,11.608423,1.052649,27.985899,13.351628,11.655697,1.048616
HeavyTruck_in,-0.096000,15.000000,7200.000000,29.994363,16.536038,14.435622,0.906939,29.980725,16.657552,14.541701,0.900539
HeavyTruck_in,-0.096000,16.000000,7200.000000,31.993386,17.305061,15.106963,0.924394,31.979440,17.429945,15.215984,0.918008
HeavyTruck_in,-0.096000,17.000000,7200.000000,33.992409,17.894305,15.621361,0.949811,33.978155,18.020010,15.731099,0.943445
HeavyTruck_in,-0.096000,18.000000,7200.000000,35.991292,18.272900,15.951867,0.984827,35.971870,18.416223,16.076985,0.977450
HeavyTruck_in,-0.096000,19.000000,7200.000000,37.989971,17.905154,15.630832,1.060867,37.970308,18.045963,15.753755,1.052922
HeavyTruck_in,-0.096000,20.000000,7200.000000,39.988677,22.046003,19.245708,0.906937,39.968745,22.261314,19.433670,0.898466
HeavyTruck_in,-0.096000,21.000000,7200.000000,41.987423,22.801719,19.905433,0.920707,41.967182,23.021188,20.097024,0.912251
HeavyTruck_in,-0.096000,22.000000,7200.000000,43.985958,23.550483,20.559088,0.933865,43.959509,23.827692,20.801086,0.923343
HeavyTruck_in,-0.096000,23.000000,7200.000000,45.984423,24.061242,21.004971,0.955570,45.957668,24.338031,21.246602,0.945072
HeavyTruck_in,-0.096000,24.000000,7200.000000,47.982888,24.427675,21.324859,0.982142,47.955828,24.700977,21.563446,0.971672
HeavyTruck_in,-0.096000,25.000000,7200.000000,49.981309,24.262440,21.180612,1.030014,49.947044,24.570872,21.449867,1.017518
HeavyTruck_in,-0.096000,26.000000,7200.000000,51.979502,23.897020,20.861608,1.087573,51.944925,24.184085,21.112210,1.075143
HeavyTruck_in,-0.096000,27.000000,7200.000000,53.977694,29.640866,25.875868,0.910528,53.942807,30.071598,26.251888,0.897904
HeavyTruck_in,-0.096000,28.000000,7200.000000,55.975888,30.378005,26.519375,0.921323,55.940689,30.814427,26.900363,0.908713
HeavyTruck_in,-0.096000,29.000000,7200.000000,57.974030,31.126105,27.172451,0.931277,57.930516,31.641531,27.622408,0.916565
HeavyTruck_in,-0.096000,30.000000,7200.000000,59.971945,31.870473,27.822269,0.940870,59.928120,32.393069,28.278485,0.926172
HeavyTruck_in,-0.096000,31.000000,7200.000000,61.969859,32.293746,28.191778,0.959472,61.925724,32.812911,28.644998,0.944799
HeavyTruck_in,-0.096000,32.000000,7200.000000,63.967598,32.647144,28.500287,0.979681,63.914439,33.232031,29.010881,0.962977
HeavyTruck_in,-0.096000,33.000000,7200.000000,65.965235,32.902443,28.723157,1.002437,65.911766,33.478260,29.225834,0.985766
HeavyTruck_in,-0.096000,34.000000,7200.000000,67.962871,32.498817,28.370801,1.045621,67.909092,33.043132,28.845976,1.029012
HeavyTruck_in,-0.096000,35.000000,7200.000000,69.960508,32.111154,28.032379,1.089349,69.906418,32.626513,28.482277,1.072803
HeavyTruck_in,-0.096000,36.000000,7200.000000,71.957967,39.416980,34.410214,0.912779,71.893745,40.276020,35.160139,0.893879
HeavyTruck_in,-0.096000,37.000000,7200.000000,73.955326,40.198468,35.092437,0.919877,73.890794,41.068073,35.851585,0.900990
HeavyTruck_in,-0.096000,38.000000,7200.000000,75.952684,40.897753,35.702899,0.928568,75.887842,41.774378,36.468175,0.909696
HeavyTruck_in,-0.096000,39.000000,7200.000000,77.949934,41.633234,36.344959,0.936150,77.874058,42.618128,37.204751,0.915151
HeavyTruck_in,-0.096000,40.000000,7200.000000,79.947015,42.378223,36.995319,0.943256,79.870829,43.373486,37.864163,0.922270
HeavyTruck_in,-0.096000,41.000000,7200.000000,81.943858,42.944232,37.489434,0.954073,81.867600,43.934485,38.353904,0.933256
HeavyTruck_in,-0.096000,42.000000,7200.000000,83.940738,43.335819,37.831280,0.968491,83.852705,44.416766,38.774925,0.945638
HeavyTruck_in,-0.096000,43.000000,7200.000000,85.937542,43.733613,38.178547,0.982511,85.849198,44.808698,39.117074,0.959685
HeavyTruck_in,-0.096000,44.000000,7200.000000,87.934344,44.051301,38.455882,0.998090,87.845691,45.116959,39.386179,0.975294
HeavyTruck_in,-0.096000,45.000000,7200.000000,89.930952,43.915562,38.337384,1.023908,89.829685,45.044476,39.322903,0.999065
HeavyTruck_in,-0.096000,46.000000,7200.000000,91.927477,43.546417,38.015128,1.055511,91.825900,44.630817,38.961787,1.030732
HeavyTruck_in,-0.096000,47.000000,7200.000000,93.924002,43.132438,37.653733,1.088786,93.822115,44.172210,38.561433,1.064073
HeavyTruck_in,-0.096000,48.000000,7200.000000,95.920306,42.793227,37.357609,1.120742,95.804998,43.877845,38.304458,1.094003
HeavyTruck_in,-0.096000,49.000000,7200.000000,97.916554,42.380885,36.997643,1.155197,97.800936,43.421501,37.906079,1.128532
HeavyTruck_in,-0.096000,50.000000,7200.000000,99.912801,41.930819,36.604744,1.191401,99.796873,42.927603,37.474917,1.164813
HeavyTruck_in,-0.096000,51.000000,7200.000000,101.908775,41.567298,36.287398,1.225829,101.778645,42.600998,37.189797,1.197218
HeavyTruck_in,-0.096000,52.000000,7200.000000,103.904744,41.205380,35.971451,1.260815,103.774305,42.200290,36.839988,1.232283
HeavyTruck_in,-0.096000,53.000000,7200.000000,105.900636,40.836762,35.649655,1.296634,105.755244,41.862557,36.545153,1.266114
HeavyTruck_in,-0.096000,54.000000,7200.000000,107.896040,40.537484,35.388392,1.330818,107.750626,41.520813,36.246817,1.300620
HeavyTruck_in,-0.096000,55.000000,7200.000000,109.891731,40.190063,35.085101,1.367151,109.746008,41.137790,35.912447,1.337040
HeavyTruck_in,-0.096000,56.000000,7200.000000,111.887147,39.924399,34.853181,1.401238,111.725835,40.902074,35.706671,1.369195
HeavyTruck_in,-0.096000,57.000000,7200.000000,113.882560,39.658207,34.620801,1.435801,113.720940,40.604866,35.447214,1.403846
HeavyTruck_in,-0.096000,58.000000,7200.000000,115.877865,39.391206,34.387715,1.470860,115.699934,40.365096,35.237900,1.436960
HeavyTruck_in,-0.096000,59.000000,7200.000000,117.872998,39.168621,34.193402,1.504687,117.694761,40.114200,35.018874,1.470878
HeavyTruck_in,-0.096000,60.000000,7200.000000,119.868134,38.816219,33.885762,1.544047,119.689587,39.728146,34.681856,1.510343
HeavyTruck_in,-0.096000,61.000000,7200.000000,121.863028,38.505069,33.614135,1.582428,121.667471,39.438169,34.428712,1.546806
HeavyTruck_in,-0.096000,62.000000,7200.000000,123.857884,38.200377,33.348145,1.621161,123.662019,39.102861,34.135995,1.585645
HeavyTruck_in,-0.096000,63.000000,7200.000000,125.852629,37.867310,33.057385,1.661758,125.639069,38.787066,33.860313,1.624338
HeavyTruck_in,-0.096000,64.000000,7200.000000,127.847207,37.491702,32.729487,1.705007,127.633340,38.377952,33.503165,1.667711
HeavyTruck_in,-0.096000,65.000000,7200.000000,129.841785,37.093148,32.381557,1.750213,129.627611,37.946044,33.126118,1.713048
HeavyTruck_in,-0.096000,66.000000,7200.000000,131.836086,36.754522,32.085943,1.793468,131.603551,37.621261,32.842589,1.754419
HeavyTruck_in,-0.096000,67.000000,7200.000000,133.830386,36.548208,31.905835,1.830875,133.597544,37.391613,32.642111,1.791939
HeavyTruck_in,-0.096000,68.000000,7200.000000,135.824504,36.465116,31.833298,1.862390,135.572650,37.333157,32.591080,1.821532
HeavyTruck_in,-0.096000,69.000000,7200.000000,137.818527,36.393529,31.770804,1.893448,137.566365,37.245108,32.514215,1.852689
HeavyTruck_in,-0.096000,70.000000,7200.000000,139.812442,36.302281,31.691146,1.925670,139.540638,37.176196,32.454056,1.883024
HeavyTruck_in,-0.096000,71.000000,7200.000000,141.806187,36.193761,31.596411,1.958987,141.534075,37.049600,32.343541,1.916450
HeavyTruck_in,-0.096000,72.000000,7200.000000,143.799882,36.048226,31.469361,1.994549,143.507515,36.921724,32.231908,1.950174
HeavyTruck_in,-0.096000,73.000000,7200.000000,145.793349,35.941107,31.375849,2.028226,145.500675,36.796907,32.122945,1.983966
HeavyTruck_in,-0.095000,10.000000,7200.000000,19.999077,10.036479,8.761640,0.996319,19.995483,10.049156,8.772707,0.995160
HeavyTruck_in,-0.095000,11.000000,7200.000000,21.998799,12.208353,10.657642,0.900973,21.995031,12.225712,10.672796,0.899790
HeavyTruck_in,-0.095000,12.000000,7200.000000,23.998156,12.972914,11.325088,0.924933,23.991246,13.010495,11.357895,0.922380
HeavyTruck_in,-0.095000,13.000000,7200.000000,25.995928,13.431110,11.725083,0.967751,25.986906,13.484411,11.771614,0.964126
HeavyTruck_in,-0.095000,14.000000,7200.000000,27.995133,13.294644,11.605951,1.052873,27.985899,13.348988,11.653393,1.048823
HeavyTruck_in,-0.095000,15.000000,7200.000000,29.994357,16.535379,14.435046,0.906975,29.980725,16.656899,14.541131,0.900575
HeavyTruck_in,-0.095000,16.000000,7200.000000,31.993380,17.304332,15.106327,0.924433,31.979440,17.429222,15.215354,0.918046
HeavyTruck_in,-0.095000,17.000000,7200.000000,33.992403,17.892353,15.619657,0.949914,33.978155,18.018047,15.729385,0.943548
HeavyTruck_in,-0.095000,18.000000,7200.000000,35.991289,18.270880,15.950103,0.984936,35.971870,18.414648,16.075610,0.977534
HeavyTruck_in,-0.095000,19.000000,7200.000000,37.989968,17.901346,15.627508,1.061092,37.970308,18.042537,15.750765,1.053122
HeavyTruck_in,-0.095000,20.000000,7200.000000,39.988677,22.045104,19.244924,0.906974,39.968745,22.260418,19.432888,0.898502
HeavyTruck_in,-0.095000,21.000000,7200.000000,41.987423,22.800757,19.904593,0.920746,41.967182,23.020229,20.096187,0.912289
HeavyTruck_in,-0.095000,22.000000,7200.000000,43.985957,23.549486,20.558218,0.933905,43.959509,23.826695,20.800216,0.923382
HeavyTruck_in,-0.095000,23.000000,7200.000000,45.984422,24.059203,21.003191,0.955651,45.957668,24.335968,21.244801,0.945152
HeavyTruck_in,-0.095000,24.000000,7200.000000,47.982887,24.424961,21.322490,0.982251,47.955828,24.698226,21.561044,0.971780
HeavyTruck_in,-0.095000,25.000000,7200.000000,49.981303,24.257813,21.176573,1.030210,49.947044,24.566151,21.445745,1.017713
HeavyTruck_in,-0.095000,26.000000,7200.000000,51.979495,23.892531,20.857689,1.087777,51.944925,24.179511,21.108217,1.075346
HeavyTruck_in,-0.095000,27.000000,7200.000000,53.977688,29.638050,25.873410,0.910615,53.942807,30.068737,26.249390,0.897989
HeavyTruck_in,-0.095000,28.000000,7200.000000,55.975881,30.374966,26.516722,0.921415,55.940689,30.811338,26.897666,0.908804
HeavyTruck_in,-0.095000,29.000000,7200.000000,57.974012,31.124803,27.171314,0.931315,57.930516,31.640232,27.621273,0.916602
HeavyTruck_in,-0.095000,30.000000,7200.000000,59.971926,31.869108,27.821078,0.940910,59.928120,32.391706,28.277294,0.926211
HeavyTruck_in,-0.095000,31.000000,7200.000000,61.969841,32.288031,28.186789,0.959641,61.925724,32.807055,28.639886,0.944968
HeavyTruck_in,-0.095000,32.000000,7200.000000,63.967562,32.644389,28.497882,0.979764,63.914439,33.229193,29.008403,0.963059
HeavyTruck_in,-0.095000,33.000000,7200.000000,65.965199,32.896155,28.717668,1.002628,65.911766,33.471764,29.220163,0.985957
HeavyTruck_in,-0.095000,34.000000,7200.000000,67.962835,32.488811,28.362065,1.045942,67.909092,33.032798,28.836954,1.029334
HeavyTruck_in,-0.095000,35.000000,7200.000000,69.960472,32.102299,28.024648,1.089649,69.906418,32.617384,28.474307,1.073103
HeavyTruck_in,-0.095000,36.000000,7200.000000,71.957909,39.415476,34.408902,0.912813,71.893745,40.274461,35.158778,0.893913
HeavyTruck_in,-0.095000,37.000000,7200.000000,73.955267,40.196768,35.090954,0.919916,73.890794,41.066311,35.850047,0.901029
HeavyTruck_in,-0.095000,38.000000,7200.000000,75.952626,40.888072,35.694448,0.928787,75.887842,41.764282,36.459361,0.909916
HeavyTruck_in,-0.095000,39.000000,7200.000000,77.949849,41.631571,36.343508,0.936187,77.874058,42.616376,37.203222,0.915189
HeavyTruck_in,-0.095000,40.000000,7200.000000,79.946930,42.376385,36.993714,0.943296,79.870829,43.371551,37.862474,0.922312
HeavyTruck_in,-0.095000,41.000000,7200.000000,81.943771,42.932999,37.479627,0.954322,81.867600,43.922652,38.343574,0.933508
HeavyTruck_in,-0.095000,42.000000,7200.000000,83.940619,43.332373,37.828273,0.968567,83.852705,44.413003,38.771640,0.945718
HeavyTruck_in,-0.095000,43.000000,7200.000000,85.937422,43.720563,38.167155,0.982803,85.849198,44.794846,39.104982,0.959982
HeavyTruck_in,-0.095000,44.000000,7200.000000,87.934224,44.038318,38.444548,0.998383,87.845691,45.103190,39.374159,0.975592
HeavyTruck_in,-0.095000,45.000000,7200.000000,89.930795,43.907398,38.330257,1.024096,89.829685,45.035758,39.315293,0.999258
HeavyTruck_in,-0.095000,46.000000,7200.000000,91.927320,43.527897,37.998961,1.055959,91.825900,44.611230,38.944689,1.031184
HeavyTruck_in,-0.095000,47.000000,7200.000000,93.923845,43.114267,37.637870,1.089243,93.822115,44.153027,38.544687,1.064535
HeavyTruck_in,-0.095000,48.000000,7200.000000,95.920106,42.785463,37.350831,1.120943,95.804998,43.869569,38.297234,1.094210
HeavyTruck_in,-0.095000,49.000000,7200.000000,97.916354,42.361178,36.980439,1.155732,97.800936,43.400692,37.887914,1.129073
HeavyTruck_in,-0.095000,50.000000,7200.000000,99.912559,41.921377,36.596502,1.191666,99.782986,42.995108,37.533847,1.162984
HeavyTruck_in,-0.095000,51.000000,7200.000000,101.908528,41.559334,36.280446,1.226061,101.778645,42.592506,37.182383,1.197456
HeavyTruck_in,-0.095000,52.000000,7200.000000,103.904497,41.174024,35.944078,1.261772,103.774305,42.167251,36.811145,1.233249
HeavyTruck_in,-0.095000,53.000000,7200.000000,105.900048,40.836268,35.649224,1.296642,105.755244,41.853918,36.537612,1.266375
HeavyTruck_in,-0.095000,54.000000,7200.000000,107.895738,40.517913,35.371306,1.331457,107.750626,41.499952,36.228607,1.301274
HeavyTruck_in,-0.095000,55.000000,7200.000000,109.891375,40.181991,35.078054,1.367421,109.730731,41.191141,35.959021,1.335308
HeavyTruck_in,-0.095000,56.000000,7200.000000,111.886786,39.917394,34.847066,1.401479,111.725835,40.894371,35.699946,1.369453
HeavyTruck_in,-0.095000,57.000000,7200.000000,113.882200,39.638921,34.603965,1.436495,113.720940,40.584293,35.429255,1.404558
HeavyTruck_in,-0.095000,58.000000,7200.000000,115.877441,39.384361,34.381739,1.471110,115.699934,40.357590,35.231348,1.437227
HeavyTruck_in,-0.095000,59.000000,7200.000000,117.872574,39.160243,34.186088,1.505003,117.694761,40.105104,35.010933,1.471211
HeavyTruck_in,-0.095000,60.000000,7200.000000,119.867680,38.801261,33.872705,1.544636,119.672922,39.765469,34.714438,1.508926
HeavyTruck_in,-0.095000,61.000000,7200.000000,121.862537,38.497624,33.607636,1.582728,121.667471,39.430104,34.421671,1.547122
HeavyTruck_in,-0.095000,62.000000,7200.000000,123.857393,38.179905,33.330273,1.622023,123.662019,39.081143,34.117036,1.586526
HeavyTruck_in,-0.095000,63.000000,7200.000000,125.852067,37.859093,33.050211,1.662111,125.639069,38.778210,33.852582,1.624709
HeavyTruck_in,-0.095000,64.000000,7200.000000,127.846644,37.477102,32.716741,1.705663,127.633340,38.362418,33.489604,1.668387
HeavyTruck_in,-0.095000,65.000000,7200.000000,129.841147,37.085275,32.374684,1.750575,129.609557,37.982240,33.157716,1.711416
HeavyTruck_in,-0.095000,66.000000,7200.000000,131.835448,36.746786,32.079190,1.793836,131.603551,37.612924,32.835311,1.754808
HeavyTruck_in,-0.095000,67.000000,7200.000000,133.829748,36.528638,31.888751,1.831847,133.597544,37.370883,32.624014,1.792933
HeavyTruck_in,-0.095000,68.000000,7200.000000,135.823786,36.459772,31.828633,1.862653,135.572650,37.327329,32.585992,1.821817
HeavyTruck_in,-0.095000,69.000000,7200.000000,137.817808,36.373652,31.753452,1.894473,137.566365,37.224040,32.495824,1.853738
HeavyTruck_in,-0.095000,70.000000,7200.000000,139.811641,36.296890,31.686441,1.925945,139.540638,37.170415,32.449010,1.883317
HeavyTruck_in,-0.095000,71.000000,7200.000000,141.805386,36.177405,31.582132,1.959861,141.534075,37.032315,32.328451,1.917345
HeavyTruck_in,-0.095000,72.000000,7200.000000,143.798993,36.042345,31.464227,1.994862,143.507515,36.915466,32.226445,1.950504
HeavyTruck_in,-0.095000,73.000000,7200.000000,145.792461,35.932856,31.368646,2.028679,145.500675,36.788168,32.115316,1.984438
HeavyTruck_in,-0.094000,10.000000,7200.000000,19.999077,10.034472,8.759888,0.996519,19.995483,10.047167,8.770970,0.995357
HeavyTruck_in,-0.094000,11.000000,7200.000000,21.998799,12.207728,10.657096,0.901019,21.995031,12.225118,10.672277,0.899834
HeavyTruck_in,-0.094000,12.000000,7200.000000,23.998150,12.972245,11.324504,0.924981,23.991246,13.009859,11.357340,0.922425
HeavyTruck_in,-0.094000,13.000000,7200.000000,25.995926,13.429648,11.723807,0.967856,25.986906,13.483172,11.770532,0.964215
HeavyTruck_in,-0.094000,14.000000,7200.000000,27.995132,13.291811,11.603478,1.053097,27.985899,13.346348,11.651088,1.049031
HeavyTruck_in,-0.094000,15.000000,7200.000000,29.994351,16.534720,14.434471,0.907011,29.980725,16.656246,14.540561,0.900610
HeavyTruck_in,-0.094000,16.000000,7200.000000,31.993374,17.303603,15.105690,0.924471,31.979440,17.428499,15.214722,0.918084
HeavyTruck_in,-0.094000,17.000000,7200.000000,33.992397,17.890399,15.617951,0.950018,33.978155,18.016083,15.727670,0.943650
HeavyTruck_in,-0.094000,18.000000,7200.000000,35.991286,18.268859,15.948339,0.985045,35.971870,18.413073,16.074235,0.977617
HeavyTruck_in,-0.094000,19.000000,7200.000000,37.989965,17.897534,15.624180,1.061318,37.970308,18.039111,15.747773,1.053322
HeavyTruck_in,-0.094000,20.000000,7200.000000,39.988676,22.044206,19.244139,0.907011,39.968745,22.259522,19.432106,0.898539
HeavyTruck_in,-0.094000,21.000000,7200.000000,41.987423,22.799795,19.903753,0.920785,41.967182,23.019269,20.095349,0.912327
HeavyTruck_in,-0.094000,22.000000,7200.000000,43.985956,23.548490,20.557348,0.933944,43.959509,23.825697,20.799345,0.923421
HeavyTruck_in,-0.094000,23.000000,7200.000000,45.984421,24.057164,21.001410,0.955732,45.957668,24.333904,21.242999,0.945232
HeavyTruck_in,-0.094000,24.000000,7200.000000,47.982886,24.422247,21.320121,0.982360,47.955828,24.695473,21.558641,0.971889
HeavyTruck_in,-0.094000,25.000000,7200.000000,49.981296,24.253185,21.172533,1.030407,49.947044,24.561428,21.441623,1.017909
HeavyTruck_in,-0.094000,26.000000,7200.000000,51.979488,23.888042,20.853770,1.087981,51.944925,24.174936,21.104223,1.075550
HeavyTruck_in,-0.094000,27.000000,7200.000000,53.977681,29.635234,25.870951,0.910701,53.942807,30.065874,26.246891,0.898075
HeavyTruck_in,-0.094000,28.000000,7200.000000,55.975874,30.371917,26.514060,0.921507,55.940689,30.808239,26.894960,0.908895
HeavyTruck_in,-0.094000,29.000000,7200.000000,57.973993,31.123502,27.170179,0.931354,57.930516,31.638931,27.620138,0.916640
HeavyTruck_in,-0.094000,30.000000,7200.000000,59.971908,31.867744,27.819886,0.940950,59.928120,32.390341,28.276103,0.926250
HeavyTruck_in,-0.094000,31.000000,7200.000000,61.969822,32.282328,28.181810,0.959810,61.925724,32.801210,28.634783,0.945136
HeavyTruck_in,-0.094000,32.000000,7200.000000,63.967526,32.641635,28.495477,0.979846,63.914439,33.226353,29.005924,0.963141
HeavyTruck_in,-0.094000,33.000000,7200.000000,65.965163,32.889867,28.712179,1.002819,65.911766,33.465266,29.214491,0.986148
HeavyTruck_in,-0.094000,34.000000,7200.000000,67.962799,32.478792,28.353319,1.046264,67.909092,33.022450,28.827921,1.029656
HeavyTruck_in,-0.094000,35.000000,7200.000000,69.960436,32.093445,28.016919,1.089949,69.906418,32.608254,28.466336,1.073404
HeavyTruck_in,-0.094000,36.000000,7200.000000,71.957851,39.413973,34.407590,0.912847,71.893745,40.272901,35.157417,0.893948
HeavyTruck_in,-0.094000,37.000000,7200.000000,73.955209,40.191941,35.086740,0.920025,73.890794,41.061279,35.845654,0.901139
HeavyTruck_in,-0.094000,38.000000,7200.000000,75.952568,40.878339,35.685951,0.929008,75.887842,41.754131,36.450499,0.910137
HeavyTruck_in,-0.094000,39.000000,7200.000000,77.949764,41.629912,36.342059,0.936223,77.874058,42.614623,37.201691,0.915227
HeavyTruck_in,-0.094000,40.000000,7200.000000,79.946845,42.374493,36.992063,0.943337,79.870829,43.369556,37.860732,0.922354
HeavyTruck_in,-0.094000,41.000000,7200.000000,81.943684,42.921778,37.469832,0.954570,81.867600,43.910770,38.333201,0.933760
HeavyTruck_in,-0.094000,42.000000,7200.000000,83.940499,43.328991,37.825320,0.968641,83.852705,44.409236,38.768352,0.945799
HeavyTruck_in,-0.094000,43.000000,7200.000000,85.937302,43.706848,38.155181,0.983110,85.849198,44.780226,39.092219,0.960295
HeavyTruck_in,-0.094000,44.000000,7200.000000,87.934104,44.025221,38.433114,0.998679,87.845691,45.089231,39.361974,0.975894
HeavyTruck_in,-0.094000,45.000000,7200.000000,89.930636,43.899294,38.323183,1.024283,89.829685,45.027037,39.307679,0.999452
HeavyTruck_in,-0.094000,46.000000,7200.000000,91.927161,43.508945,37.982416,1.056417,91.825900,44.591124,38.927136,1.031649
HeavyTruck_in,-0.094000,47.000000,7200.000000,93.923659,43.102717,37.627787,1.089533,93.809061,44.227640,38.609822,1.062739
HeavyTruck_in,-0.094000,48.000000,7200.000000,95.919905,42.777755,37.344102,1.121142,95.804998,43.861290,38.290006,1.094416
HeavyTruck_in,-0.094000,49.000000,7200.000000,97.916153,42.330915,36.954020,1.156556,97.800936,43.368732,37.860013,1.129905
HeavyTruck_in,-0.094000,50.000000,7200.000000,99.912310,41.913331,36.589478,1.191892,99.782986,42.986451,37.526290,1.163218
HeavyTruck_in,-0.094000,51.000000,7200.000000,101.908279,41.551421,36.273538,1.226291,101.778645,42.584009,37.174966,1.197695
HeavyTruck_in,-0.094000,52.000000,7200.000000,103.904248,41.150549,35.923585,1.262489,103.774305,42.142433,36.789479,1.233975
HeavyTruck_in,-0.094000,53.000000,7200.000000,105.899743,40.828813,35.642716,1.296875,105.755244,41.845709,36.530445,1.266624
HeavyTruck_in,-0.094000,54.000000,7200.000000,107.895433,40.498535,35.354390,1.332091,107.750626,41.479245,36.210530,1.301924
HeavyTruck_in,-0.094000,55.000000,7200.000000,109.891011,40.174815,35.071789,1.367660,109.730731,41.183185,35.952076,1.335566
HeavyTruck_in,-0.094000,56.000000,7200.000000,111.886423,39.910375,34.840938,1.401721,111.725835,40.886603,35.693165,1.369713
HeavyTruck_in,-0.094000,57.000000,7200.000000,113.881837,39.619218,34.586765,1.437204,113.720940,40.563236,35.410872,1.405287
HeavyTruck_in,-0.094000,58.000000,7200.000000,115.877014,39.377558,34.375800,1.471359,115.699934,40.350082,35.224793,1.437495
HeavyTruck_in,-0.094000,59.000000,7200.000000,117.872148,39.139449,34.167936,1.505797,117.694761,40.082920,34.991567,1.472026
HeavyTruck_in,-0.094000,60.000000,7200.000000,119.867186,38.793745,33.866143,1.544929,119.672922,39.757263,34.707274,1.509237
HeavyTruck_in,-0.094000,61.000000,7200.000000,121.862042,38.490176,33.601134,1.583028,121.667471,39.421990,34.414589,1.547441
HeavyTruck_in,-0.094000,62.000000,7200.000000,123.856899,38.158902,33.311938,1.622910,123.662019,39.058826,34.097554,1.587432
HeavyTruck_in,-0.094000,63.000000,7200.000000,125.851501,37.850913,33.043071,1.662463,125.639069,38.769351,33.844848,1.625080
HeavyTruck_in,-0.094000,64.000000,7200.000000,127.846078,37.455574,32.697948,1.706636,127.633340,38.339572,33.469660,1.669381
HeavyTruck_in,-0.094000,65.000000,7200.000000,129.840505,37.077440,32.367844,1.750937,129.609557,37.973736,33.150292,1.711799
HeavyTruck_in,-0.094000,66.000000,7200.000000,131.834806,36.736408,32.070130,1.794334,131.603551,37.601773,32.825576,1.755328
HeavyTruck_in,-0.094000,67.000000,7200.000000,133.829041,36.520595,31.881730,1.832241,133.578934,37.404307,32.653192,1.791331
HeavyTruck_in,-0.094000,68.000000,7200.000000,135.823064,36.454460,31.823996,1.862914,135.572650,37.321494,32.580898,1.822102
HeavyTruck_in,-0.094000,69.000000,7200.000000,137.817086,36.353841,31.736157,1.895496,137.566365,37.203002,32.477457,1.854786
HeavyTruck_in,-0.094000,70.000000,7200.000000,139.810835,36.291536,31.681766,1.926218,139.540638,37.164631,32.443960,1.883610
HeavyTruck_in,-0.094000,71.000000,7200.000000,141.804580,36.156168,31.563593,1.961001,141.534075,37.009866,32.308853,1.918508
HeavyTruck_in,-0.094000,72.000000,7200.000000,143.798100,36.036493,31.459119,1.995173,143.507515,36.909204,32.220978,1.950835
HeavyTruck_in,-0.094000,73.000000,7200.000000,145.791567,35.910993,31.349560,2.029902,145.500675,36.765098,32.095176,1.985683
HeavyTruck_in,-0.093000,10.000000,7200.000000,19.999076,10.032464,8.758135,0.996718,19.995483,10.045178,8.769234,0.995554
HeavyTruck_in,-0.093000,11.000000,7200.000000,21.998799,12.207103,10.656550,0.901066,21.995031,12.224523,10.671758,0.899877
HeavyTruck_in,-0.093000,12.000000,7200.000000,23.998144,12.971575,11.323919,0.925028,23.991246,13.009223,11.356784,0.922470
HeavyTruck_in,-0.093000,13.000000,7200.000000,25.995925,13.428186,11.722531,0.967961,25.986906,13.481932,11.769450,0.964304
HeavyTruck_in,-0.093000,14.000000,7200.000000,27.995130,13.288978,11.601005,1.053321,27.985899,13.343707,11.648782,1.049238
HeavyTruck_in,-0.093000,15.000000,7200.000000,29.994344,16.534060,14.433895,0.907047,29.980725,16.655591,14.539990,0.900645
HeavyTruck_in,-0.093000,16.000000,7200.000000,31.993368,17.302874,15.105054,0.924510,31.979440,17.427776,15.214091,0.918122
HeavyTruck_in,-0.093000,17.000000,7200.000000,33.992391,17.888446,15.616246,0.950121,33.978155,18.014118,15.725955,0.943753
HeavyTruck_in,-0.093000,18.000000,7200.000000,35.991282,18.266837,15.946574,0.985154,35.971870,18.411495,16.072858,0.977701
HeavyTruck_in,-0.093000,19.000000,7200.000000,37.989962,17.893722,15.620852,1.061544,37.970308,18.035683,15.744781,1.053522
HeavyTruck_in,-0.093000,20.000000,7200.000000,39.988676,22.043308,19.243355,0.907048,39.968745,22.258625,19.431323,0.898575
HeavyTruck_in,-0.093000,21.000000,7200.000000,41.987422,22.798833,19.902913,0.920824,41.967182,23.018309,20.094511,0.912365
HeavyTruck_in,-0.093000,22.000000,7200.000000,43.985956,23.547494,20.556479,0.933984,43.959509,23.824698,20.798473,0.923460
HeavyTruck_in,-0.093000,23.000000,7200.000000,45.984420,24.055123,20.999629,0.955813,45.957668,24.331837,21.241194,0.945313
HeavyTruck_in,-0.093000,24.000000,7200.000000,47.982886,24.419539,21.317757,0.982469,47.955828,24.692726,21.556243,0.971997
HeavyTruck_in,-0.093000,25.000000,7200.000000,49.981289,24.248557,21.168492,1.030603,49.947044,24.556704,21.437499,1.018105
HeavyTruck_in,-0.093000,26.000000,7200.000000,51.979481,23.883552,20.849851,1.088186,51.944925,24.170359,21.100228,1.075754
HeavyTruck_in,-0.093000,27.000000,7200.000000,53.977674,29.632417,25.868492,0.910788,53.942807,30.063011,26.244392,0.898160
HeavyTruck_in,-0.093000,28.000000,7200.000000,55.975867,30.368874,26.511404,0.921599,55.940689,30.805144,26.892259,0.908986
HeavyTruck_in,-0.093000,29.000000,7200.000000,57.973975,31.122201,27.169043,0.931393,57.930516,31.637630,27.619002,0.916678
HeavyTruck_in,-0.093000,30.000000,7200.000000,59.971889,31.866354,27.818673,0.940991,59.928120,32.388950,28.274889,0.926290
HeavyTruck_in,-0.093000,31.000000,7200.000000,61.969804,32.276590,28.176800,0.959981,61.925724,32.795327,28.629647,0.945306
HeavyTruck_in,-0.093000,32.000000,7200.000000,63.967490,32.638880,28.493072,0.979928,63.914439,33.223511,29.003444,0.963223
HeavyTruck_in,-0.093000,33.000000,7200.000000,65.965127,32.883577,28.706688,1.003010,65.911766,33.458765,29.208815,0.986340
HeavyTruck_in,-0.093000,34.000000,7200.000000,67.962763,32.468727,28.344533,1.046588,67.909092,33.012053,28.818845,1.029980
HeavyTruck_in,-0.093000,35.000000,7200.000000,69.960401,32.084550,28.009154,1.090251,69.906418,32.599080,28.458328,1.073706
HeavyTruck_in,-0.093000,36.000000,7200.000000,71.957792,39.412472,34.406280,0.912881,71.893745,40.271340,35.156054,0.893983
HeavyTruck_in,-0.093000,37.000000,7200.000000,73.955151,40.183495,35.079367,0.920218,73.890794,41.052464,35.837959,0.901333
HeavyTruck_in,-0.093000,38.000000,7200.000000,75.952493,40.873614,35.681826,0.929114,75.877288,41.847553,36.532055,0.908105
HeavyTruck_in,-0.093000,39.000000,7200.000000,77.949678,41.628255,36.340612,0.936259,77.874058,42.612869,37.200160,0.915264
HeavyTruck_in,-0.093000,40.000000,7200.000000,79.946759,42.372600,36.990410,0.943378,79.870829,43.367556,37.858986,0.922397
HeavyTruck_in,-0.093000,41.000000,7200.000000,81.943575,42.915859,37.464664,0.954700,81.856212,44.001402,38.412321,0.931837
HeavyTruck_in,-0.093000,42.000000,7200.000000,83.940378,43.325631,37.822386,0.968715,83.852705,44.405467,38.765061,0.945879
HeavyTruck_in,-0.093000,43.000000,7200.000000,85.937181,43.683785,38.135048,0.983628,85.849198,44.755759,39.070859,0.960820
HeavyTruck_in,-0.093000,44.000000,7200.000000,87.933952,44.019953,38.428516,0.998797,87.833470,45.180601,39.441738,0.973920
HeavyTruck_in,-0.093000,45.000000,7200.000000,89.930477,43.891212,38.316128,1.024470,89.829685,45.018312,39.300063,0.999645
HeavyTruck_in,-0.093000,46.000000,7200.000000,91.927002,43.478968,37.956247,1.057143,91.825900,44.559402,38.899443,1.032384
HeavyTruck_in,-0.093000,47.000000,7200.000000,93.923456,43.094918,37.620979,1.089728,93.809061,44.219219,38.602471,1.062942
HeavyTruck_in,-0.093000,48.000000,7200.000000,95.919703,42.770065,37.337389,1.121342,95.804998,43.853005,38.282773,1.094623
HeavyTruck_in,-0.093000,49.000000,7200.000000,97.915951,42.307853,36.933887,1.157184,97.800936,43.344316,37.838698,1.130542
HeavyTruck_in,-0.093000,50.000000,7200.000000,99.912060,41.905305,36.582472,1.192117,99.782986,42.977790,37.518729,1.163452
HeavyTruck_in,-0.093000,51.000000,7200.000000,101.908029,41.543390,36.266527,1.226525,101.778645,42.575364,37.167419,1.197938
HeavyTruck_in,-0.093000,52.000000,7200.000000,103.903971,41.135337,35.910305,1.262953,103.759862,42.197454,36.837512,1.232366
HeavyTruck_in,-0.093000,53.000000,7200.000000,105.899437,40.821377,35.636225,1.297108,105.755244,41.837497,36.523276,1.266872
HeavyTruck_in,-0.093000,54.000000,7200.000000,107.895128,40.478839,35.337196,1.332735,107.750626,41.458183,36.192143,1.302585
HeavyTruck_in,-0.093000,55.000000,7200.000000,109.890647,40.167656,35.065540,1.367900,109.730731,41.175226,35.945128,1.335824
HeavyTruck_in,-0.093000,56.000000,7200.000000,111.886059,39.900440,34.832266,1.402065,111.725835,40.875751,35.683692,1.370077
HeavyTruck_in,-0.093000,57.000000,7200.000000,113.881452,39.603445,34.572995,1.437772,113.705108,40.605109,35.447427,1.403838
HeavyTruck_in,-0.093000,58.000000,7200.000000,115.876586,39.370780,34.369883,1.471606,115.699934,40.342569,35.218235,1.437762
HeavyTruck_in,-0.093000,59.000000,7200.000000,117.871721,39.119726,34.150718,1.506551,117.694761,40.061833,34.973158,1.472800
HeavyTruck_in,-0.093000,60.000000,7200.000000,119.866691,38.786252,33.859602,1.545221,119.672922,39.749053,34.700108,1.509549
HeavyTruck_in,-0.093000,61.000000,7200.000000,121.861547,38.478618,33.591044,1.583497,121.667471,39.409529,34.403711,1.547930
HeavyTruck_in,-0.093000,62.000000,7200.000000,123.856355,38.147325,33.301832,1.623395,123.644798,39.096106,34.130098,1.585919
HeavyTruck_in,-0.093000,63.000000,7200.000000,125.850933,37.842759,33.035952,1.662814,125.639069,38.760488,33.837111,1.625452
HeavyTruck_in,-0.093000,64.000000,7200.000000,127.845511,37.434018,32.679129,1.707611,127.633340,38.316668,33.449665,1.670379
HeavyTruck_in,-0.093000,65.000000,7200.000000,129.839862,37.069629,32.361026,1.751297,129.609557,37.965229,33.142866,1.712183
HeavyTruck_in,-0.093000,66.000000,7200.000000,131.834162,36.714709,32.051188,1.795386,131.603551,37.578712,32.805444,1.756405
HeavyTruck_in,-0.093000,67.000000,7200.000000,133.828317,36.515299,31.877106,1.832497,133.578934,37.398447,32.648077,1.791612
HeavyTruck_in,-0.093000,68.000000,7200.000000,135.822340,36.445475,31.816152,1.863364,135.572650,37.311772,32.572411,1.822576
HeavyTruck_in,-0.093000,69.000000,7200.000000,137.816282,36.347743,31.730834,1.895802,137.547200,37.236561,32.506754,1.853115
HeavyTruck_in,-0.093000,70.000000,7200.000000,139.810028,36.286098,31.677019,1.926496,139.540638,37.158728,32.438807,1.883909
HeavyTruck_in,-0.093000,71.000000,7200.000000,141.803738,36.141156,31.550488,1.961804,141.514355,37.031877,32.328069,1.917367
HeavyTruck_in,-0.093000,72.000000,7200.000000,143.797205,36.030606,31.453980,1.995487,143.507515,36.902941,32.215511,1.951166
HeavyTruck_in,-0.093000,73.000000,7200.000000,145.790668,35.890201,31.331409,2.031065,145.480399,36.779232,32.107514,1.984920
HeavyTruck_in,-0.092000,10.000000,7200.000000,19.999076,10.030456,8.756382,0.996918,19.995483,10.043188,8.767497,0.995751
HeavyTruck_in,-0.092000,11.000000,7200.000000,21.998798,12.206477,10.656004,0.901112,21.995031,12.223928,10.671238,0.899921
HeavyTruck_in,-0.092000,12.000000,7200.000000,23.998138,12.970905,11.323334,0.925076,23.991246,13.008586,11.356229,0.922516
HeavyTruck_in,-0.092000,13.000000,7200.000000,25.995923,13.426722,11.721253,0.968067,25.986906,13.480692,11.768367,0.964392
HeavyTruck_in,-0.092000,14.000000,7200.000000,27.995129,13.286144,11.598531,1.053546,27.985899,13.341065,11.646476,1.049446
HeavyTruck_in,-0.092000,15.000000,7200.000000,29.994338,16.533401,14.433320,0.907083,29.980725,16.654937,14.539418,0.900681
HeavyTruck_in,-0.092000,16.000000,7200.000000,31.993361,17.302146,15.104418,0.924549,31.979440,17.427052,15.213459,0.918161
HeavyTruck_in,-0.092000,17.000000,7200.000000,33.992385,17.886493,15.614541,0.950225,33.978155,18.012152,15.724239,0.943856
HeavyTruck_in,-0.092000,18.000000,7200.000000,35.991279,18.264813,15.944807,0.985263,35.971870,18.409917,16.071480,0.977785
HeavyTruck_in,-0.092000,19.000000,7200.000000,37.989959,17.889910,15.617524,1.061771,37.970308,18.032255,15.741788,1.053722
HeavyTruck_in,-0.092000,20.000000,7200.000000,39.988675,22.042410,19.242572,0.907085,39.968745,22.257728,19.430540,0.898611
HeavyTruck_in,-0.092000,21.000000,7200.000000,41.987422,22.797871,19.902074,0.920863,41.967182,23.017347,20.093672,0.912403
HeavyTruck_in,-0.092000,22.000000,7200.000000,43.985955,23.546498,20.555609,0.934023,43.959509,23.823699,20.797601,0.923498
HeavyTruck_in,-0.092000,23.000000,7200.000000,45.984420,24.053076,20.997842,0.955895,45.957668,24.329763,21.239384,0.945393
HeavyTruck_in,-0.092000,24.000000,7200.000000,47.982885,24.416838,21.315398,0.982578,47.955828,24.689984,21.553849,0.972105
HeavyTruck_in,-0.092000,25.000000,7200.000000,49.981282,24.243927,21.164451,1.030800,49.947044,24.551978,21.433373,1.018301
HeavyTruck_in,-0.092000,26.000000,7200.000000,51.979474,23.879060,20.845929,1.088390,51.944925,24.165781,21.096231,1.075958
HeavyTruck_in,-0.092000,27.000000,7200.000000,53.977667,29.629605,25.866037,0.910874,53.942807,30.060150,26.241895,0.898246
HeavyTruck_in,-0.092000,28.000000,7200.000000,55.975861,30.381184,26.522150,0.921226,55.940689,30.817856,26.903356,0.908611
HeavyTruck_in,-0.092000,29.000000,7200.000000,57.973956,31.120901,27.167908,0.931431,57.930516,31.636328,27.617866,0.916715
HeavyTruck_in,-0.092000,30.000000,7200.000000,59.971871,31.864943,27.817441,0.941032,59.928120,32.387536,28.273654,0.926330
HeavyTruck_in,-0.092000,31.000000,7200.000000,61.969785,32.270859,28.171798,0.960151,61.925724,32.789451,28.624518,0.945475
HeavyTruck_in,-0.092000,32.000000,7200.000000,63.967454,32.636123,28.490666,0.980010,63.914439,33.220668,29.000961,0.963306
HeavyTruck_in,-0.092000,33.000000,7200.000000,65.965091,32.877285,28.701195,1.003202,65.911766,33.452261,29.203137,0.986532
HeavyTruck_in,-0.092000,34.000000,7200.000000,67.962727,32.458589,28.335682,1.046914,67.909092,33.001579,28.809702,1.030307
HeavyTruck_in,-0.092000,35.000000,7200.000000,69.960365,32.075694,28.001422,1.090551,69.906418,32.589946,28.450354,1.074007
HeavyTruck_in,-0.092000,36.000000,7200.000000,71.957734,39.410973,34.404970,0.912915,71.893745,40.269778,35.154690,0.894017
HeavyTruck_in,-0.092000,37.000000,7200.000000,73.955093,40.176001,35.072825,0.920389,73.890794,41.044642,35.831130,0.901504
HeavyTruck_in,-0.092000,38.000000,7200.000000,75.952451,40.883281,35.690265,0.928894,75.887842,41.759307,36.455018,0.910024
HeavyTruck_in,-0.092000,39.000000,7200.000000,77.949593,41.626600,36.339168,0.936295,77.874058,42.611114,37.198628,0.915302
HeavyTruck_in,-0.092000,40.000000,7200.000000,79.946674,42.363850,36.982772,0.943572,79.870829,43.358362,37.850961,0.922592
HeavyTruck_in,-0.092000,41.000000,7200.000000,81.943454,42.912572,37.461794,0.954772,81.856212,43.997700,38.409089,0.931915
HeavyTruck_in,-0.092000,42.000000,7200.000000,83.940257,43.322271,37.819454,0.968789,83.852705,44.401696,38.761769,0.945959
HeavyTruck_in,-0.092000,43.000000,7200.000000,85.937060,43.680284,38.131992,0.983705,85.849198,44.751845,39.067442,0.960904
HeavyTruck_in,-0.092000,44.000000,7200.000000,87.933793,44.016463,38.425469,0.998874,87.833470,45.176694,39.438327,0.974004
HeavyTruck_in,-0.092000,45.000000,7200.000000,89.930318,43.883131,38.309073,1.024657,89.829685,45.009583,39.292443,0.999839
HeavyTruck_in,-0.092000,46.000000,7200.000000,91.926843,43.456914,37.936994,1.057678,91.825900,44.536006,38.879020,1.032926
HeavyTruck_in,-0.092000,47.000000,7200.000000,93.923254,43.087121,37.614172,1.089923,93.809061,44.210793,38.595115,1.063144
HeavyTruck_in,-0.092000,48.000000,7200.000000,95.919501,42.762355,37.330659,1.121541,95.804998,43.844693,38.275517,1.094830
HeavyTruck_in,-0.092000,49.000000,7200.000000,97.915749,42.284329,36.913351,1.157826,97.800936,43.319411,37.816957,1.131192
HeavyTruck_in,-0.092000,50.000000,7200.000000,99.911811,41.897284,36.575469,1.192342,99.782986,42.969126,37.511165,1.163687
HeavyTruck_in,-0.092000,51.000000,7200.000000,101.907780,41.530986,36.255698,1.226889,101.778645,42.562114,37.155852,1.198311
HeavyTruck_in,-0.092000,52.000000,7200.000000,103.903745,41.127510,35.903473,1.263190,103.759862,42.189093,36.830212,1.232610
HeavyTruck_in,-0.092000,53.000000,7200.000000,105.899132,40.813852,35.629656,1.297343,105.755244,41.829185,36.516020,1.267124
HeavyTruck_in,-0.092000,54.000000,7200.000000,107.894823,40.459063,35.319932,1.333383,107.750626,41.437033,36.173680,1.303250
HeavyTruck_in,-0.092000,55.000000,7200.000000,109.890283,40.160501,35.059293,1.368139,109.730731,41.167264,35.938177,1.336083
HeavyTruck_in,-0.092000,56.000000,7200.000000,111.885695,39.879888,34.814324,1.402783,111.725835,40.853735,35.664473,1.370815
HeavyTruck_in,-0.092000,57.000000,7200.000000,113.881024,39.596648,34.567061,1.438013,113.705108,40.597495,35.440780,1.404101
HeavyTruck_in,-0.092000,58.000000,7200.000000,115.876158,39.364053,34.364010,1.471852,115.699934,40.335053,35.211673,1.438030
HeavyTruck_in,-0.092000,59.000000,7200.000000,117.871293,39.099580,34.133131,1.507322,117.694761,40.040247,34.954314,1.473594
HeavyTruck_in,-0.092000,60.000000,7200.000000,119.866195,38.778811,33.853106,1.545511,119.672922,39.740840,34.692938,1.509861
HeavyTruck_in,-0.092000,61.000000,7200.000000,121.861050,38.457662,33.572750,1.584353,121.667471,39.387141,34.384166,1.548810
HeavyTruck_in,-0.092000,62.000000,7200.000000,123.855786,38.140110,33.295534,1.623695,123.644798,39.088157,34.123159,1.586241
HeavyTruck_in,-0.092000,63.000000,7200.000000,125.850365,37.834428,33.028679,1.663173,125.639069,38.751388,33.829166,1.625833
HeavyTruck_in,-0.092000,64.000000,7200.000000,127.844916,37.416862,32.664153,1.708386,127.615564,38.344534,33.473992,1.669165
HeavyTruck_in,-0.092000,65.000000,7200.000000,129.839217,37.061834,32.354221,1.751657,129.609557,37.956719,33.135436,1.712566
HeavyTruck_in,-0.092000,66.000000,7200.000000,131.833517,36.693140,32.032358,1.796433,131.603551,37.555769,32.785415,1.757478
HeavyTruck_in,-0.092000,67.000000,7200.000000,133.827592,36.510020,31.872498,1.832752,133.578934,37.392585,32.642959,1.791893
HeavyTruck_in,-0.092000,68.000000,7200.000000,135.821614,36.425737,31.798921,1.864363,135.572650,37.290740,32.554050,1.823604
HeavyTruck_in,-0.092000,69.000000,7200.000000,137.815473,36.342416,31.726184,1.896069,137.547200,37.230747,32.501678,1.853404
HeavyTruck_in,-0.092000,70.000000,7200.000000,139.809218,36.272179,31.664868,1.927224,139.540638,37.143895,32.425858,1.884661
HeavyTruck_in,-0.092000,71.000000,7200.000000,141.802841,36.135254,31.545336,1.962112,141.514355,37.025569,32.322562,1.917694
HeavyTruck_in,-0.092000,72.000000,7200.000000,143.796308,36.022562,31.446957,1.995920,143.507515,36.894389,32.208045,1.951618
HeavyTruck_in,-0.092000,73.000000,7200.000000,145.789679,35.884324,31.326278,2.031384,145.480399,36.773005,32.102079,1.985256
HeavyTruck_in,-0.091000,10.000000,7200.000000,19.999076,10.028447,8.754628,0.997117,19.995483,10.041197,8.765759,0.995949
HeavyTruck_in,-0.091000,11.000000,7200.000000,21.998798,12.205851,10.655457,0.901158,21.995031,12.223333,10.670719,0.899965
HeavyTruck_in,-0.091000,12.000000,7200.000000,23.998133,12.970235,11.322749,0.925123,23.991246,13.007949,11.355673,0.922561
HeavyTruck_in,-0.091000,13.000000,7200.000000,25.995921,13.425258,11.719975,0.968172,25.986906,13.479450,11.767283,0.964481
HeavyTruck_in,-0.091000,14.000000,7200.000000,27.995127,13.283308,11.596055,1.053771,27.985899,13.338421,11.644168,1.049654
HeavyTruck_in,-0.091000,15.000000,7200.000000,29.994332,16.532740,14.432743,0.907119,29.980725,16.654279,14.538844,0.900716
HeavyTruck_in,-0.091000,16.000000,7200.000000,31.993355,17.301418,15.103783,0.924588,31.979440,17.426327,15.212826,0.918199
HeavyTruck_in,-0.091000,17.000000,7200.000000,33.992378,17.884539,15.612836,0.950329,33.978155,18.010186,15.722523,0.943959
HeavyTruck_in,-0.091000,18.000000,7200.000000,35.991276,18.262782,15.943034,0.985372,35.971870,18.408339,16.070102,0.977869
HeavyTruck_in,-0.091000,19.000000,7200.000000,37.989956,17.886097,15.614195,1.061997,37.970308,18.028824,15.738794,1.053923
HeavyTruck_in,-0.091000,20.000000,7200.000000,39.988675,22.041512,19.241788,0.907122,39.968745,22.256830,19.429756,0.898647
HeavyTruck_in,-0.091000,21.000000,7200.000000,41.987421,22.796910,19.901234,0.920902,41.967182,23.016386,20.092832,0.912441
HeavyTruck_in,-0.091000,22.000000,7200.000000,43.985954,23.545502,20.554740,0.934063,43.959509,23.822700,20.796728,0.923537
HeavyTruck_in,-0.091000,23.000000,7200.000000,45.984419,24.051026,20.996053,0.955976,45.957668,24.327686,21.237570,0.945474
HeavyTruck_in,-0.091000,24.000000,7200.000000,47.982885,24.414136,21.313040,0.982687,47.955828,24.687241,21.551455,0.972213
HeavyTruck_in,-0.091000,25.000000,7200.000000,49.981275,24.239297,21.160409,1.030997,49.947044,24.547251,21.429247,1.018497
HeavyTruck_in,-0.091000,26.000000,7200.000000,51.979468,23.874552,20.841994,1.088596,51.944925,24.161184,21.092218,1.076162
HeavyTruck_in,-0.091000,27.000000,7200.000000,53.977660,29.626772,25.863564,0.910961,53.942807,30.057268,26.239378,0.898332
HeavyTruck_in,-0.091000,28.000000,7200.000000,55.975854,30.378659,26.519946,0.921302,55.940689,30.815293,26.901118,0.908687
HeavyTruck_in,-0.091000,29.000000,7200.000000,57.973938,31.119601,27.166773,0.931470,57.930516,31.635026,27.616729,0.916753
HeavyTruck_in,-0.091000,30.000000,7200.000000,59.971852,31.863533,27.816210,0.941073,59.928120,32.386121,28.272419,0.926371
HeavyTruck_in,-0.091000,31.000000,7200.000000,61.969767,32.265084,28.166757,0.960322,61.925724,32.783529,28.619348,0.945646
HeavyTruck_in,-0.091000,32.000000,7200.000000,63.967418,32.633367,28.488260,0.980092,63.914439,33.217822,28.998477,0.963388
HeavyTruck_in,-0.091000,33.000000,7200.000000,65.965055,32.870973,28.695685,1.003394,65.911766,33.445734,29.197440,0.986724
HeavyTruck_in,-0.091000,34.000000,7200.000000,67.962691,32.448428,28.326811,1.047242,67.909092,32.991080,28.800536,1.030635
HeavyTruck_in,-0.091000,35.000000,7200.000000,69.960317,32.068387,27.995044,1.090799,69.896697,32.645714,28.499039,1.072172
HeavyTruck_in,-0.091000,36.000000,7200.000000,71.957676,39.409474,34.403662,0.912949,71.893745,40.268215,35.153326,0.894052
HeavyTruck_in,-0.091000,37.000000,7200.000000,73.955034,40.159287,35.058234,0.920771,73.890794,41.027186,35.815891,0.901888
HeavyTruck_in,-0.091000,38.000000,7200.000000,75.952393,40.875762,35.683701,0.929064,75.887842,41.751459,36.448167,0.910195
HeavyTruck_in,-0.091000,39.000000,7200.000000,77.949507,41.624948,36.337725,0.936332,77.874058,42.609357,37.197095,0.915340
HeavyTruck_in,-0.091000,40.000000,7200.000000,79.946588,42.354350,36.974479,0.943782,79.870829,43.348378,37.842245,0.922805
HeavyTruck_in,-0.091000,41.000000,7200.000000,81.943334,42.909285,37.458926,0.954844,81.856212,43.993996,38.405855,0.931994
HeavyTruck_in,-0.091000,42.000000,7200.000000,83.940137,43.318913,37.816522,0.968862,83.852705,44.397922,38.758475,0.946040
HeavyTruck_in,-0.091000,43.000000,7200.000000,85.936940,43.667577,38.120899,0.983990,85.849198,44.738254,39.055577,0.961196
HeavyTruck_in,-0.091000,44.000000,7200.000000,87.933634,44.012975,38.422424,0.998951,87.833470,45.172785,39.434914,0.974089
HeavyTruck_in,-0.091000,45.000000,7200.000000,89.930159,43.875050,38.302018,1.024844,89.829685,45.000851,39.284819,1.000033
HeavyTruck_in,-0.091000,46.000000,7200.000000,91.926684,43.452788,37.933392,1.057777,91.825900,44.531457,38.875049,1.033032
HeavyTruck_in,-0.091000,47.000000,7200.000000,93.923052,43.079326,37.607367,1.090117,93.809061,44.202364,38.587757,1.063347
HeavyTruck_in,-0.091000,48.000000,7200.000000,95.919299,42.754414,37.323726,1.121747,95.804998,43.836132,38.268043,1.095044
HeavyTruck_in,-0.091000,49.000000,7200.000000,97.915547,42.283069,36.912252,1.157858,97.800936,43.317895,37.815633,1.131231
HeavyTruck_in,-0.091000,50.000000,7200.000000,99.911561,41.889267,36.568470,1.192568,99.782986,42.960459,37.503599,1.163922
HeavyTruck_in,-0.091000,51.000000,7200.000000,101.907530,41.510828,36.238101,1.227481,101.778645,42.540704,37.137161,1.198914
HeavyTruck_in,-0.091000,52.000000,7200.000000,103.903443,41.119667,35.896626,1.263428,103.759862,42.180737,36.822918,1.232855
HeavyTruck_in,-0.091000,53.000000,7200.000000,105.898826,40.802993,35.620175,1.297685,105.755244,41.817361,36.505698,1.267482
HeavyTruck_in,-0.091000,54.000000,7200.000000,107.894506,40.441670,35.304748,1.333952,107.735627,41.482296,36.213193,1.301828
HeavyTruck_in,-0.091000,55.000000,7200.000000,109.889918,40.153348,35.053048,1.368378,109.730731,41.159299,35.931223,1.336341
HeavyTruck_in,-0.091000,56.000000,7200.000000,111.885331,39.860346,34.797264,1.403467,111.725835,40.832777,35.646176,1.371519
HeavyTruck_in,-0.091000,57.000000,7200.000000,113.880596,39.589854,34.561130,1.438255,113.705108,40.589879,35.434131,1.404364
HeavyTruck_in,-0.091000,58.000000,7200.000000,115.875730,39.356329,34.357268,1.472136,115.699934,40.326482,35.204191,1.438336
HeavyTruck_in,-0.091000,59.000000,7200.000000,117.870842,39.083854,34.119403,1.507922,117.678373,40.078508,34.987715,1.472188
HeavyTruck_in,-0.091000,60.000000,7200.000000,119.865698,38.771375,33.846615,1.545801,119.672922,39.732623,34.685765,1.510173
HeavyTruck_in,-0.091000,61.000000,7200.000000,121.860555,38.436807,33.554544,1.585207,121.667471,39.364852,34.364708,1.549687
HeavyTruck_in,-0.091000,62.000000,7200.000000,123.855218,38.132902,33.289241,1.623994,123.644798,39.080204,34.116216,1.586564
HeavyTruck_in,-0.091000,63.000000,7200.000000,125.849796,37.814249,33.011063,1.664053,125.639069,38.729829,33.810346,1.626738
HeavyTruck_in,-0.091000,64.000000,7200.000000,127.844271,37.408914,32.657214,1.708741,127.615564,38.335848,33.466409,1.669543
HeavyTruck_in,-0.091000,65.000000,7200.000000,129.838572,37.053837,32.347239,1.752026,129.609557,37.948005,33.127830,1.712960
HeavyTruck_in,-0.091000,66.000000,7200.000000,131.832843,36.676061,32.017448,1.797260,131.585219,37.580673,32.807156,1.756314
HeavyTruck_in,-0.091000,67.000000,7200.000000,133.826866,36.504731,31.867881,1.833007,133.578934,37.386720,32.637840,1.792174
HeavyTruck_in,-0.091000,68.000000,7200.000000,135.820888,36.405957,31.781653,1.865366,135.572650,37.269671,32.535658,1.824635
HeavyTruck_in,-0.091000,69.000000,7200.000000,137.814663,36.337085,31.721529,1.896336,137.547200,37.224931,32.496601,1.853693
HeavyTruck_in,-0.091000,70.000000,7200.000000,139.808408,36.251497,31.646813,1.928312,139.540638,37.121960,32.406709,1.885775
HeavyTruck_in,-0.091000,71.000000,7200.000000,141.801944,36.129349,31.540181,1.962420,141.514355,37.019258,32.317052,1.918021
HeavyTruck_in,-0.091000,72.000000,7200.000000,143.795411,36.000601,31.427786,1.997125,143.507515,36.871211,32.187811,1.952845
HeavyTruck_in,-0.091000,73.000000,7200.000000,145.788691,35.878449,31.321149,2.031703,145.480399,36.766776,32.096641,1.985592
HeavyTruck_in,-0.090000,10.000000,7200.000000,19.999076,10.026437,8.752874,0.997317,19.995483,10.039205,8.764020,0.996146
HeavyTruck_in,-0.090000,11.000000,7200.000000,21.998798,12.205225,10.654911,0.901204,21.995031,12.222737,10.670199,0.900009
HeavyTruck_in,-0.090000,12.000000,7200.000000,23.998127,12.969565,11.322164,0.925171,23.991246,13.007313,11.355117,0.922606
HeavyTruck_in,-0.090000,13.000000,7200.000000,25.995919,13.423791,11.718694,0.968278,25.986906,13.478207,11.766199,0.964570
HeavyTruck_in,-0.090000,14.000000,7200.000000,27.995126,13.280471,11.593579,1.053996,27.985899,13.335776,11.641859,1.049862
HeavyTruck_in,-0.090000,15.000000,7200.000000,29.994326,16.532073,14.432161,0.907156,29.980725,16.653616,14.538265,0.900752
HeavyTruck_in,-0.090000,16.000000,7200.000000,31.993349,17.300689,15.103146,0.924626,31.979440,17.425602,15.212193,0.918237
HeavyTruck_in,-0.090000,17.000000,7200.000000,33.992372,17.882586,15.611131,0.950432,33.978155,18.008219,15.720806,0.944062
HeavyTruck_in,-0.090000,18.000000,7200.000000,35.991273,18.260751,15.941261,0.985482,35.971870,18.406759,16.068723,0.977952
HeavyTruck_in,-0.090000,19.000000,7200.000000,37.989953,17.882283,15.610866,1.062223,37.970308,18.025393,15.735798,1.054123
HeavyTruck_in,-0.090000,20.000000,7200.000000,39.988674,22.040615,19.241005,0.907159,39.968745,22.255932,19.428972,0.898684
HeavyTruck_in,-0.090000,21.000000,7200.000000,41.987421,22.795948,19.900395,0.920940,41.967182,23.015424,20.091992,0.912479
HeavyTruck_in,-0.090000,22.000000,7200.000000,43.985953,23.544506,20.553871,0.934102,43.959509,23.821699,20.795855,0.923576
HeavyTruck_in,-0.090000,23.000000,7200.000000,45.984418,24.048976,20.994263,0.956058,45.957668,24.325607,21.235756,0.945555
HeavyTruck_in,-0.090000,24.000000,7200.000000,47.982884,24.411435,21.310681,0.982795,47.955828,24.684498,21.549060,0.972321
HeavyTruck_in,-0.090000,25.000000,7200.000000,49.981268,24.234666,21.156366,1.031194,49.947044,24.542523,21.425119,1.018693
HeavyTruck_in,-0.090000,26.000000,7200.000000,51.979461,23.870042,20.838057,1.088801,51.944925,24.156585,21.088203,1.076367
HeavyTruck_in,-0.090000,27.000000,7200.000000,53.977653,29.623936,25.861088,0.911048,53.942807,30.054381,26.236858,0.898418
HeavyTruck_in,-0.090000,28.000000,7200.000000,55.975847,30.376135,26.517742,0.921379,55.940689,30.812729,26.898880,0.908763
HeavyTruck_in,-0.090000,29.000000,7200.000000,57.973919,31.118301,27.165638,0.931508,57.930516,31.633722,27.615590,0.916791
HeavyTruck_in,-0.090000,30.000000,7200.000000,59.971834,31.862123,27.814979,0.941115,59.928120,32.384705,28.271183,0.926411
HeavyTruck_in,-0.090000,31.000000,7200.000000,61.969748,32.259326,28.161729,0.960494,61.925724,32.777622,28.614191,0.945816
HeavyTruck_in,-0.090000,32.000000,7200.000000,63.967382,32.630610,28.485853,0.980174,63.914439,33.214975,28.995992,0.963471
HeavyTruck_in,-0.090000,33.000000,7200.000000,65.965019,32.864616,28.690135,1.003587,65.911766,33.439160,29.191700,0.986918
HeavyTruck_in,-0.090000,34.000000,7200.000000,67.962655,32.438279,28.317952,1.047569,67.909092,32.980593,28.791381,1.030963
HeavyTruck_in,-0.090000,35.000000,7200.000000,69.960259,32.062390,27.989808,1.091002,69.896697,32.639515,28.493626,1.072376
HeavyTruck_in,-0.090000,36.000000,7200.000000,71.957617,39.407956,34.402337,0.912983,71.893745,40.266652,35.151961,0.894087
HeavyTruck_in,-0.090000,37.000000,7200.000000,73.954976,40.150365,35.050445,0.920975,73.890794,41.017888,35.807775,0.902092
HeavyTruck_in,-0.090000,38.000000,7200.000000,75.952335,40.868293,35.677181,0.929233,75.887842,41.743686,36.441381,0.910365
HeavyTruck_in,-0.090000,39.000000,7200.000000,77.949422,41.623276,36.336266,0.936368,77.874058,42.607601,37.195561,0.915377
HeavyTruck_in,-0.090000,40.000000,7200.000000,79.946503,42.345197,36.966488,0.943985,79.870829,43.338779,37.833865,0.923009
HeavyTruck_in,-0.090000,41.000000,7200.000000,81.943213,42.905976,37.456037,0.954916,81.856212,43.990290,38.402621,0.932072
HeavyTruck_in,-0.090000,42.000000,7200.000000,83.940016,43.315443,37.813493,0.968939,83.852705,44.394054,38.755098,0.946122
HeavyTruck_in,-0.090000,43.000000,7200.000000,85.936819,43.654876,38.109811,0.984275,85.849198,44.724691,39.043738,0.961488
HeavyTruck_in,-0.090000,44.000000,7200.000000,87.933475,44.009466,38.419361,0.999029,87.833470,45.168874,39.431500,0.974173
HeavyTruck_in,-0.090000,45.000000,7200.000000,89.930000,43.866709,38.294737,1.025037,89.829685,44.991864,39.276974,1.000233
HeavyTruck_in,-0.090000,46.000000,7200.000000,91.926525,43.434471,37.917402,1.058221,91.825900,44.512007,38.858069,1.033483
HeavyTruck_in,-0.090000,47.000000,7200.000000,93.922850,43.071513,37.600547,1.090313,93.809061,44.193933,38.580396,1.063550
HeavyTruck_in,-0.090000,48.000000,7200.000000,95.919097,42.736466,37.308058,1.122216,95.804998,43.817055,38.251390,1.095521
HeavyTruck_in,-0.090000,49.000000,7200.000000,97.915344,42.263910,36.895526,1.158380,97.800935,43.297586,37.797904,1.131762
HeavyTruck_in,-0.090000,50.000000,7200.000000,99.911311,41.881236,36.561459,1.192793,99.782986,42.951790,37.496031,1.164157
HeavyTruck_in,-0.090000,51.000000,7200.000000,101.907281,41.480108,36.211283,1.228387,101.778645,42.508199,37.108786,1.199831
HeavyTruck_in,-0.090000,52.000000,7200.000000,103.903142,41.111812,35.889768,1.263665,103.759862,42.172377,36.815620,1.233099
HeavyTruck_in,-0.090000,53.000000,7200.000000,105.898521,40.782233,35.602053,1.298341,105.755244,41.795139,36.486299,1.268156
HeavyTruck_in,-0.090000,54.000000,7200.000000,107.894142,40.434411,35.298411,1.334187,107.735627,41.474203,36.206129,1.302082
HeavyTruck_in,-0.090000,55.000000,7200.000000,109.889554,40.146182,35.046793,1.368618,109.730731,41.151332,35.924268,1.336600
HeavyTruck_in,-0.090000,56.000000,7200.000000,111.884967,39.840433,34.779881,1.404164,111.725835,40.811439,35.627549,1.372236
HeavyTruck_in,-0.090000,57.000000,7200.000000,113.880168,39.583049,34.555190,1.438497,113.705108,40.582260,35.427480,1.404628
HeavyTruck_in,-0.090000,58.000000,7200.000000,115.875302,39.335036,34.338679,1.472927,115.699934,40.303653,35.184262,1.439151
HeavyTruck_in,-0.090000,59.000000,7200.000000,117.870346,39.077182,34.113578,1.508174,117.678373,40.071077,34.981228,1.472461
HeavyTruck_in,-0.090000,60.000000,7200.000000,119.865202,38.763819,33.840019,1.546096,119.672922,39.724289,34.678489,1.510490
HeavyTruck_in,-0.090000,61.000000,7200.000000,121.860059,38.415434,33.535885,1.586082,121.667471,39.342027,34.344782,1.550586
HeavyTruck_in,-0.090000,62.000000,7200.000000,123.854649,38.125687,33.282942,1.624294,123.644798,39.072249,34.109272,1.586887
HeavyTruck_in,-0.090000,63.000000,7200.000000,125.849227,37.791972,32.991616,1.665026,125.639069,38.706071,33.789606,1.627737
HeavyTruck_in,-0.090000,64.000000,7200.000000,127.843626,37.400961,32.650271,1.709095,127.615564,38.327160,33.458824,1.669921
HeavyTruck_in,-0.090000,65.000000,7200.000000,129.837927,37.034892,32.330701,1.752914,129.609557,37.927792,33.110184,1.713873
HeavyTruck_in,-0.090000,66.000000,7200.000000,131.832118,36.668418,32.010777,1.797625,131.585219,37.572319,32.799863,1.756704
HeavyTruck_in,-0.090000,67.000000,7200.000000,133.826141,36.499179,31.863035,1.833276,133.578934,37.380580,32.632479,1.792468
HeavyTruck_in,-0.090000,68.000000,7200.000000,135.820108,36.395131,31.772203,1.865910,135.553762,37.299238,32.561469,1.823189
HeavyTruck_in,-0.090000,69.000000,7200.000000,137.813854,36.331686,31.716816,1.896607,137.547200,37.219043,32.491461,1.853987
HeavyTruck_in,-0.090000,70.000000,7200.000000,139.807580,36.234085,31.631613,1.929227,139.521195,37.142511,32.424650,1.884732
HeavyTruck_in,-0.090000,71.000000,7200.000000,141.801047,36.123446,31.535027,1.962729,141.514355,37.012944,32.311541,1.918348
HeavyTruck_in,-0.090000,72.000000,7200.000000,143.794514,35.979073,31.408992,1.998308,143.507515,36.848484,32.167971,1.954050
HeavyTruck_in,-0.090000,73.000000,7200.000000,145.787703,35.872578,31.316025,2.032022,145.480399,36.760545,32.091201,1.985929
