HeavyTruck_in,-0.009000,10.000000,7200.000000,19.999055,9.763188,8.523062,1.024207,19.995483,9.777106,8.535213,1.022851
HeavyTruck_in,-0.009000,11.000000,7200.000000,21.998481,11.994820,10.471232,0.916999,21.991976,12.032635,10.504243,0.914228
HeavyTruck_in,-0.009000,12.000000,7200.000000,23.996678,12.728630,11.111832,0.942626,23.987913,12.791072,11.166344,0.938203
HeavyTruck_in,-0.009000,13.000000,7200.000000,25.995834,13.166052,11.493694,0.987230,25.986906,13.228517,11.548224,0.982777
HeavyTruck_in,-0.009000,14.000000,7200.000000,27.994997,12.939961,11.296320,1.081727,27.982010,13.020672,11.366779,1.075269
HeavyTruck_in,-0.009000,15.000000,7200.000000,29.994019,16.223297,14.162606,0.924412,29.980725,16.343474,14.267518,0.917845
HeavyTruck_in,-0.009000,16.000000,7200.000000,31.993041,16.969305,14.813855,0.942674,31.979440,17.092720,14.921593,0.936120
HeavyTruck_in,-0.009000,17.000000,7200.000000,33.991968,17.485220,15.264238,0.972020,33.973433,17.646509,15.405040,0.963413
HeavyTruck_in,-0.009000,18.000000,7200.000000,35.990714,17.737720,15.484666,1.014525,35.971870,17.894402,15.621446,1.005953
HeavyTruck_in,-0.009000,19.000000,7200.000000,37.989443,17.369295,15.163038,1.093580,37.965030,17.544472,15.315964,1.083019
HeavyTruck_in,-0.009000,20.000000,7200.000000,39.987913,18.687549,16.313847,1.069908,39.963190,18.880972,16.482701,1.059323
HeavyTruck_in,-0.009000,21.000000,7200.000000,41.986378,19.410826,16.945252,1.081520,41.955517,19.648577,17.152805,1.068835
HeavyTruck_in,-0.009000,22.000000,7200.000000,43.984777,20.067676,17.518670,1.095911,43.953398,20.310456,17.730612,1.083242
HeavyTruck_in,-0.009000,23.000000,7200.000000,45.982763,20.385941,17.796508,1.127806,45.951280,20.625695,18.005809,1.115172
HeavyTruck_in,-0.009000,24.000000,7200.000000,47.980800,20.623306,18.003723,1.163266,47.942496,20.895475,18.241321,1.148634
HeavyTruck_in,-0.009000,25.000000,7200.000000,49.978714,20.182415,17.618834,1.238175,49.940100,20.431988,17.836706,1.223635
HeavyTruck_in,-0.009000,26.000000,7200.000000,51.976510,19.707745,17.204457,1.318682,51.930482,19.967390,17.431122,1.302191
HeavyTruck_in,-0.009000,27.000000,7200.000000,53.974146,18.308091,15.982587,1.474052,53.927808,18.522331,16.169615,1.457776
HeavyTruck_in,-0.009000,28.000000,7200.000000,55.971651,18.497341,16.147799,1.512965,55.917357,18.733941,16.354346,1.494691
HeavyTruck_in,-0.009000,29.000000,7200.000000,57.969009,18.633040,16.266262,1.555543,57.914406,18.864803,16.468586,1.537334
HeavyTruck_in,-0.009000,30.000000,7200.000000,59.966037,18.676983,16.304623,1.605346,59.903122,18.926085,16.522083,1.585197
HeavyTruck_in,-0.009000,31.000000,7200.000000,61.962620,18.585778,16.225002,1.666936,61.891282,18.843953,16.450385,1.645176
HeavyTruck_in,-0.009000,32.000000,7200.000000,63.959422,18.459494,16.114759,1.732426,63.887775,18.705859,16.329832,1.710783
HeavyTruck_in,-0.009000,33.000000,7200.000000,65.955971,18.064616,15.770039,1.825557,65.875102,18.312943,15.986824,1.802098
HeavyTruck_in,-0.009000,34.000000,7200.000000,67.952377,17.485693,15.264651,1.943085,67.861874,17.728850,15.476922,1.917878
HeavyTruck_in,-0.009000,35.000000,7200.000000,69.948640,16.925315,14.775453,2.066391,69.857811,17.145598,14.967756,2.041447
HeavyTruck_in,-0.009000,36.000000,7200.000000,71.944635,16.378988,14.298520,2.196248,71.843750,16.593549,14.485828,2.169631
HeavyTruck_in,-0.009000,37.000000,7200.000000,73.940440,15.895649,13.876576,2.325807,73.829132,16.105050,14.059378,2.297536
HeavyTruck_in,-0.009000,38.000000,7200.000000,75.936073,15.601577,13.619857,2.433602,75.813960,15.809931,13.801745,2.403678
HeavyTruck_in,-0.009000,39.000000,7200.000000,77.931493,15.505069,13.535607,2.513097,77.798232,15.717289,13.720871,2.481474
HeavyTruck_in,-0.009000,40.000000,7200.000000,79.925762,15.391845,13.436765,2.596367,79.781948,15.603692,13.621703,2.563630
HeavyTruck_in,-0.009000,41.000000,7200.000000,81.920575,15.219182,13.286033,2.691359,81.765109,15.431518,13.471399,2.657039
HeavyTruck_in,-0.009000,42.000000,7200.000000,83.915152,15.031861,13.122506,2.791243,83.747714,15.243753,13.307484,2.755371
HeavyTruck_in,-0.009000,43.000000,7200.000000,85.909457,14.837595,12.952916,2.894993,85.741707,15.038706,13.128482,2.859438
HeavyTruck_in,-0.009000,44.000000,7200.000000,87.903509,14.607515,12.752061,3.008845,87.723479,14.806533,12.925800,2.971817
HeavyTruck_in,-0.009000,45.000000,7200.000000,89.897292,14.256729,12.445832,3.152802,89.704696,14.449654,12.614252,3.114424
HeavyTruck_in,-0.009000,46.000000,7200.000000,91.890817,13.919734,12.151642,3.300739,91.685357,14.106540,12.314720,3.261070
HeavyTruck_in,-0.009000,47.000000,7200.000000,93.884065,13.595504,11.868596,3.452761,93.665462,13.776266,12.026398,3.411843
HeavyTruck_in,-0.009000,48.000000,7200.000000,95.877024,13.281712,11.594662,3.609362,95.645012,13.456443,11.747199,3.567251
HeavyTruck_in,-0.009000,49.000000,7200.000000,97.869682,12.976460,11.328184,3.771047,97.610397,13.151340,11.480850,3.726052
HeavyTruck_in,-0.009000,50.000000,7200.000000,99.861995,12.681738,11.070897,3.937236,99.588558,12.850119,11.217891,3.891219
HeavyTruck_in,-0.009000,51.000000,7200.000000,101.853987,12.396172,10.821604,4.108284,101.566164,12.558190,10.963042,4.061308
HeavyTruck_in,-0.009000,52.000000,7200.000000,103.844361,12.116791,10.577710,4.285143,103.528771,12.274620,10.715491,4.236606
HeavyTruck_in,-0.009000,53.000000,7200.000000,105.835457,11.845500,10.340878,4.467328,105.504988,11.996825,10.472982,4.418068
HeavyTruck_in,-0.009000,54.000000,7200.000000,107.826193,11.580861,10.109854,4.655362,107.465651,11.729948,10.240004,4.603843
HeavyTruck_in,-0.009000,55.000000,7200.000000,109.816516,11.326914,9.888164,4.847592,109.440479,11.469748,10.012855,4.795475
HeavyTruck_in,-0.009000,56.000000,7200.000000,111.806492,11.091643,9.682777,5.040123,111.414751,11.228706,9.802430,4.987480
HeavyTruck_in,-0.009000,57.000000,7200.000000,113.796043,10.864369,9.484371,5.237122,113.372637,10.999142,9.602025,5.182495
HeavyTruck_in,-0.009000,58.000000,7200.000000,115.785188,10.644721,9.292623,5.438620,115.345521,10.773960,9.405446,5.383634
HeavyTruck_in,-0.009000,59.000000,7200.000000,117.773902,10.420382,9.096779,5.651132,117.301461,10.546734,9.207083,5.594444
HeavyTruck_in,-0.009000,60.000000,7200.000000,119.762171,10.194041,8.899189,5.874126,119.256291,10.317070,9.006590,5.815912
HeavyTruck_in,-0.009000,61.000000,7200.000000,121.749965,9.972038,8.705385,6.104568,121.226953,10.089170,8.807639,6.046406
HeavyTruck_in,-0.009000,62.000000,7200.000000,123.737268,9.754394,8.515385,6.342643,123.179839,9.867986,8.614549,6.283276
HeavyTruck_in,-0.009000,63.000000,7200.000000,125.724047,9.523013,8.313395,6.601064,125.131614,9.632450,8.408931,6.540738
HeavyTruck_in,-0.009000,64.000000,7200.000000,127.710307,9.297921,8.116894,6.867681,127.082277,9.403136,8.208744,6.806600
HeavyTruck_in,-0.009000,65.000000,7200.000000,129.696003,9.078958,7.925744,7.142670,129.031830,9.179930,8.013890,7.081039
HeavyTruck_in,-0.009000,66.000000,7200.000000,131.681105,8.850176,7.726022,7.439463,130.980271,8.946462,7.810078,7.377608
HeavyTruck_in,-0.009000,67.000000,7200.000000,133.665571,8.611373,7.517552,7.760990,132.908993,8.703887,7.598314,7.698119
HeavyTruck_in,-0.009000,68.000000,7200.000000,135.649352,8.381197,7.316613,8.092481,134.854934,8.468590,7.392906,8.030098
HeavyTruck_in,-0.009000,69.000000,7200.000000,137.632400,8.159270,7.122875,8.434112,136.780600,8.242733,7.195737,8.371455
HeavyTruck_in,-0.009000,70.000000,7200.000000,139.614705,7.927597,6.920629,8.805613,138.704599,8.006622,6.989617,8.743228
HeavyTruck_in,-0.009000,71.000000,7200.000000,141.596131,7.699439,6.721452,9.195224,140.626932,7.773871,6.786430,9.133645
HeavyTruck_in,-0.009000,72.000000,7200.000000,143.576589,7.481660,6.531336,9.595236,142.527600,7.552278,6.592983,9.534056
HeavyTruck_in,-0.008000,10.000000,7200.000000,19.999055,9.751602,8.512949,1.025424,19.995483,9.765539,8.525115,1.024062
HeavyTruck_in,-0.008000,11.000000,7200.000000,21.998475,11.972097,10.451395,0.918739,21.991976,12.009836,10.484340,0.915964
HeavyTruck_in,-0.008000,12.000000,7200.000000,23.996676,12.705653,11.091774,0.944331,23.987913,12.768151,11.146333,0.939887
HeavyTruck_in,-0.008000,13.000000,7200.000000,25.995833,13.143946,11.474395,0.988890,25.986906,13.206267,11.528800,0.984432
HeavyTruck_in,-0.008000,14.000000,7200.000000,27.994992,12.920317,11.279171,1.083371,27.982010,13.000843,11.349469,1.076909
HeavyTruck_in,-0.008000,15.000000,7200.000000,29.994014,14.975750,13.073523,1.001419,29.980725,15.077667,13.162494,0.994901
HeavyTruck_in,-0.008000,16.000000,7200.000000,31.993036,16.047534,14.009168,0.996821,31.979440,16.157579,14.105235,0.990299
HeavyTruck_in,-0.008000,17.000000,7200.000000,33.991952,16.861602,14.719833,1.007969,33.973433,17.011311,14.850526,0.999387
HeavyTruck_in,-0.008000,18.000000,7200.000000,35.990697,17.364053,15.158462,1.036356,35.971870,17.514083,15.289435,1.027798
HeavyTruck_in,-0.008000,19.000000,7200.000000,37.989409,17.194530,15.010472,1.104695,37.965030,17.366173,15.160313,1.094138
HeavyTruck_in,-0.008000,20.000000,7200.000000,39.987879,16.303858,14.232934,1.226332,39.963190,16.449669,14.360224,1.215893
HeavyTruck_in,-0.008000,21.000000,7200.000000,41.986349,16.933941,14.782983,1.239710,41.961349,17.084005,14.913985,1.229284
HeavyTruck_in,-0.008000,22.000000,7200.000000,43.984722,17.495802,15.273477,1.257008,43.953398,17.678500,15.432968,1.244514
HeavyTruck_in,-0.008000,23.000000,7200.000000,45.982707,17.793815,15.533635,1.292098,45.951280,17.974699,15.691543,1.279643
HeavyTruck_in,-0.008000,24.000000,7200.000000,47.980719,18.027561,15.737691,1.330760,47.942496,18.233379,15.917365,1.316336
HeavyTruck_in,-0.008000,25.000000,7200.000000,49.978633,17.667999,15.423801,1.414383,49.940100,17.857273,15.589032,1.400063
HeavyTruck_in,-0.008000,26.000000,7200.000000,51.976399,17.283076,15.087771,1.503679,51.930482,17.480549,15.260161,1.487445
HeavyTruck_in,-0.008000,27.000000,7200.000000,53.974035,16.862481,14.720600,1.600418,53.927808,17.042923,14.878122,1.584318
HeavyTruck_in,-0.008000,28.000000,7200.000000,55.971507,16.209102,14.150214,1.726546,55.917357,16.388532,14.306853,1.708601
HeavyTruck_in,-0.008000,29.000000,7200.000000,57.968865,16.361718,14.283444,1.771479,57.914406,16.538254,14.437556,1.753602
HeavyTruck_in,-0.008000,30.000000,7200.000000,59.965857,16.439040,14.350944,1.823886,59.903122,16.629664,14.517356,1.804099
HeavyTruck_in,-0.008000,31.000000,7200.000000,61.962386,16.404012,14.320366,1.888635,61.891282,16.602462,14.493608,1.867290
HeavyTruck_in,-0.008000,32.000000,7200.000000,63.959150,16.375416,14.295402,1.952902,63.878887,16.583696,14.477226,1.929707
HeavyTruck_in,-0.008000,33.000000,7200.000000,65.955690,16.118020,14.070701,2.046023,65.875102,16.313184,14.241075,2.023009
HeavyTruck_in,-0.008000,34.000000,7200.000000,67.952061,15.708656,13.713334,2.162886,67.861874,15.902348,13.882423,2.138161
HeavyTruck_in,-0.008000,35.000000,7200.000000,69.948266,15.319242,13.373384,2.283020,69.848090,15.510839,13.540645,2.256604
HeavyTruck_in,-0.008000,36.000000,7200.000000,71.944247,14.951199,13.052090,2.405969,71.843750,15.127881,13.206329,2.379836
HeavyTruck_in,-0.008000,37.000000,7200.000000,73.940015,14.598325,12.744039,2.532483,73.829132,14.772907,12.896445,2.504716
HeavyTruck_in,-0.008000,38.000000,7200.000000,75.935564,14.201227,12.397379,2.673557,75.813960,14.371545,12.546063,2.644252
HeavyTruck_in,-0.008000,39.000000,7200.000000,77.930922,14.162655,12.363707,2.751282,77.798232,14.337385,12.516243,2.720303
HeavyTruck_in,-0.008000,40.000000,7200.000000,79.925089,14.108195,12.316164,2.832577,79.781948,14.283682,12.469361,2.800545
HeavyTruck_in,-0.008000,41.000000,7200.000000,81.919821,13.983355,12.207182,2.929191,81.765109,14.160068,12.361449,2.895618
HeavyTruck_in,-0.008000,42.000000,7200.000000,83.914313,13.837372,12.079742,3.032162,83.747714,14.014347,12.234237,2.997086
HeavyTruck_in,-0.008000,43.000000,7200.000000,85.908559,13.682763,11.944771,3.139299,85.729764,13.859411,12.098981,3.102747
HeavyTruck_in,-0.008000,44.000000,7200.000000,87.902543,13.496859,11.782481,3.256407,87.711258,13.671938,11.935321,3.218439
HeavyTruck_in,-0.008000,45.000000,7200.000000,89.896254,13.207798,11.530137,3.403151,89.692197,13.378026,11.678743,3.363901
HeavyTruck_in,-0.008000,46.000000,7200.000000,91.889684,12.927935,11.285822,3.553920,91.672580,13.093267,11.430153,3.513440
HeavyTruck_in,-0.008000,47.000000,7200.000000,93.882823,12.656878,11.049195,3.708767,93.652408,12.817331,11.189267,3.667102
HeavyTruck_in,-0.008000,48.000000,7200.000000,95.875663,12.393784,10.819519,3.867893,95.631680,12.549354,10.955329,3.825099
HeavyTruck_in,-0.008000,49.000000,7200.000000,97.868195,12.134801,10.593433,4.032542,97.610397,12.285411,10.724911,3.988680
HeavyTruck_in,-0.008000,50.000000,7200.000000,99.860410,11.880772,10.371670,4.202606,99.588558,12.026353,10.498759,4.157755
HeavyTruck_in,-0.008000,51.000000,7200.000000,101.852298,11.632202,10.154673,4.378032,101.566164,11.772751,10.277370,4.332265
HeavyTruck_in,-0.008000,52.000000,7200.000000,103.842341,11.387031,9.940645,4.559676,103.514328,11.528016,10.063721,4.510987
HeavyTruck_in,-0.008000,53.000000,7200.000000,105.833228,11.148572,9.732474,4.746493,105.490267,11.284060,9.850752,4.697138
HeavyTruck_in,-0.008000,54.000000,7200.000000,107.823774,10.915373,9.528896,4.939079,107.465651,11.045446,9.642448,4.889150
HeavyTruck_in,-0.008000,55.000000,7200.000000,109.813930,10.692067,9.333955,5.135300,109.425202,10.820282,9.445884,5.083314
HeavyTruck_in,-0.008000,56.000000,7200.000000,111.803663,10.487470,9.155346,5.330345,111.399197,10.610833,9.263039,5.277903
HeavyTruck_in,-0.008000,57.000000,7200.000000,113.793024,10.288221,8.981405,5.530258,113.356805,10.409677,9.087434,5.475963
HeavyTruck_in,-0.008000,58.000000,7200.000000,115.781918,10.093304,8.811247,5.735581,115.329411,10.209977,8.913100,5.681017
HeavyTruck_in,-0.008000,59.000000,7200.000000,117.770388,9.891120,8.634744,5.953340,117.285074,10.005243,8.734372,5.897219
HeavyTruck_in,-0.008000,60.000000,7200.000000,119.758387,9.685849,8.455548,6.182131,119.239626,9.797014,8.552592,6.124638
HeavyTruck_in,-0.008000,61.000000,7200.000000,121.745897,9.484171,8.279486,6.418373,121.210010,9.590123,8.371980,6.361047
HeavyTruck_in,-0.008000,62.000000,7200.000000,123.732895,9.285961,8.106454,6.662363,123.162618,9.388755,8.196191,6.603993
HeavyTruck_in,-0.008000,63.000000,7200.000000,125.719345,9.073720,7.921172,6.927662,125.114115,9.172783,8.007651,6.868508
HeavyTruck_in,-0.008000,64.000000,7200.000000,127.705256,8.862551,7.736826,7.204768,127.064501,8.957702,7.819890,7.145067
HeavyTruck_in,-0.008000,65.000000,7200.000000,129.690580,8.657380,7.557715,7.490175,129.013776,8.748617,7.637363,7.430139
HeavyTruck_in,-0.008000,66.000000,7200.000000,131.675259,8.447503,7.374497,7.793739,130.943608,8.535870,7.451640,7.732486
HeavyTruck_in,-0.008000,67.000000,7200.000000,133.659276,8.227646,7.182566,8.122571,132.890383,8.311292,7.255587,8.061750
HeavyTruck_in,-0.008000,68.000000,7200.000000,135.642619,8.015460,6.997332,8.461313,134.817160,8.095574,7.067270,8.400098
HeavyTruck_in,-0.008000,69.000000,7200.000000,137.625144,7.810523,6.818427,8.810238,136.742270,7.886968,6.885161,8.749074
HeavyTruck_in,-0.008000,70.000000,7200.000000,139.606867,7.595402,6.630630,9.190223,138.665714,7.667706,6.693750,9.129683
HeavyTruck_in,-0.008000,71.000000,7200.000000,141.587652,7.384455,6.446477,9.586873,140.567771,7.453216,6.506504,9.526597
HeavyTruck_in,-0.008000,72.000000,7200.000000,143.567380,7.182955,6.270573,9.993615,142.467605,7.248068,6.327415,9.934212
HeavyTruck_in,-0.007000,10.000000,7200.000000,19.999054,9.738900,8.501860,1.026761,19.995483,9.752852,8.514040,1.025394
HeavyTruck_in,-0.007000,11.000000,7200.000000,21.998469,11.369469,9.925313,0.967436,21.991976,11.403395,9.954930,0.964675
HeavyTruck_in,-0.007000,12.000000,7200.000000,23.996674,12.622801,11.019447,0.950529,23.987913,12.684740,11.073518,0.946068
HeavyTruck_in,-0.007000,13.000000,7200.000000,25.995833,13.117921,11.451676,0.990852,25.986906,13.180061,11.505923,0.986390
HeavyTruck_in,-0.007000,14.000000,7200.000000,27.994987,12.897851,11.259559,1.085258,27.982010,12.978155,11.329663,1.078792
HeavyTruck_in,-0.007000,15.000000,7200.000000,29.994009,13.416387,11.712231,1.117812,29.980725,13.497570,11.783101,1.111369
HeavyTruck_in,-0.007000,16.000000,7200.000000,31.993031,14.339502,12.518091,1.115556,31.979440,14.426722,12.594232,1.109111
HeavyTruck_in,-0.007000,17.000000,7200.000000,33.991935,15.045313,13.134250,1.129652,33.973433,15.163579,13.237493,1.121166
HeavyTruck_in,-0.007000,18.000000,7200.000000,35.990681,15.482259,13.515694,1.162320,35.971870,15.600613,13.619015,1.153861
HeavyTruck_in,-0.007000,19.000000,7200.000000,37.989375,15.324927,13.378347,1.239463,37.965030,15.460121,13.496368,1.229032
HeavyTruck_in,-0.007000,20.000000,7200.000000,39.987845,14.458927,12.622347,1.382808,39.963190,14.572535,12.721524,1.372516
HeavyTruck_in,-0.007000,21.000000,7200.000000,41.986315,15.011178,13.104450,1.398502,41.961349,15.128021,13.206452,1.388225
HeavyTruck_in,-0.007000,22.000000,7200.000000,43.984668,15.507685,13.537891,1.418157,43.953398,15.649836,13.661986,1.405839
HeavyTruck_in,-0.007000,23.000000,7200.000000,45.982652,15.785922,13.780786,1.456445,45.951280,15.926947,13.903898,1.444169
HeavyTruck_in,-0.007000,24.000000,7200.000000,47.980637,16.011662,13.977853,1.498303,47.942496,16.172400,14.118173,1.484087
HeavyTruck_in,-0.007000,25.000000,7200.000000,49.978552,15.709823,13.714353,1.590678,49.940100,15.857957,13.843671,1.576578
HeavyTruck_in,-0.007000,26.000000,7200.000000,51.976289,15.388891,13.434186,1.688760,51.930482,15.543776,13.569398,1.672782
HeavyTruck_in,-0.007000,27.000000,7200.000000,53.973925,15.048308,13.136864,1.793355,53.927808,15.190473,13.260971,1.777522
HeavyTruck_in,-0.007000,28.000000,7200.000000,55.971364,14.562762,12.712992,1.921729,55.917357,14.706000,12.838036,1.904084
HeavyTruck_in,-0.007000,29.000000,7200.000000,57.968696,14.748175,12.874854,1.965284,57.906351,14.905055,13.011807,1.945750
HeavyTruck_in,-0.007000,30.000000,7200.000000,59.965678,14.873753,12.984481,2.015822,59.903122,15.028183,13.119296,1.996353
HeavyTruck_in,-0.007000,31.000000,7200.000000,61.962154,14.899745,13.007172,2.079302,61.891282,15.061637,13.148500,2.058317
HeavyTruck_in,-0.007000,32.000000,7200.000000,63.958867,14.898194,13.005818,2.146531,63.878887,15.068635,13.154609,2.123727
HeavyTruck_in,-0.007000,33.000000,7200.000000,65.955409,14.703988,12.836280,2.242773,65.875102,14.864593,12.976484,2.220156
HeavyTruck_in,-0.007000,34.000000,7200.000000,67.951729,14.382827,12.555913,2.362252,67.861874,14.543357,12.696052,2.337959
HeavyTruck_in,-0.007000,35.000000,7200.000000,69.947878,14.074181,12.286472,2.484971,69.848090,14.234042,12.426027,2.459022
HeavyTruck_in,-0.007000,36.000000,7200.000000,71.943860,13.780670,12.030242,2.610318,71.843750,13.929076,12.159797,2.584657
HeavyTruck_in,-0.007000,37.000000,7200.000000,73.939570,13.496472,11.782144,2.739218,73.829132,13.643984,11.910918,2.711960
HeavyTruck_in,-0.007000,38.000000,7200.000000,75.935057,13.070472,11.410254,2.904832,75.813960,13.212910,11.534600,2.876125
HeavyTruck_in,-0.007000,39.000000,7200.000000,77.930352,13.056228,11.397819,2.984413,77.798232,13.202834,11.525803,2.954066
HeavyTruck_in,-0.007000,40.000000,7200.000000,79.924425,13.027441,11.372689,3.067541,79.781948,13.174894,11.501412,3.036236
HeavyTruck_in,-0.007000,41.000000,7200.000000,81.919068,12.932515,11.289820,3.167175,81.765109,13.081548,11.419923,3.134350
HeavyTruck_in,-0.007000,42.000000,7200.000000,83.913477,12.818173,11.190002,3.273223,83.747714,12.967876,11.320690,3.238942
HeavyTruck_in,-0.007000,43.000000,7200.000000,85.907635,12.695897,11.083257,3.383283,85.729764,12.845805,11.214124,3.347571
HeavyTruck_in,-0.007000,44.000000,7200.000000,87.901530,12.544292,10.950910,3.503646,87.711258,12.693351,11.081035,3.466563
HeavyTruck_in,-0.007000,45.000000,7200.000000,89.895150,12.312011,10.748133,3.650709,89.692197,12.457815,10.875417,3.612380
HeavyTruck_in,-0.007000,46.000000,7200.000000,91.888485,12.081320,10.546745,3.802916,91.672580,12.223639,10.670986,3.763397
HeavyTruck_in,-0.007000,47.000000,7200.000000,93.881527,11.852416,10.346916,3.960438,93.652408,11.991095,10.467980,3.919781
HeavyTruck_in,-0.007000,48.000000,7200.000000,95.874266,11.624202,10.147690,4.123908,95.631680,11.759050,10.265409,4.082176
HeavyTruck_in,-0.007000,49.000000,7200.000000,97.866694,11.397954,9.950180,4.293169,97.610397,11.528856,10.064455,4.250428
HeavyTruck_in,-0.007000,50.000000,7200.000000,99.858775,11.174815,9.755384,4.468028,99.574670,11.305857,9.869782,4.422718
HeavyTruck_in,-0.007000,51.000000,7200.000000,101.850494,10.955876,9.564255,4.648213,101.551998,11.082519,9.674812,4.602083
HeavyTruck_in,-0.007000,52.000000,7200.000000,103.840192,10.740084,9.375873,4.834236,103.514328,10.863307,9.483444,4.787007
HeavyTruck_in,-0.007000,53.000000,7200.000000,105.830936,10.529035,9.191632,5.025671,105.475546,10.650977,9.298084,4.976331
HeavyTruck_in,-0.007000,54.000000,7200.000000,107.821253,10.322774,9.011570,5.222494,107.450652,10.440088,9.113983,5.172642
HeavyTruck_in,-0.007000,55.000000,7200.000000,109.811217,10.126469,8.840200,5.421989,109.425202,10.239370,8.938760,5.371707
HeavyTruck_in,-0.007000,56.000000,7200.000000,111.800728,9.946246,8.682868,5.620248,111.383643,10.057811,8.780263,5.568105
HeavyTruck_in,-0.007000,57.000000,7200.000000,113.789846,9.769329,8.528424,5.823831,113.356803,9.876817,8.622259,5.771394
HeavyTruck_in,-0.007000,58.000000,7200.000000,115.778498,9.595870,8.376998,6.032725,115.313301,9.701649,8.469340,5.978680
HeavyTruck_in,-0.007000,59.000000,7200.000000,117.766684,9.412806,8.217186,6.255663,117.268687,9.516314,8.307547,6.200206
HeavyTruck_in,-0.007000,60.000000,7200.000000,119.754416,9.225778,8.053915,6.490207,119.222961,9.326627,8.141954,6.433533
HeavyTruck_in,-0.007000,61.000000,7200.000000,121.741633,9.039561,7.891351,6.733824,121.193067,9.135715,7.975292,6.677443
HeavyTruck_in,-0.007000,62.000000,7200.000000,123.728308,8.852586,7.728126,6.988258,123.145397,8.945753,7.809459,6.931029
HeavyTruck_in,-0.007000,63.000000,7200.000000,125.714410,8.654133,7.554880,7.263259,125.079118,8.745367,7.634526,7.204196
HeavyTruck_in,-0.007000,64.000000,7200.000000,127.699934,8.461026,7.386302,7.546363,127.028949,8.548643,7.462790,7.486964
HeavyTruck_in,-0.007000,65.000000,7200.000000,129.684840,8.273084,7.222232,7.837757,128.977668,8.357085,7.295564,7.778243
HeavyTruck_in,-0.007000,66.000000,7200.000000,131.669128,8.079789,7.053490,8.148055,130.925276,8.159901,7.123426,8.088762
HeavyTruck_in,-0.007000,67.000000,7200.000000,133.652666,7.876579,6.876092,8.484182,132.853164,7.953478,6.943223,8.424435
HeavyTruck_in,-0.007000,68.000000,7200.000000,135.635452,7.679518,6.704061,8.830988,134.779385,7.753064,6.768266,8.771192
HeavyTruck_in,-0.007000,69.000000,7200.000000,137.617454,7.489154,6.537878,9.187783,136.703940,7.559269,6.599087,9.128352
HeavyTruck_in,-0.007000,70.000000,7200.000000,139.598553,7.289699,6.363758,9.575056,138.626828,7.355967,6.421608,9.516591
HeavyTruck_in,-0.007000,71.000000,7200.000000,141.578618,7.094185,6.193078,9.978498,140.528330,7.157134,6.248031,9.920702
HeavyTruck_in,-0.007000,72.000000,7200.000000,143.557532,6.907102,6.029758,10.392024,142.407611,6.967161,6.082189,10.334747
HeavyTruck_in,-0.006000,10.000000,7200.000000,19.999054,9.724863,8.489606,1.028243,19.995483,9.738826,8.501796,1.026871
HeavyTruck_in,-0.006000,11.000000,7200.000000,21.998462,10.442283,9.115899,1.053336,21.991976,10.470698,9.140705,1.050605
HeavyTruck_in,-0.006000,12.000000,7200.000000,23.996672,11.550619,10.083453,1.038761,23.987913,11.602338,10.128603,1.034328
HeavyTruck_in,-0.006000,13.000000,7200.000000,25.995832,12.378219,10.805931,1.050064,25.986906,12.433359,10.854067,1.045629
HeavyTruck_in,-0.006000,14.000000,7200.000000,27.994981,12.526157,10.935078,1.117461,27.982010,12.601783,11.001098,1.111012
HeavyTruck_in,-0.006000,15.000000,7200.000000,29.994004,12.150792,10.607392,1.234241,29.980725,12.216887,10.665092,1.227873
HeavyTruck_in,-0.006000,16.000000,7200.000000,31.993026,12.959692,11.313545,1.234328,31.979440,13.030418,11.375288,1.227960
HeavyTruck_in,-0.006000,17.000000,7200.000000,33.991919,13.581847,11.856674,1.251373,33.973433,13.677489,11.940167,1.242983
HeavyTruck_in,-0.006000,18.000000,7200.000000,35.990664,13.967749,12.193559,1.288349,35.971870,14.063352,12.277018,1.279989
HeavyTruck_in,-0.006000,19.000000,7200.000000,37.989341,13.821443,12.065836,1.374290,37.965030,13.930502,12.161042,1.363984
HeavyTruck_in,-0.006000,20.000000,7200.000000,39.987811,13.638178,11.905850,1.466025,39.963190,13.738789,11.993681,1.455808
HeavyTruck_in,-0.006000,21.000000,7200.000000,41.986281,13.480165,11.767908,1.557336,41.961349,13.573546,11.849427,1.547208
HeavyTruck_in,-0.006000,22.000000,7200.000000,43.984613,13.924921,12.156171,1.579349,43.953398,14.038454,12.255282,1.567206
HeavyTruck_in,-0.006000,23.000000,7200.000000,45.982597,14.184845,12.383078,1.620835,45.951280,14.297665,12.481568,1.608738
HeavyTruck_in,-0.006000,24.000000,7200.000000,47.980556,14.400904,12.571693,1.665887,47.942496,14.529658,12.684093,1.651880
HeavyTruck_in,-0.006000,25.000000,7200.000000,49.978470,14.141735,12.345444,1.767056,49.940100,14.260587,12.449200,1.753175
HeavyTruck_in,-0.006000,26.000000,7200.000000,51.976178,13.868287,12.106730,1.873922,51.930482,13.992761,12.215394,1.858200
HeavyTruck_in,-0.006000,27.000000,7200.000000,53.973814,13.586096,11.860383,1.986362,53.927808,13.700760,11.960482,1.970796
HeavyTruck_in,-0.006000,28.000000,7200.000000,55.971221,13.299414,11.610115,2.104274,55.917357,13.417672,11.713352,2.086909
HeavyTruck_in,-0.006000,29.000000,7200.000000,57.968515,13.482162,11.769651,2.149823,57.906351,13.611914,11.882922,2.130598
HeavyTruck_in,-0.006000,30.000000,7200.000000,59.965500,13.611197,11.882296,2.202800,59.903122,13.739239,11.994074,2.183641
HeavyTruck_in,-0.006000,31.000000,7200.000000,61.961921,13.650448,11.916561,2.269593,61.891282,13.784838,12.033881,2.248965
HeavyTruck_in,-0.006000,32.000000,7200.000000,63.958605,13.665943,11.930088,2.340073,63.878887,13.807744,12.053877,2.317661
HeavyTruck_in,-0.006000,33.000000,7200.000000,65.955129,13.517994,11.800932,2.439531,65.875102,13.652240,11.918126,2.417312
HeavyTruck_in,-0.006000,34.000000,7200.000000,67.951397,13.264336,11.579494,2.561432,67.861874,13.399344,11.697353,2.537570
HeavyTruck_in,-0.006000,35.000000,7200.000000,69.947489,13.016362,11.363017,2.686906,69.848090,13.151548,11.481032,2.661423
HeavyTruck_in,-0.006000,36.000000,7200.000000,71.943423,12.779208,11.155987,2.814862,71.833750,12.914117,11.273759,2.787793
HeavyTruck_in,-0.006000,37.000000,7200.000000,73.939127,12.549974,10.955870,2.945788,73.829132,12.676077,11.065956,2.919036
HeavyTruck_in,-0.006000,38.000000,7200.000000,75.934579,12.325615,10.760009,3.080357,75.813960,12.451179,10.869623,3.052079
HeavyTruck_in,-0.006000,39.000000,7200.000000,77.928895,12.108830,10.570760,3.217854,77.787399,12.237834,10.683378,3.187005
HeavyTruck_in,-0.006000,40.000000,7200.000000,79.923745,12.099859,10.562929,3.302673,79.770838,12.231897,10.678196,3.270310
HeavyTruck_in,-0.006000,41.000000,7200.000000,81.918326,12.035015,10.506321,3.403333,81.765109,12.162211,10.617361,3.371274
HeavyTruck_in,-0.006000,42.000000,7200.000000,83.912653,11.954994,10.436464,3.509523,83.747714,12.083389,10.548551,3.476028
HeavyTruck_in,-0.006000,43.000000,7200.000000,85.906712,11.866875,10.359538,3.619601,85.729764,11.996033,10.472290,3.584706
HeavyTruck_in,-0.006000,44.000000,7200.000000,87.900517,11.750194,10.257679,3.740386,87.711258,11.879177,10.370277,3.704154
HeavyTruck_in,-0.006000,45.000000,7200.000000,89.894045,11.547606,10.080823,3.892324,89.692197,11.674080,10.191233,3.854895
HeavyTruck_in,-0.006000,46.000000,7200.000000,91.887285,11.345610,9.904485,4.049464,91.672580,11.469347,10.012504,4.010901
HeavyTruck_in,-0.006000,47.000000,7200.000000,93.880228,11.144577,9.728987,4.211924,93.652407,11.265424,9.834484,4.172276
HeavyTruck_in,-0.006000,48.000000,7200.000000,95.872831,10.943588,9.553527,4.380320,95.618348,11.065612,9.660052,4.337990
HeavyTruck_in,-0.006000,49.000000,7200.000000,97.865111,10.744530,9.379754,4.554183,97.596787,10.863095,9.483259,4.510922
HeavyTruck_in,-0.006000,50.000000,7200.000000,99.857082,10.548117,9.208290,4.733408,99.574670,10.663128,9.308692,4.689302
HeavyTruck_in,-0.006000,51.000000,7200.000000,101.848695,10.353997,9.038827,4.918328,101.551998,10.465419,9.136096,4.873448
HeavyTruck_in,-0.006000,52.000000,7200.000000,103.838450,10.162075,8.871283,5.109116,103.499884,10.274010,8.969000,5.061581
HeavyTruck_in,-0.006000,53.000000,7200.000000,105.829020,9.975330,8.708259,5.304537,105.475546,10.083319,8.802531,5.256482
HeavyTruck_in,-0.006000,54.000000,7200.000000,107.819233,9.792593,8.548733,5.505142,107.435653,9.899336,8.641917,5.455198
HeavyTruck_in,-0.006000,55.000000,7200.000000,109.808984,9.618293,8.396573,5.708340,109.409926,9.721210,8.486417,5.658030
HeavyTruck_in,-0.006000,56.000000,7200.000000,111.798354,9.458081,8.256711,5.910203,111.368089,9.559799,8.345508,5.858172
HeavyTruck_in,-0.006000,57.000000,7200.000000,113.787247,9.300304,8.118975,6.117394,113.340973,9.398437,8.204642,6.065158
HeavyTruck_in,-0.006000,58.000000,7200.000000,115.775699,9.145105,7.983489,6.329927,115.297191,9.241723,8.067834,6.276217
HeavyTruck_in,-0.006000,59.000000,7200.000000,117.763662,8.975695,7.835597,6.560142,117.252299,9.070172,7.918074,6.505181
HeavyTruck_in,-0.006000,60.000000,7200.000000,119.751141,8.799945,7.682171,6.804085,119.206296,8.891875,7.762424,6.748090
HeavyTruck_in,-0.006000,61.000000,7200.000000,121.738084,8.625919,7.530250,7.056529,121.176124,8.713547,7.606747,7.000964
HeavyTruck_in,-0.006000,62.000000,7200.000000,123.724464,8.453483,7.379717,7.317958,123.110956,8.539822,7.455089,7.260489
HeavyTruck_in,-0.006000,63.000000,7200.000000,125.710234,8.271535,7.220881,7.598966,125.061620,8.354641,7.293430,7.541118
HeavyTruck_in,-0.006000,64.000000,7200.000000,127.695412,8.094201,7.066072,7.888080,127.011172,8.174041,7.135770,7.830079
HeavyTruck_in,-0.006000,65.000000,7200.000000,129.679977,7.921384,6.915206,8.185437,128.959614,7.997944,6.982041,8.127520
HeavyTruck_in,-0.006000,66.000000,7200.000000,131.663805,7.741737,6.758378,8.503505,130.888613,7.815766,6.823003,8.444918
HeavyTruck_in,-0.006000,67.000000,7200.000000,133.646886,7.552591,6.593257,8.847751,132.815945,7.623535,6.655189,8.789041
HeavyTruck_in,-0.006000,68.000000,7200.000000,135.629207,7.369779,6.433666,9.201715,134.741611,7.437563,6.492840,9.143266
HeavyTruck_in,-0.006000,69.000000,7200.000000,137.610640,7.192991,6.279333,9.565606,136.665610,7.257544,6.335687,9.507855
HeavyTruck_in,-0.006000,70.000000,7200.000000,139.591089,7.007558,6.117454,9.960038,138.568500,7.069113,6.171190,9.902761
HeavyTruck_in,-0.006000,71.000000,7200.000000,141.570426,6.825775,5.958761,10.370283,140.469168,6.884119,6.009695,10.314144
HeavyTruck_in,-0.006000,72.000000,7200.000000,143.548559,6.650596,5.805834,10.792157,142.347616,6.706087,5.854276,10.737089
HeavyTruck_in,-0.005000,10.000000,7200.000000,19.999054,9.709214,8.475945,1.029901,19.995483,9.723183,8.488140,1.028523
HeavyTruck_in,-0.005000,11.000000,7200.000000,21.998456,9.654734,8.428384,1.139258,21.991976,9.678852,8.449439,1.136557
HeavyTruck_in,-0.005000,12.000000,7200.000000,23.996671,10.646160,9.293879,1.127011,23.987913,10.689909,9.332071,1.122612
HeavyTruck_in,-0.005000,13.000000,7200.000000,25.995832,11.387166,9.940763,1.141453,25.986906,11.433554,9.981258,1.137063
HeavyTruck_in,-0.005000,14.000000,7200.000000,27.994976,11.504110,10.042852,1.216738,27.982010,11.567482,10.098175,1.210352
HeavyTruck_in,-0.005000,15.000000,7200.000000,29.993998,11.103151,9.692823,1.350698,29.980725,11.157934,9.740647,1.344405
HeavyTruck_in,-0.005000,16.000000,7200.000000,31.993020,11.821851,10.320233,1.353131,31.979440,11.880281,10.371241,1.346840
HeavyTruck_in,-0.005000,17.000000,7200.000000,33.991902,12.377553,10.805350,1.373127,33.973433,12.456389,10.874172,1.364832
HeavyTruck_in,-0.005000,18.000000,7200.000000,35.990648,12.722593,11.106563,1.414438,35.971870,12.801319,11.175289,1.406178
HeavyTruck_in,-0.005000,19.000000,7200.000000,37.989307,12.586136,10.987439,1.509173,37.965030,12.675836,11.065745,1.498993
HeavyTruck_in,-0.005000,20.000000,7200.000000,39.987777,12.425930,10.847582,1.609046,39.963190,12.508759,10.919890,1.598963
HeavyTruck_in,-0.005000,21.000000,7200.000000,41.986247,12.232306,10.678552,1.716203,41.961349,12.308518,10.745084,1.706224
HeavyTruck_in,-0.005000,22.000000,7200.000000,43.984558,12.635065,11.030152,1.740575,43.953398,12.727669,11.110994,1.728608
HeavyTruck_in,-0.005000,23.000000,7200.000000,45.982541,12.878350,11.242536,1.785265,45.951280,12.970501,11.322981,1.773347
HeavyTruck_in,-0.005000,24.000000,7200.000000,47.980475,13.084855,11.422810,1.833435,47.942496,13.190130,11.514713,1.819637
HeavyTruck_in,-0.005000,25.000000,7200.000000,49.978389,12.857751,11.224553,1.943512,49.940100,12.955043,11.309487,1.929851
HeavyTruck_in,-0.005000,26.000000,7200.000000,51.976068,12.620680,11.017594,2.059163,51.930482,12.722702,11.106658,2.043697
HeavyTruck_in,-0.005000,27.000000,7200.000000,53.973692,12.381644,10.808921,2.179585,53.920309,12.487233,10.901098,2.162321
HeavyTruck_in,-0.005000,28.000000,7200.000000,55.971078,12.237817,10.683363,2.286808,55.917357,12.336950,10.769904,2.269723
HeavyTruck_in,-0.005000,29.000000,7200.000000,57.968333,12.416349,10.839218,2.334355,57.906351,12.525278,10.934311,2.315439
HeavyTruck_in,-0.005000,30.000000,7200.000000,59.965311,12.545459,10.951928,2.389921,59.894789,12.663260,11.054766,2.369182
HeavyTruck_in,-0.005000,31.000000,7200.000000,61.961689,12.594396,10.994649,2.459891,61.891282,12.707554,11.093434,2.439621
HeavyTruck_in,-0.005000,32.000000,7200.000000,63.958324,12.622327,11.019032,2.533539,63.878887,12.741959,11.123469,2.511519
HeavyTruck_in,-0.005000,33.000000,7200.000000,65.954806,12.508246,10.919442,2.636453,65.865936,12.630991,11.026596,2.612758
HeavyTruck_in,-0.005000,34.000000,7200.000000,67.951065,12.306518,10.743338,2.760775,67.861874,12.421451,10.843671,2.737343
HeavyTruck_in,-0.005000,35.000000,7200.000000,69.947122,12.106859,10.569040,2.888739,69.848090,12.222462,10.669959,2.863730
HeavyTruck_in,-0.005000,36.000000,7200.000000,71.942978,11.914304,10.400943,3.019185,71.833750,12.030245,10.502157,2.992614
HeavyTruck_in,-0.005000,37.000000,7200.000000,73.938650,11.727504,10.237870,3.152361,73.818856,11.843303,10.338960,3.124292
HeavyTruck_in,-0.005000,38.000000,7200.000000,75.934077,11.550310,10.083184,3.287101,75.813960,11.659354,10.178377,3.259356
HeavyTruck_in,-0.005000,39.000000,7200.000000,77.928224,11.313868,9.876775,3.443925,77.787399,11.424981,9.973774,3.413751
HeavyTruck_in,-0.005000,40.000000,7200.000000,79.922994,11.327672,9.888825,3.527777,79.770838,11.441844,9.988495,3.496123
HeavyTruck_in,-0.005000,41.000000,7200.000000,81.917515,11.281831,9.848807,3.630506,81.753721,11.397609,9.949878,3.597434
HeavyTruck_in,-0.005000,42.000000,7200.000000,83.911777,11.218718,9.793711,3.739811,83.736048,11.335518,9.895674,3.705362
HeavyTruck_in,-0.005000,43.000000,7200.000000,85.905770,11.148452,9.732370,3.852812,85.717820,11.265921,9.834918,3.817021
HeavyTruck_in,-0.005000,44.000000,7200.000000,87.899483,11.050388,9.646762,3.977213,87.699037,11.167684,9.749159,3.940146
HeavyTruck_in,-0.005000,45.000000,7200.000000,89.892906,10.872161,9.491173,4.134087,89.679698,10.987183,9.591585,4.095896
HeavyTruck_in,-0.005000,46.000000,7200.000000,91.886029,10.693966,9.335613,4.296163,91.659803,10.806533,9.433882,4.256907
HeavyTruck_in,-0.005000,47.000000,7200.000000,93.878845,10.516156,9.180389,4.463553,93.639353,10.626140,9.276402,4.423287
HeavyTruck_in,-0.005000,48.000000,7200.000000,95.871345,10.336998,9.023987,4.637292,95.618348,10.444222,9.117591,4.596084
HeavyTruck_in,-0.005000,49.000000,7200.000000,97.863521,10.159545,8.869074,4.816334,97.596787,10.263929,8.960199,4.774251
HeavyTruck_in,-0.005000,50.000000,7200.000000,99.855338,9.984236,8.716034,5.000650,99.560783,10.088883,8.807388,4.956210
HeavyTruck_in,-0.005000,51.000000,7200.000000,101.846765,9.812273,8.565913,5.189764,101.537833,9.913740,8.654491,5.144646
HeavyTruck_in,-0.005000,52.000000,7200.000000,103.836179,9.642750,8.417923,5.384158,103.499884,9.741754,8.504351,5.338129
HeavyTruck_in,-0.005000,53.000000,7200.000000,105.826552,9.476906,8.273145,5.583391,105.460825,9.575116,8.358879,5.535472
HeavyTruck_in,-0.005000,54.000000,7200.000000,107.816528,9.314046,8.130971,5.787846,107.435653,9.408877,8.213756,5.739563
HeavyTruck_in,-0.005000,55.000000,7200.000000,109.806074,9.158620,7.995287,5.994685,109.394649,9.252399,8.077155,5.944717
HeavyTruck_in,-0.005000,56.000000,7200.000000,111.795192,9.015215,7.870097,6.200362,111.368086,9.105912,7.949275,6.150174
HeavyTruck_in,-0.005000,57.000000,7200.000000,113.783836,8.871822,7.744919,6.412653,113.325141,8.961345,7.823070,6.360988
HeavyTruck_in,-0.005000,58.000000,7200.000000,115.771993,8.728441,7.619750,6.631883,115.281082,8.816531,7.696650,6.578898
HeavyTruck_in,-0.005000,59.000000,7200.000000,117.759679,8.571693,7.482913,6.869102,117.235912,8.657793,7.558076,6.815030
HeavyTruck_in,-0.005000,60.000000,7200.000000,119.746837,8.409258,7.341109,7.119941,119.189631,8.493015,7.414228,7.065002
HeavyTruck_in,-0.005000,61.000000,7200.000000,121.733437,8.248330,7.200623,7.379277,121.142238,8.329593,7.271564,7.323674
HeavyTruck_in,-0.005000,62.000000,7200.000000,123.719453,8.088695,7.061265,7.647677,123.093735,8.167335,7.129916,7.591618
HeavyTruck_in,-0.005000,63.000000,7200.000000,125.704864,7.921148,6.915000,7.934763,125.044121,7.996855,6.981090,7.878515
HeavyTruck_in,-0.005000,64.000000,7200.000000,127.689633,7.756771,6.771502,8.230849,126.975620,7.830575,6.835931,8.173524
HeavyTruck_in,-0.005000,65.000000,7200.000000,129.673694,7.596387,6.631490,8.535222,128.923506,7.667126,6.693243,8.478203
HeavyTruck_in,-0.005000,66.000000,7200.000000,131.657023,7.429786,6.486051,8.860081,130.851949,7.498102,6.545690,8.802695
HeavyTruck_in,-0.005000,67.000000,7200.000000,133.639592,7.254060,6.332646,9.211365,132.778726,7.319456,6.389735,9.154173
HeavyTruck_in,-0.005000,68.000000,7200.000000,135.621310,7.083962,6.184154,9.572419,134.703836,7.146381,6.238644,9.515812
HeavyTruck_in,-0.005000,69.000000,7200.000000,137.602071,6.919275,6.040385,9.943389,136.608115,6.979257,6.092748,9.886966
HeavyTruck_in,-0.005000,70.000000,7200.000000,139.581759,6.746192,5.889288,10.345225,138.510172,6.803255,5.939102,10.289742
HeavyTruck_in,-0.005000,71.000000,7200.000000,141.560222,6.575655,5.740412,10.763964,140.390286,6.630049,5.787897,10.709392
HeavyTruck_in,-0.005000,72.000000,7200.000000,143.537329,6.411228,5.596870,11.194215,142.267623,6.462758,5.641855,11.141352
HeavyTruck_in,-0.004000,10.000000,7200.000000,19.999053,9.270726,8.093154,1.078613,19.995483,9.283435,8.104248,1.077243
HeavyTruck_in,-0.004000,11.000000,7200.000000,21.998450,8.977507,7.837180,1.225198,21.991976,8.998213,7.855255,1.222528
HeavyTruck_in,-0.004000,12.000000,7200.000000,23.996671,9.872964,8.618895,1.215272,23.987913,9.910360,8.651541,1.210917
HeavyTruck_in,-0.004000,13.000000,7200.000000,25.995832,10.542867,9.203706,1.232864,25.986906,10.582396,9.238215,1.228519
HeavyTruck_in,-0.004000,14.000000,7200.000000,27.994971,10.635926,9.284945,1.316057,27.982010,10.689743,9.331926,1.309735
HeavyTruck_in,-0.004000,15.000000,7200.000000,29.993993,10.221656,8.923296,1.467179,29.980725,10.267746,8.963532,1.460961
HeavyTruck_in,-0.004000,16.000000,7200.000000,31.993015,10.867496,9.487101,1.471959,31.979440,10.916521,9.529899,1.465745
HeavyTruck_in,-0.004000,17.000000,7200.000000,33.991885,11.369215,9.925091,1.494909,33.973433,11.435233,9.982724,1.486711
HeavyTruck_in,-0.004000,18.000000,7200.000000,35.990631,11.680822,10.197118,1.540586,35.971870,11.746693,10.254622,1.532426
HeavyTruck_in,-0.004000,19.000000,7200.000000,37.989273,11.553127,10.085643,1.644112,37.965030,11.628099,10.151091,1.634058
HeavyTruck_in,-0.004000,20.000000,7200.000000,39.987743,11.411273,9.961807,1.752116,39.963190,11.480556,10.022290,1.742167
HeavyTruck_in,-0.004000,21.000000,7200.000000,41.986213,11.249040,9.820181,1.866213,41.961349,11.312960,9.875982,1.856375
HeavyTruck_in,-0.004000,22.000000,7200.000000,43.984504,11.617642,10.141963,1.893005,43.953398,11.695253,10.209716,1.881203
HeavyTruck_in,-0.004000,23.000000,7200.000000,45.982480,11.846494,10.341746,1.940763,45.944892,11.935660,10.419586,1.927099
HeavyTruck_in,-0.004000,24.000000,7200.000000,47.980393,12.047940,10.517604,1.991228,47.942496,12.136393,10.594822,1.977626
HeavyTruck_in,-0.004000,25.000000,7200.000000,49.978308,11.865766,10.358571,2.105987,49.940100,11.947890,10.430263,2.092529
HeavyTruck_in,-0.004000,26.000000,7200.000000,51.975957,11.679728,10.196163,2.225050,51.930482,11.766308,10.271746,2.209814
HeavyTruck_in,-0.004000,27.000000,7200.000000,53.973547,11.499600,10.038915,2.346758,53.920309,11.589837,10.117690,2.329749
HeavyTruck_in,-0.004000,28.000000,7200.000000,55.970935,11.333206,9.893656,2.469334,55.917357,11.417381,9.967139,2.452529
HeavyTruck_in,-0.004000,29.000000,7200.000000,57.968198,11.507341,10.045673,2.518748,57.906351,11.600085,10.126636,2.500112
HeavyTruck_in,-0.004000,30.000000,7200.000000,59.965091,11.635114,10.157216,2.576902,59.894789,11.735410,10.244772,2.556499
HeavyTruck_in,-0.004000,31.000000,7200.000000,61.961456,11.689971,10.205105,2.650197,61.891282,11.786409,10.289293,2.630285
HeavyTruck_in,-0.004000,32.000000,7200.000000,63.958044,11.729820,10.239892,2.726301,63.878887,11.832002,10.329095,2.704671
HeavyTruck_in,-0.004000,33.000000,7200.000000,65.954472,11.651593,10.171602,2.830277,65.865936,11.756931,10.263559,2.807001
HeavyTruck_in,-0.004000,34.000000,7200.000000,67.950734,11.497222,10.036839,2.955094,67.861874,11.596463,10.123474,2.932081
HeavyTruck_in,-0.004000,35.000000,7200.000000,69.946736,11.342734,9.901974,3.083328,69.848090,11.443117,9.989607,3.058767
HeavyTruck_in,-0.004000,36.000000,7200.000000,71.942533,11.189305,9.768033,3.214790,71.833750,11.290465,9.856344,3.188698
HeavyTruck_in,-0.004000,37.000000,7200.000000,73.938143,11.036971,9.635050,3.349567,73.818856,11.138420,9.723612,3.322009
HeavyTruck_in,-0.004000,38.000000,7200.000000,75.933530,10.884886,9.502282,3.488026,75.803405,10.986248,9.590769,3.459050
HeavyTruck_in,-0.004000,39.000000,7200.000000,77.927553,10.627230,9.277354,3.666409,77.787399,10.723973,9.361809,3.636902
HeavyTruck_in,-0.004000,40.000000,7200.000000,79.922242,10.650511,9.297677,3.752038,79.770838,10.750094,9.384611,3.721092
HeavyTruck_in,-0.004000,41.000000,7200.000000,81.916679,10.617358,9.268736,3.857677,81.753721,10.718511,9.357040,3.825358
HeavyTruck_in,-0.004000,42.000000,7200.000000,83.910853,10.568647,9.226212,3.969801,83.736048,10.670880,9.315459,3.936151
HeavyTruck_in,-0.004000,43.000000,7200.000000,85.904756,10.512687,9.177360,4.085766,85.717820,10.615699,9.267287,4.050817
HeavyTruck_in,-0.004000,44.000000,7200.000000,87.898377,10.429803,9.105004,4.213808,87.699037,10.532841,9.194954,4.177629
HeavyTruck_in,-0.004000,45.000000,7200.000000,89.891704,10.267597,8.963401,4.377446,89.679698,10.368728,9.051687,4.340200
HeavyTruck_in,-0.004000,46.000000,7200.000000,91.884729,10.106468,8.822739,4.545838,91.659803,10.205551,8.909237,4.507587
HeavyTruck_in,-0.004000,47.000000,7200.000000,93.877444,9.946929,8.683465,4.718916,93.639353,10.043878,8.768100,4.679713
HeavyTruck_in,-0.004000,48.000000,7200.000000,95.869828,9.788360,8.545037,4.897134,95.605016,9.886307,8.630543,4.855455
HeavyTruck_in,-0.004000,49.000000,7200.000000,97.861839,9.631749,8.408319,5.080170,97.583177,9.727182,8.491631,5.037694
HeavyTruck_in,-0.004000,50.000000,7200.000000,99.853529,9.477250,8.273445,5.268065,99.560783,9.570102,8.354503,5.224879
HeavyTruck_in,-0.004000,51.000000,7200.000000,101.843212,9.324005,8.139665,5.461345,101.509502,9.417316,8.221123,5.415841
HeavyTruck_in,-0.004000,52.000000,7200.000000,103.833783,9.173788,8.008529,5.659264,103.485441,9.264173,8.087433,5.613317
HeavyTruck_in,-0.004000,53.000000,7200.000000,105.823976,9.025831,7.879366,5.862284,105.446104,9.115485,7.957631,5.814588
HeavyTruck_in,-0.004000,54.000000,7200.000000,107.813708,8.880444,7.752445,6.070288,107.420654,8.967128,7.828119,6.022312
HeavyTruck_in,-0.004000,55.000000,7200.000000,109.803026,8.741061,7.630766,6.280875,109.379373,8.826816,7.705630,6.231340
HeavyTruck_in,-0.004000,56.000000,7200.000000,111.791883,8.610076,7.516420,6.491922,111.352535,8.693053,7.588857,6.442265
HeavyTruck_in,-0.004000,57.000000,7200.000000,113.780256,8.478828,7.401843,6.709669,113.309309,8.560709,7.473323,6.658678
HeavyTruck_in,-0.004000,58.000000,7200.000000,115.768122,8.347438,7.287142,6.934351,115.264972,8.427994,7.357466,6.882191
HeavyTruck_in,-0.004000,59.000000,7200.000000,117.755491,8.202355,7.160487,7.178152,117.219524,8.281063,7.229198,7.125065
HeavyTruck_in,-0.004000,60.000000,7200.000000,119.742312,8.051651,7.028926,7.435886,119.172965,8.128194,7.095746,7.382104
HeavyTruck_in,-0.004000,61.000000,7200.000000,121.728553,7.901625,6.897957,7.702754,121.125295,7.975854,6.962757,7.648489
HeavyTruck_in,-0.004000,62.000000,7200.000000,123.714192,7.752723,6.767968,7.978757,123.076515,7.824525,6.830650,7.924223
HeavyTruck_in,-0.004000,63.000000,7200.000000,125.699176,7.597258,6.632250,8.272668,125.009124,7.667415,6.693496,8.217025
HeavyTruck_in,-0.004000,64.000000,7200.000000,127.683480,7.445322,6.499613,8.574745,126.957844,7.512692,6.558426,8.519369
HeavyTruck_in,-0.004000,65.000000,7200.000000,129.667080,7.296921,6.370062,8.885055,128.887398,7.362362,6.427191,8.829157
HeavyTruck_in,-0.004000,66.000000,7200.000000,131.649872,7.141944,6.234770,9.216670,130.815286,7.205069,6.289877,9.160705
HeavyTruck_in,-0.004000,67.000000,7200.000000,133.631846,6.978131,6.091765,9.575046,132.741507,7.038491,6.144458,9.519593
HeavyTruck_in,-0.004000,68.000000,7200.000000,135.612911,6.819293,5.953103,9.943326,134.647175,6.877439,6.003864,9.887928
HeavyTruck_in,-0.004000,69.000000,7200.000000,137.592927,6.665774,5.819084,10.320852,136.550620,6.721515,5.867745,10.266090
HeavyTruck_in,-0.004000,70.000000,7200.000000,139.571761,6.503309,5.677256,10.730826,138.451844,6.556203,5.723430,10.677483
HeavyTruck_in,-0.004000,71.000000,7200.000000,141.549318,6.343095,5.537391,11.157749,140.331125,6.393364,5.581275,11.105860
HeavyTruck_in,-0.004000,72.000000,7200.000000,143.525364,6.188490,5.402424,11.596155,142.187630,6.236291,5.444154,11.545943
HeavyTruck_in,-0.003000,10.000000,7200.000000,19.999053,8.702936,7.597485,1.148983,19.995483,8.714082,7.607215,1.147627
HeavyTruck_in,-0.003000,11.000000,7200.000000,21.998444,8.388956,7.323386,1.311155,21.991976,8.406907,7.339057,1.308516
HeavyTruck_in,-0.003000,12.000000,7200.000000,23.996670,9.204347,8.035206,1.303551,23.987913,9.236651,8.063407,1.299240
HeavyTruck_in,-0.003000,13.000000,7200.000000,25.995831,9.814985,8.568280,1.324293,25.986906,9.849043,8.598012,1.319994
HeavyTruck_in,-0.003000,14.000000,7200.000000,27.994966,9.889296,8.633153,1.415417,27.982010,9.935523,8.673508,1.409159
HeavyTruck_in,-0.003000,15.000000,7200.000000,29.993988,9.469704,8.266857,1.583681,29.980725,9.508974,8.301139,1.577539
HeavyTruck_in,-0.003000,16.000000,7200.000000,31.993010,10.055578,8.778313,1.590809,31.979440,10.097252,8.814694,1.584672
HeavyTruck_in,-0.003000,17.000000,7200.000000,33.991869,10.512622,9.177303,1.616717,33.973433,10.568649,9.226214,1.608615
HeavyTruck_in,-0.003000,18.000000,7200.000000,35.990614,10.796381,9.425019,1.666791,35.971870,10.852241,9.473783,1.658730
HeavyTruck_in,-0.003000,19.000000,7200.000000,37.989239,10.676492,9.320358,1.779107,37.965030,10.740006,9.375805,1.769179
HeavyTruck_in,-0.003000,20.000000,7200.000000,39.987709,10.549538,9.209530,1.895235,39.963190,10.608271,9.260803,1.885420
HeavyTruck_in,-0.003000,21.000000,7200.000000,41.986179,10.486123,9.154170,2.001988,41.961349,10.541258,9.202302,1.992276
HeavyTruck_in,-0.003000,22.000000,7200.000000,43.984449,10.829322,9.453776,2.030803,43.953398,10.896235,9.512190,2.019151
HeavyTruck_in,-0.003000,23.000000,7200.000000,45.982398,11.043052,9.640358,2.081961,45.944892,11.119897,9.707442,2.068472
HeavyTruck_in,-0.003000,24.000000,7200.000000,47.980312,11.232779,9.805985,2.135728,47.942496,11.309044,9.872563,2.122306
HeavyTruck_in,-0.003000,25.000000,7200.000000,49.978211,11.088955,9.680430,2.253513,49.933156,11.169691,9.750911,2.238316
HeavyTruck_in,-0.003000,26.000000,7200.000000,51.975847,10.942126,9.552252,2.375034,51.930482,11.017496,9.618048,2.360006
HeavyTruck_in,-0.003000,27.000000,7200.000000,53.973434,10.798924,9.427239,2.499019,53.920309,10.877743,9.496046,2.482262
HeavyTruck_in,-0.003000,28.000000,7200.000000,55.970792,10.576825,9.233351,2.645917,55.917357,10.649440,9.296742,2.629383
HeavyTruck_in,-0.003000,29.000000,7200.000000,57.968020,10.751178,9.385558,2.695892,57.906351,10.831367,9.455561,2.677549
HeavyTruck_in,-0.003000,30.000000,7200.000000,59.964871,10.883971,9.501484,2.754733,59.894789,10.970894,9.577366,2.734651
HeavyTruck_in,-0.003000,31.000000,7200.000000,61.961224,10.948811,9.558088,2.829587,61.891282,11.032551,9.631191,2.810013
HeavyTruck_in,-0.003000,32.000000,7200.000000,63.957762,10.997891,9.600933,2.907729,63.878887,11.086786,9.678536,2.886470
HeavyTruck_in,-0.003000,33.000000,7200.000000,65.954137,10.938102,9.548738,3.014880,65.865936,11.029956,9.628926,2.992008
HeavyTruck_in,-0.003000,34.000000,7200.000000,67.950366,10.810817,9.437621,3.142703,67.852430,10.903982,9.518953,3.118290
HeavyTruck_in,-0.003000,35.000000,7200.000000,69.946348,10.683350,9.326345,3.273615,69.848090,10.771463,9.403267,3.249496
HeavyTruck_in,-0.003000,36.000000,7200.000000,71.942105,10.553638,9.213110,3.408403,71.833750,10.642613,9.290783,3.382805
HeavyTruck_in,-0.003000,37.000000,7200.000000,73.937634,10.423201,9.099241,3.546782,73.818856,10.512693,9.177365,3.519739
HeavyTruck_in,-0.003000,38.000000,7200.000000,75.932956,10.292527,8.985165,3.688742,75.803405,10.382148,9.063402,3.660320
HeavyTruck_in,-0.003000,39.000000,7200.000000,77.928028,10.161557,8.870831,3.834453,77.787399,10.251012,8.948923,3.804701
HeavyTruck_in,-0.003000,40.000000,7200.000000,79.921939,10.049825,8.773291,3.976285,79.770838,10.137960,8.850231,3.945773
HeavyTruck_in,-0.003000,41.000000,7200.000000,81.916341,10.023942,8.750695,4.086034,81.753721,10.113511,8.828888,4.054195
HeavyTruck_in,-0.003000,42.000000,7200.000000,83.910476,9.981639,8.713766,4.203242,83.736048,10.072177,8.792804,4.170121
HeavyTruck_in,-0.003000,43.000000,7200.000000,85.904336,9.932482,8.670853,4.324415,85.717820,10.023729,8.750510,4.290045
HeavyTruck_in,-0.003000,44.000000,7200.000000,87.897908,9.857935,8.605775,4.458231,87.699037,9.949227,8.685471,4.422686
HeavyTruck_in,-0.003000,45.000000,7200.000000,89.891183,9.716169,8.482016,4.625855,89.679698,9.805950,8.560393,4.589291
HeavyTruck_in,-0.003000,46.000000,7200.000000,91.884152,9.575101,8.358867,4.798077,91.659803,9.663238,8.435809,4.760558
HeavyTruck_in,-0.003000,47.000000,7200.000000,93.876777,9.434587,8.236201,4.975140,93.626299,9.524020,8.314274,4.935150
HeavyTruck_in,-0.003000,48.000000,7200.000000,95.869055,9.295011,8.114354,5.157017,95.605016,9.382440,8.190678,5.116208
HeavyTruck_in,-0.003000,49.000000,7200.000000,97.861015,9.156456,7.993398,5.343826,97.583177,9.241783,8.067887,5.302286
HeavyTruck_in,-0.003000,50.000000,7200.000000,99.852604,9.019088,7.873479,5.535626,99.546895,9.104736,7.948248,5.491936
HeavyTruck_in,-0.003000,51.000000,7200.000000,101.843757,8.883409,7.755034,5.732245,101.523667,8.966692,7.827738,5.688015
HeavyTruck_in,-0.003000,52.000000,7200.000000,103.832930,8.748900,7.637610,5.934056,103.485441,8.830394,7.708753,5.889062
HeavyTruck_in,-0.003000,53.000000,7200.000000,105.822978,8.616688,7.522192,6.140583,105.446104,8.697619,7.592843,6.093943
HeavyTruck_in,-0.003000,54.000000,7200.000000,107.812605,8.486060,7.408156,6.352336,107.405656,8.566260,7.478169,6.304133
HeavyTruck_in,-0.003000,55.000000,7200.000000,109.801776,8.359922,7.298040,6.567153,109.379373,8.437519,7.365781,6.518847
HeavyTruck_in,-0.003000,56.000000,7200.000000,111.790467,8.239741,7.193125,6.783615,111.336980,8.316477,7.260114,6.733975
HeavyTruck_in,-0.003000,57.000000,7200.000000,113.778658,8.119063,7.087775,7.006884,113.293477,8.194735,7.153836,6.956052
HeavyTruck_in,-0.003000,58.000000,7200.000000,115.766353,7.998244,6.982303,7.236986,115.248862,8.072646,7.047254,7.185136
HeavyTruck_in,-0.003000,59.000000,7200.000000,117.753501,7.861023,6.862512,7.489706,117.203137,7.933608,6.925877,7.437110
HeavyTruck_in,-0.003000,60.000000,7200.000000,119.740072,7.718997,6.738526,7.756194,119.156300,7.789494,6.800068,7.703090
HeavyTruck_in,-0.003000,61.000000,7200.000000,121.726040,7.579782,6.616994,8.029653,121.108352,7.648117,6.676649,7.976242
HeavyTruck_in,-0.003000,62.000000,7200.000000,123.711379,7.442731,6.497351,8.310886,123.059292,7.508835,6.555059,8.257377
HeavyTruck_in,-0.003000,63.000000,7200.000000,125.696015,7.298737,6.371648,8.610805,124.991626,7.363285,6.427997,8.556417
HeavyTruck_in,-0.003000,64.000000,7200.000000,127.679942,7.157834,6.248642,8.918895,126.922291,7.220650,6.303480,8.863938
HeavyTruck_in,-0.003000,65.000000,7200.000000,129.663132,7.020041,6.128352,9.235212,128.851290,7.080973,6.181544,9.180017
HeavyTruck_in,-0.003000,66.000000,7200.000000,131.645477,6.874894,6.001641,9.574364,130.778622,6.933561,6.052857,9.519424
HeavyTruck_in,-0.003000,67.000000,7200.000000,133.626862,6.721612,5.867830,9.940090,132.704288,6.777623,5.916726,9.885998
HeavyTruck_in,-0.003000,68.000000,7200.000000,135.607297,6.573439,5.738478,10.314791,134.609400,6.627296,5.785493,10.261142
HeavyTruck_in,-0.003000,69.000000,7200.000000,137.586674,6.430132,5.613373,10.698589,136.512290,6.481687,5.658380,10.645945
HeavyTruck_in,-0.003000,70.000000,7200.000000,139.564755,6.277243,5.479905,11.116724,138.393515,6.326459,5.522869,11.065233
HeavyTruck_in,-0.003000,71.000000,7200.000000,141.541310,6.126326,5.348157,11.551892,140.252243,6.173267,5.389136,11.501820
HeavyTruck_in,-0.003000,72.000000,7200.000000,143.516118,5.979680,5.220138,12.000317,142.087638,6.024357,5.259140,11.952126
HeavyTruck_in,-0.002000,10.000000,7200.000000,19.999053,8.200480,7.158851,1.219383,19.995483,8.210329,7.167449,1.218041
HeavyTruck_in,-0.002000,11.000000,7200.000000,21.998438,7.872742,6.872742,1.397127,21.991976,7.888439,6.886446,1.394518
HeavyTruck_in,-0.002000,12.000000,7200.000000,23.996670,8.620447,7.525473,1.391846,23.987913,8.648611,7.550060,1.387578
HeavyTruck_in,-0.002000,13.000000,7200.000000,25.995831,9.181003,8.014827,1.415740,25.986906,9.210629,8.040690,1.411486
HeavyTruck_in,-0.002000,14.000000,7200.000000,27.994960,9.240368,8.066652,1.514818,27.982010,9.280468,8.101658,1.508623
HeavyTruck_in,-0.002000,15.000000,7200.000000,29.993982,8.820708,7.700297,1.700203,29.980725,8.854531,7.729824,1.694136
HeavyTruck_in,-0.002000,16.000000,7200.000000,31.993005,9.356436,8.167977,1.709679,31.979440,9.392261,8.199251,1.703619
HeavyTruck_in,-0.002000,17.000000,7200.000000,33.991852,9.775927,8.534183,1.738549,33.973433,9.824020,8.576168,1.730543
HeavyTruck_in,-0.002000,18.000000,7200.000000,35.990598,10.036140,8.761344,1.793050,35.971870,10.084057,8.803175,1.785089
HeavyTruck_in,-0.002000,19.000000,7200.000000,37.989205,9.923223,8.662770,1.914157,37.965030,9.977655,8.710288,1.904354
HeavyTruck_in,-0.002000,20.000000,7200.000000,39.987675,9.808578,8.562687,2.038403,39.963190,9.858939,8.606651,2.028721
HeavyTruck_in,-0.002000,21.000000,7200.000000,41.986145,9.820080,8.572729,2.137770,41.961349,9.868079,8.614630,2.128184
HeavyTruck_in,-0.002000,22.000000,7200.000000,43.984394,10.141151,8.853017,2.168610,43.953398,10.199376,8.903846,2.157107
HeavyTruck_in,-0.002000,23.000000,7200.000000,45.982317,10.341699,9.028091,2.223151,45.944892,10.408542,9.086444,2.209838
HeavyTruck_in,-0.002000,24.000000,7200.000000,47.980230,10.520866,9.184501,2.280241,47.942496,10.587231,9.242435,2.267000
HeavyTruck_in,-0.002000,25.000000,7200.000000,49.978101,10.408275,9.086210,2.400883,49.933156,10.478815,9.147790,2.385890
HeavyTruck_in,-0.002000,26.000000,7200.000000,51.975736,10.292736,8.985347,2.524875,51.930482,10.358883,9.043092,2.510054
HeavyTruck_in,-0.002000,27.000000,7200.000000,53.973291,10.178333,8.885476,2.651382,53.920309,10.247762,8.946086,2.634859
HeavyTruck_in,-0.002000,28.000000,7200.000000,55.970649,10.064412,8.786025,2.780622,55.917357,10.129688,8.843010,2.764296
HeavyTruck_in,-0.002000,29.000000,7200.000000,57.967843,10.103144,8.819837,2.868802,57.906351,10.173305,8.881086,2.850746
HeavyTruck_in,-0.002000,30.000000,7200.000000,59.964664,10.233155,8.933335,2.929920,59.894789,10.309153,8.999679,2.910187
HeavyTruck_in,-0.002000,31.000000,7200.000000,61.960943,10.299125,8.990925,3.008068,61.882672,10.378797,9.060477,2.987015
HeavyTruck_in,-0.002000,32.000000,7200.000000,63.957481,10.351927,9.037019,3.089158,63.878887,10.429870,9.105062,3.068271
HeavyTruck_in,-0.002000,33.000000,7200.000000,65.953823,10.307703,8.998413,3.199249,65.865936,10.388408,9.068867,3.176783
HeavyTruck_in,-0.002000,34.000000,7200.000000,67.949976,10.202268,8.906370,3.330141,67.852430,10.284360,8.978035,3.306164
HeavyTruck_in,-0.002000,35.000000,7200.000000,69.945958,10.096407,8.813957,3.463903,69.848089,10.174276,8.881934,3.440228
HeavyTruck_in,-0.002000,36.000000,7200.000000,71.941659,9.986402,8.717924,3.601981,71.833750,10.065210,8.786722,3.576863
HeavyTruck_in,-0.002000,37.000000,7200.000000,73.937124,9.874054,8.619846,3.744011,73.818856,9.953488,8.689191,3.717484
HeavyTruck_in,-0.002000,38.000000,7200.000000,75.932381,9.761263,8.521382,3.889475,75.803405,9.840974,8.590968,3.861608
HeavyTruck_in,-0.002000,39.000000,7200.000000,77.927389,9.647613,8.422169,4.038687,77.787399,9.727347,8.491775,4.009525
HeavyTruck_in,-0.002000,40.000000,7200.000000,79.921201,9.497699,8.291296,4.207398,79.770838,9.575284,8.359026,4.177640
HeavyTruck_in,-0.002000,41.000000,7200.000000,81.915511,9.478676,8.274690,4.321042,81.753721,9.557656,8.343637,4.289979
HeavyTruck_in,-0.002000,42.000000,7200.000000,83.909558,9.446494,8.246596,4.441307,83.736048,9.526444,8.316390,4.409011
HeavyTruck_in,-0.002000,43.000000,7200.000000,85.903328,9.407798,8.212815,4.565539,85.717820,9.488498,8.283264,4.532040
HeavyTruck_in,-0.002000,44.000000,7200.000000,87.896791,9.344750,8.157775,4.703004,87.686816,9.428822,8.231168,4.666787
HeavyTruck_in,-0.002000,45.000000,7200.000000,89.889941,9.220507,8.049313,4.874458,89.667199,9.303219,8.121519,4.837289
HeavyTruck_in,-0.002000,46.000000,7200.000000,91.882792,9.096491,7.941050,5.050453,91.647027,9.177710,8.011952,5.012407
HeavyTruck_in,-0.002000,47.000000,7200.000000,93.875299,8.972987,7.833233,5.230995,93.626299,9.052654,7.902781,5.192120
HeavyTruck_in,-0.002000,48.000000,7200.000000,95.867473,8.849419,7.725361,5.416597,95.605016,8.927442,7.793474,5.376962
HeavyTruck_in,-0.002000,49.000000,7200.000000,97.859266,8.726099,7.617706,5.607274,97.569567,8.804773,7.686386,5.565456
HeavyTruck_in,-0.002000,50.000000,7200.000000,99.850666,8.603890,7.511020,5.802646,99.546895,8.680613,7.577997,5.760264
HeavyTruck_in,-0.002000,51.000000,7200.000000,101.841717,8.482641,7.405172,6.002949,101.509502,8.559439,7.472214,5.958648
HeavyTruck_in,-0.002000,52.000000,7200.000000,103.830409,8.361959,7.299819,6.208498,103.470998,8.436901,7.365242,6.163725
HeavyTruck_in,-0.002000,53.000000,7200.000000,105.820242,8.242993,7.195964,6.418799,105.431383,8.317424,7.260940,6.372501
HeavyTruck_in,-0.002000,54.000000,7200.000000,107.809628,8.125151,7.093090,6.634315,107.390657,8.198919,7.157488,6.586581
HeavyTruck_in,-0.002000,55.000000,7200.000000,109.798529,8.010531,6.993029,6.853387,109.364096,8.081957,7.055382,6.805641
HeavyTruck_in,-0.002000,56.000000,7200.000000,111.786941,7.899127,6.895776,7.075905,111.321426,7.969714,6.957397,7.026972
HeavyTruck_in,-0.002000,57.000000,7200.000000,113.774829,7.784398,6.795619,7.307876,113.277645,7.853903,6.856296,7.257921
HeavyTruck_in,-0.002000,58.000000,7200.000000,115.762198,7.669210,6.695063,7.547205,115.232753,7.737445,6.754631,7.496411
HeavyTruck_in,-0.002000,59.000000,7200.000000,117.748998,7.541826,6.583859,7.806399,117.186749,7.608371,6.641952,7.755026
HeavyTruck_in,-0.002000,60.000000,7200.000000,119.735202,7.411237,6.469857,8.077950,119.139635,7.475883,6.526292,8.026233
HeavyTruck_in,-0.002000,61.000000,7200.000000,121.720762,7.283030,6.357936,8.356464,121.074467,7.346669,6.413491,8.303522
HeavyTruck_in,-0.002000,62.000000,7200.000000,123.705642,7.156473,6.247454,8.642919,123.024852,7.218000,6.301166,8.590092
HeavyTruck_in,-0.002000,63.000000,7200.000000,125.689841,7.022672,6.130649,8.948861,124.956629,7.082661,6.183018,8.895434
HeavyTruck_in,-0.002000,64.000000,7200.000000,127.673247,6.890969,6.015674,9.263810,126.886739,6.949259,6.066561,9.210104
HeavyTruck_in,-0.002000,65.000000,7200.000000,129.655857,6.761971,5.903062,9.587135,128.815182,6.818433,5.952352,9.533489
HeavyTruck_in,-0.002000,66.000000,7200.000000,131.637570,6.626344,5.784662,9.932896,130.741959,6.680642,5.832064,9.879815
HeavyTruck_in,-0.002000,67.000000,7200.000000,133.618308,6.483244,5.659739,10.304897,132.648460,6.535563,5.705412,10.252150
HeavyTruck_in,-0.002000,68.000000,7200.000000,135.597957,6.344708,5.538800,10.685910,134.552738,6.394897,5.582614,10.634046
HeavyTruck_in,-0.002000,69.000000,7200.000000,137.576335,6.210529,5.421664,11.076056,136.435630,6.258842,5.463840,11.024994
HeavyTruck_in,-0.002000,70.000000,7200.000000,139.553445,6.065556,5.295106,11.503764,138.315744,6.111482,5.335198,11.454464
HeavyTruck_in,-0.002000,71.000000,7200.000000,141.528704,5.922095,5.169867,11.949210,140.153640,5.965953,5.208155,11.901504
HeavyTruck_in,-0.002000,72.000000,7200.000000,143.502008,5.783423,5.048809,12.406322,141.947651,5.825366,5.085425,12.360405
HeavyTruck_in,-0.001000,10.000000,7200.000000,19.999052,7.752697,6.767946,1.289813,19.995483,7.761458,6.775593,1.288485
HeavyTruck_in,-0.001000,11.000000,7200.000000,21.998432,7.416310,6.474286,1.483112,21.991976,7.430140,6.486360,1.480533
HeavyTruck_in,-0.001000,12.000000,7200.000000,23.996670,8.106132,7.076487,1.480155,23.987913,8.130883,7.098094,1.475931
HeavyTruck_in,-0.001000,13.000000,7200.000000,25.995830,8.623859,7.528452,1.507204,25.986906,8.649845,7.551137,1.502995
HeavyTruck_in,-0.001000,14.000000,7200.000000,27.994955,8.671144,7.569731,1.614260,27.982010,8.706229,7.600359,1.608128
HeavyTruck_in,-0.001000,15.000000,7200.000000,29.993977,8.272975,7.222137,1.812769,29.980725,8.302519,7.247929,1.806774
HeavyTruck_in,-0.001000,16.000000,7200.000000,31.992999,8.750103,7.638660,1.828150,31.979440,8.781213,7.665819,1.822166
HeavyTruck_in,-0.001000,17.000000,7200.000000,33.991836,9.135612,7.975202,1.860403,33.973433,9.177303,8.011597,1.852492
HeavyTruck_in,-0.001000,18.000000,7200.000000,35.990581,9.375660,8.184759,1.919362,35.971870,9.417173,8.220998,1.911501
HeavyTruck_in,-0.001000,19.000000,7200.000000,37.989171,9.268988,8.091637,2.049262,37.965030,9.316103,8.132767,2.039585
HeavyTruck_in,-0.001000,20.000000,7200.000000,39.987641,9.164677,8.000575,2.181618,39.963190,9.208287,8.038646,2.172070
HeavyTruck_in,-0.001000,21.000000,7200.000000,41.986111,9.233625,8.060765,2.273544,41.961349,9.275751,8.097540,2.264085
HeavyTruck_in,-0.001000,22.000000,7200.000000,43.984340,9.535241,8.324070,2.306409,43.953398,9.586321,8.368661,2.295056
HeavyTruck_in,-0.001000,23.000000,7200.000000,45.982236,9.724112,8.488950,2.364341,45.944892,9.782729,8.540122,2.351205
HeavyTruck_in,-0.001000,24.000000,7200.000000,47.980149,9.893774,8.637062,2.424765,47.942496,9.951991,8.687884,2.411703
HeavyTruck_in,-0.001000,25.000000,7200.000000,49.977990,9.806361,8.560752,2.548243,49.933156,9.868461,8.614964,2.533455
HeavyTruck_in,-0.001000,26.000000,7200.000000,51.975625,9.715633,8.481548,2.674845,51.930482,9.774092,8.532582,2.660232
HeavyTruck_in,-0.001000,27.000000,7200.000000,53.973149,9.625217,8.402617,2.803737,53.920309,9.686788,8.456367,2.787447
HeavyTruck_in,-0.001000,28.000000,7200.000000,55.970506,9.534146,8.323114,2.935266,55.917357,9.592246,8.373834,2.919176
HeavyTruck_in,-0.001000,29.000000,7200.000000,57.967665,9.528806,8.318452,3.041707,57.906351,9.590649,8.372440,3.023936
HeavyTruck_in,-0.001000,30.000000,7200.000000,59.963957,9.655715,8.429241,3.105102,59.894789,9.721649,8.486800,3.086057
HeavyTruck_in,-0.001000,31.000000,7200.000000,61.960661,9.723074,8.488044,3.186269,61.882672,9.793353,8.549396,3.165577
HeavyTruck_in,-0.001000,32.000000,7200.000000,63.957199,9.777601,8.535645,3.270598,63.878887,9.846417,8.595720,3.250083
HeavyTruck_in,-0.001000,33.000000,7200.000000,65.953489,9.745349,8.507490,3.383844,65.865936,9.816733,8.569807,3.361782
HeavyTruck_in,-0.001000,34.000000,7200.000000,67.949586,9.658551,8.431716,3.517587,67.852430,9.731347,8.495266,3.494046
HeavyTruck_in,-0.001000,35.000000,7200.000000,69.945509,9.570171,8.354563,3.654350,69.838369,9.644055,8.419062,3.629368
HeavyTruck_in,-0.001000,36.000000,7200.000000,71.941212,9.476608,8.272884,3.795726,71.833750,9.546813,8.334172,3.771089
HeavyTruck_in,-0.001000,37.000000,7200.000000,73.936639,9.380394,8.188892,3.941020,73.818856,9.451305,8.250796,3.915008
HeavyTruck_in,-0.001000,38.000000,7200.000000,75.931807,9.281845,8.102860,4.090340,75.803405,9.353119,8.165081,4.063028
HeavyTruck_in,-0.001000,39.000000,7200.000000,77.926750,9.181528,8.015286,4.243670,77.787399,9.252937,8.077624,4.215098
HeavyTruck_in,-0.001000,40.000000,7200.000000,79.920389,9.001378,7.858018,4.439342,79.759728,9.073414,7.920904,4.408715
HeavyTruck_in,-0.001000,41.000000,7200.000000,81.914628,8.989755,7.847872,4.555999,81.742333,9.062975,7.911792,4.524137
HeavyTruck_in,-0.001000,42.000000,7200.000000,83.908585,8.965888,7.827036,4.679324,83.724383,9.039972,7.891710,4.646275
HeavyTruck_in,-0.001000,43.000000,7200.000000,85.902250,8.935835,7.800801,4.806616,85.705877,9.010572,7.866044,4.772422
HeavyTruck_in,-0.001000,44.000000,7200.000000,87.895613,8.882923,7.754610,4.947449,87.686816,8.957779,7.819957,4.912189
HeavyTruck_in,-0.001000,45.000000,7200.000000,89.888665,8.773762,7.659314,5.122584,89.667199,8.847539,7.723720,5.086427
HeavyTruck_in,-0.001000,46.000000,7200.000000,91.881396,8.664293,7.563750,5.302302,91.647027,8.736884,7.627121,5.265311
HeavyTruck_in,-0.001000,47.000000,7200.000000,93.873785,8.554401,7.467817,5.486871,93.613245,8.628098,7.532153,5.447604
HeavyTruck_in,-0.001000,48.000000,7200.000000,95.865787,8.444513,7.371887,5.676217,95.591684,8.516730,7.434930,5.636262
HeavyTruck_in,-0.001000,49.000000,7200.000000,97.857457,8.335012,7.276294,5.870265,97.569567,8.405665,7.337973,5.829708
HeavyTruck_in,-0.001000,50.000000,7200.000000,99.848712,8.225312,7.180529,6.069600,99.533007,8.296296,7.242496,6.027102
HeavyTruck_in,-0.001000,51.000000,7200.000000,101.837734,8.115850,7.084971,6.274003,101.495335,8.185249,7.145555,6.231048
HeavyTruck_in,-0.001000,52.000000,7200.000000,103.827767,8.007724,6.990579,6.482976,103.456555,8.076823,7.050901,6.438514
HeavyTruck_in,-0.001000,53.000000,7200.000000,105.817350,7.900246,6.896753,6.697092,105.416662,7.968901,6.956687,6.651205
HeavyTruck_in,-0.001000,54.000000,7200.000000,107.806488,7.791547,6.801860,6.918170,107.375658,7.859522,6.861201,6.871009
HeavyTruck_in,-0.001000,55.000000,7200.000000,109.795109,7.683982,6.707959,7.144415,109.348820,7.749775,6.765394,7.097355
HeavyTruck_in,-0.001000,56.000000,7200.000000,111.783204,7.578375,6.615766,7.375143,111.305872,7.643314,6.672456,7.327051
HeavyTruck_in,-0.001000,57.000000,7200.000000,113.770789,7.472051,6.522947,7.613090,113.261813,7.535954,6.578734,7.564139
HeavyTruck_in,-0.001000,58.000000,7200.000000,115.757814,7.365191,6.429661,7.858439,115.216643,7.427900,6.484404,7.808811
HeavyTruck_in,-0.001000,59.000000,7200.000000,117.744251,7.247454,6.326879,8.123146,117.170362,7.308605,6.380262,8.073103
HeavyTruck_in,-0.001000,60.000000,7200.000000,119.730032,7.127004,6.221729,8.399744,119.106304,7.187348,6.274408,8.348444
HeavyTruck_in,-0.001000,61.000000,7200.000000,121.715158,7.008391,6.118182,8.683530,121.057524,7.066857,6.169221,8.632301
HeavyTruck_in,-0.001000,62.000000,7200.000000,123.699593,6.890647,6.015393,8.975906,122.990411,6.947943,6.065412,8.923978
HeavyTruck_in,-0.001000,63.000000,7200.000000,125.683247,6.765389,5.906046,9.288693,124.921632,6.821171,5.954743,9.236441
HeavyTruck_in,-0.001000,64.000000,7200.000000,127.666112,6.642555,5.798814,9.609715,126.851186,6.696681,5.846065,9.557481
HeavyTruck_in,-0.001000,65.000000,7200.000000,129.648097,6.522084,5.693645,9.939162,128.779074,6.574449,5.739359,9.887286
HeavyTruck_in,-0.001000,66.000000,7200.000000,131.629125,6.395061,5.582757,10.291467,130.686964,6.445886,5.627126,10.239635
HeavyTruck_in,-0.001000,67.000000,7200.000000,133.609074,6.261098,5.465810,10.669780,132.592631,6.309945,5.508452,10.618726
HeavyTruck_in,-0.001000,68.000000,7200.000000,135.587828,6.130855,5.352111,11.057824,134.496077,6.177591,5.392911,11.008115
HeavyTruck_in,-0.001000,69.000000,7200.000000,137.565244,6.003981,5.241352,11.456170,136.358970,6.049164,5.280796,11.407147
HeavyTruck_in,-0.001000,70.000000,7200.000000,139.541130,5.866583,5.121406,11.892880,138.218531,5.909637,5.158991,11.845696
HeavyTruck_in,-0.001000,71.000000,7200.000000,141.514967,5.730869,5.002931,12.346729,140.035317,5.771974,5.038815,12.301479
HeavyTruck_in,-0.001000,72.000000,7200.000000,143.486252,5.599582,4.888320,12.812229,141.787665,5.638956,4.922693,12.769011
HeavyTruck_in,0.000000,10.000000,7200.000000,19.999052,7.351128,6.417384,1.360271,19.995483,7.358966,6.424227,1.358957
HeavyTruck_in,0.000000,11.000000,7200.000000,21.998425,7.009846,6.119451,1.569109,21.991976,7.022113,6.130161,1.566561
HeavyTruck_in,0.000000,12.000000,7200.000000,23.996669,7.649668,6.678004,1.568478,23.987913,7.671577,6.697129,1.564297
HeavyTruck_in,0.000000,13.000000,7200.000000,25.995830,8.130390,7.097664,1.598683,25.986906,8.153351,7.117708,1.594519
HeavyTruck_in,0.000000,14.000000,7200.000000,27.994949,8.167788,7.130312,1.713741,27.982010,8.198718,7.157313,1.707673
HeavyTruck_in,0.000000,15.000000,7200.000000,29.993972,7.842164,6.846048,1.912353,29.980725,7.868549,6.869082,1.906423
HeavyTruck_in,0.000000,16.000000,7200.000000,31.992994,8.289401,7.236477,1.929753,31.979440,8.317156,7.260706,1.923835
HeavyTruck_in,0.000000,17.000000,7200.000000,33.991818,8.638744,7.541446,1.967405,33.973433,8.675786,7.573783,1.959578
HeavyTruck_in,0.000000,18.000000,7200.000000,35.990564,8.854921,7.730164,2.032235,35.971870,8.891711,7.762282,2.024462
HeavyTruck_in,0.000000,19.000000,7200.000000,37.989136,8.758877,7.646320,2.168608,37.965030,8.800658,7.682794,2.159042
HeavyTruck_in,0.000000,20.000000,7200.000000,39.987607,8.665714,7.564991,2.307231,39.963190,8.704432,7.598791,2.297800
HeavyTruck_in,0.000000,21.000000,7200.000000,41.986077,8.713214,7.606457,2.409334,41.961349,8.750451,7.638964,2.400001
HeavyTruck_in,0.000000,22.000000,7200.000000,43.984284,8.997663,7.854776,2.444206,43.953398,9.042796,7.894175,2.433002
HeavyTruck_in,0.000000,23.000000,7200.000000,45.982153,9.176097,8.010544,2.505540,45.944892,9.227869,8.055740,2.492580
HeavyTruck_in,0.000000,24.000000,7200.000000,47.980066,9.337207,8.151190,2.569294,47.942496,9.388642,8.196092,2.556413
HeavyTruck_in,0.000000,25.000000,7200.000000,49.977878,9.270255,8.092743,2.695604,49.933156,9.325294,8.140790,2.681020
HeavyTruck_in,0.000000,26.000000,7200.000000,51.975513,9.199811,8.031246,2.824814,51.930482,9.251803,8.076634,2.810409
HeavyTruck_in,0.000000,27.000000,7200.000000,53.973004,9.129131,7.969544,2.956087,53.920309,9.184059,8.017495,2.940030
HeavyTruck_in,0.000000,28.000000,7200.000000,55.970361,9.056612,7.906237,3.090027,55.917357,9.108610,7.951629,3.074175
HeavyTruck_in,0.000000,29.000000,7200.000000,57.967486,9.016259,7.871009,3.214608,57.906351,9.071126,7.918907,3.197124
HeavyTruck_in,0.000000,30.000000,7200.000000,59.963722,9.139821,7.978877,3.280355,59.894789,9.198299,8.029926,3.261643
HeavyTruck_in,0.000000,31.000000,7200.000000,61.960392,9.207806,8.038226,3.364558,61.882672,9.270137,8.092639,3.344246
HeavyTruck_in,0.000000,32.000000,7200.000000,63.956893,9.263249,8.086626,3.452185,63.869999,9.329154,8.144160,3.430286
HeavyTruck_in,0.000000,33.000000,7200.000000,65.953153,9.244148,8.069952,3.567292,65.865936,9.307711,8.125441,3.545632
HeavyTruck_in,0.000000,34.000000,7200.000000,67.949213,9.174629,8.009263,3.703104,67.852430,9.239605,8.065985,3.680003
HeavyTruck_in,0.000000,35.000000,7200.000000,69.945057,9.100022,7.944133,3.843126,69.838369,9.166111,8.001827,3.818612
HeavyTruck_in,0.000000,36.000000,7200.000000,71.940705,9.018626,7.873076,3.988451,71.823751,9.085477,7.931435,3.962575
HeavyTruck_in,0.000000,37.000000,7200.000000,73.936115,8.933817,7.799038,4.137992,73.808579,9.001126,7.857798,4.110812
HeavyTruck_in,0.000000,38.000000,7200.000000,75.931260,8.846699,7.722987,4.291502,75.803405,8.910788,7.778935,4.264716
HeavyTruck_in,0.000000,39.000000,7200.000000,77.926135,8.756613,7.644344,4.449559,77.787399,8.820875,7.700442,4.421561
HeavyTruck_in,0.000000,40.000000,7200.000000,79.919554,8.663959,7.563459,4.612184,79.759728,8.729989,7.621101,4.582147
HeavyTruck_in,0.000000,41.000000,7200.000000,81.913706,8.548774,7.462905,4.790962,81.742333,8.614044,7.519883,4.759918
HeavyTruck_in,0.000000,42.000000,7200.000000,83.907572,8.532015,7.448274,4.917219,83.724383,8.598134,7.505995,4.885036
HeavyTruck_in,0.000000,43.000000,7200.000000,85.901144,8.509389,7.428522,5.047433,85.705877,8.576181,7.486830,5.014149
HeavyTruck_in,0.000000,44.000000,7200.000000,87.894412,8.464977,7.389751,5.191651,87.686816,8.531963,7.448229,5.157348
HeavyTruck_in,0.000000,45.000000,7200.000000,89.887355,8.368210,7.305276,5.370763,89.654700,8.436714,7.365078,5.334110
HeavyTruck_in,0.000000,46.000000,7200.000000,91.879931,8.271030,7.220440,5.554322,91.634250,8.338438,7.279285,5.516910
HeavyTruck_in,0.000000,47.000000,7200.000000,93.872170,8.173626,7.135408,5.742382,93.613245,8.239888,7.193253,5.704260
HeavyTruck_in,0.000000,48.000000,7200.000000,95.864085,8.075518,7.049761,5.935476,95.591684,8.140527,7.106513,5.896734
HeavyTruck_in,0.000000,49.000000,7200.000000,97.855562,7.976881,6.963654,6.133698,97.555957,8.042466,7.020908,6.092979
HeavyTruck_in,0.000000,50.000000,7200.000000,99.846647,7.878741,6.877979,6.336459,99.533007,7.942834,6.933931,6.295313
HeavyTruck_in,0.000000,51.000000,7200.000000,101.837317,7.779645,6.791471,6.545113,101.495337,7.843832,6.847504,6.502266
HeavyTruck_in,0.000000,52.000000,7200.000000,103.825542,7.679538,6.704079,6.759882,103.442112,7.743650,6.760047,6.715533
HeavyTruck_in,0.000000,53.000000,7200.000000,105.814953,7.579726,6.616945,6.980131,105.401941,7.643326,6.672467,6.934519
HeavyTruck_in,0.000000,54.000000,7200.000000,107.803850,7.479850,6.529756,7.206284,107.375658,7.541497,6.583572,7.160760
HeavyTruck_in,0.000000,55.000000,7200.000000,109.792238,7.380820,6.443304,7.437672,109.333544,7.441752,6.496497,7.391123
HeavyTruck_in,0.000000,56.000000,7200.000000,111.780078,7.282631,6.357587,7.674430,111.290318,7.342723,6.410047,7.627001
HeavyTruck_in,0.000000,57.000000,7200.000000,113.767384,7.183730,6.271249,7.918407,113.245981,7.242823,6.322836,7.870275
HeavyTruck_in,0.000000,58.000000,7200.000000,115.754106,7.084283,6.184434,8.169783,115.200533,7.142236,6.235025,8.121136
HeavyTruck_in,0.000000,59.000000,7200.000000,117.740183,6.974879,6.088926,8.440303,117.137587,7.032266,6.139024,8.390342
HeavyTruck_in,0.000000,60.000000,7200.000000,119.725606,6.862985,5.991245,8.722560,119.089639,6.918687,6.039872,8.672625
HeavyTruck_in,0.000000,61.000000,7200.000000,121.710347,6.752782,5.895040,9.011867,121.023638,6.807491,5.942800,8.961192
HeavyTruck_in,0.000000,62.000000,7200.000000,123.694307,6.643281,5.799448,9.309730,122.955970,6.696819,5.846186,9.258618
HeavyTruck_in,0.000000,63.000000,7200.000000,125.677491,6.526256,5.697288,9.628606,124.886635,6.578296,5.742718,9.577457
HeavyTruck_in,0.000000,64.000000,7200.000000,127.659794,6.411355,5.596982,9.955757,126.815634,6.461779,5.641001,9.904920
HeavyTruck_in,0.000000,65.000000,7200.000000,129.641165,6.298559,5.498513,10.291336,128.742966,6.347279,5.541044,10.241154
HeavyTruck_in,0.000000,66.000000,7200.000000,131.621482,6.179451,5.394534,10.649933,130.650300,6.226651,5.435739,10.600163
HeavyTruck_in,0.000000,67.000000,7200.000000,133.600612,6.053288,5.284396,11.035376,132.536803,6.098963,5.324270,10.986060
HeavyTruck_in,0.000000,68.000000,7200.000000,135.578498,5.930344,5.177069,11.430913,134.420528,5.974273,5.215418,11.382748
HeavyTruck_in,0.000000,69.000000,7200.000000,137.554796,5.810505,5.072451,11.836734,136.282310,5.852772,5.109350,11.789918
HeavyTruck_in,0.000000,70.000000,7200.000000,139.529289,5.680170,4.958672,12.282140,138.101874,5.720731,4.994081,12.236857
HeavyTruck_in,0.000000,71.000000,7200.000000,141.501440,5.551535,4.846376,12.744354,139.877553,5.590361,4.880270,12.701119
HeavyTruck_in,0.000000,72.000000,7200.000000,143.470279,5.424572,4.735540,13.224111,141.567684,5.461743,4.767989,13.183321
